[
  {
    "full_name": "RSSNext/Folo",
    "asof": "2025-09-01T00:00:00+00:00",
    "run_ts": "2025-10-02T22:46:50.915473+00:00",
    "comment_dump_index": {
      "repo_index": "mined/comments_365d/shard_18/RSSNext__Folo/index.json",
      "shard_manifest": "mined/comments_365d/shard_18.comments.index.json",
      "counts": {
        "issue": 3317,
        "review": 317,
        "total": 3634
      },
      "pr_count_dumped": 1300
    },
    "readme_words": 1495,
    "docs_md_count": 0,
    "has_contributing": true,
    "has_coc": true,
    "has_issue_template": false,
    "has_pr_template": true,
    "has_codeowners": false,
    "has_maintainers": false,
    "has_governance": false,
    "has_workflows": true,
    "workflows_count": 14,
    "discussions_enabled": false,
    "onboarding_surfaces_count": 4,
    "pr_merge_rate_90": null,
    "denom_prs_90": 0,
    "censor_days": 7,
    "maintainer_first_reply_median_hrs_365": 3.1230555555555557,
    "pr_with_human_maint_comment_rate_365": 0.185,
    "maintainer_to_author_comment_ratio_365": 1.479,
    "links_per_comment_365": 0.243,
    "denom_prs_comment_window_365": 1292,
    "count_prs_with_maint_comment_365": 239,
    "count_maintainer_comments_365": 451,
    "count_author_comments_365": 305,
    "count_human_comments_365": 803,
    "count_links_365": 195,
    "convo_readability_feats": {
      "n_words": 16084,
      "n_sents": 1481,
      "flesch_reading_ease": 55.73,
      "avg_sentence_len": 10.86,
      "code_block_count": 116,
      "heading_count": 22,
      "passive_hits": 135
    },
    "convo_broken_link_ratio_365": 0.8,
    "R_convo_rule_365": 3.3,
    "newcomers_strict_window": 147,
    "total_prs_in_window": 1262,
    "conversion_1m": 0.368,
    "denom_conv_1m": 144,
    "conversion_3m": 0.426,
    "denom_conv_3m": 136,
    "conversion_6m": 0.438,
    "denom_conv_6m": 121,
    "additional_prs_1m": {
      "sum": 190,
      "avg": 1.319,
      "median": 0.0
    },
    "additional_prs_3m": {
      "sum": 258,
      "avg": 1.897,
      "median": 0.0
    },
    "additional_prs_6m": {
      "sum": 332,
      "avg": 2.744,
      "median": 0.0
    },
    "retention_1m": 0.111,
    "denom_ret_1m": 144,
    "retention_3m": 0.059,
    "denom_ret_3m": 136,
    "retention_6m": 0.033,
    "denom_ret_6m": 121,
    "newcomer_became_merger_ever_rate": null,
    "newcomer_became_merger_ever_count": 0,
    "denom_newcomer_became_merger_ever": 0
  },
  {
    "full_name": "minio/minio",
    "asof": "2025-09-01T00:00:00+00:00",
    "run_ts": "2025-10-02T22:46:50.915473+00:00",
    "comment_dump_index": {
      "repo_index": "mined/comments_365d/shard_18/minio__minio/index.json",
      "shard_manifest": "mined/comments_365d/shard_18.comments.index.json",
      "counts": {
        "issue": 454,
        "review": 429,
        "total": 883
      },
      "pr_count_dumped": 377
    },
    "readme_words": 2745,
    "docs_md_count": 2,
    "has_contributing": true,
    "has_coc": false,
    "has_issue_template": true,
    "has_pr_template": true,
    "has_codeowners": false,
    "has_maintainers": false,
    "has_governance": false,
    "has_workflows": true,
    "workflows_count": 20,
    "discussions_enabled": true,
    "onboarding_surfaces_count": 5,
    "pr_merge_rate_90": null,
    "denom_prs_90": 0,
    "censor_days": 7,
    "maintainer_first_reply_median_hrs_365": 4.7,
    "pr_with_human_maint_comment_rate_365": 0.354,
    "maintainer_to_author_comment_ratio_365": 1.467,
    "links_per_comment_365": 0.207,
    "denom_prs_comment_window_365": 347,
    "count_prs_with_maint_comment_365": 123,
    "count_maintainer_comments_365": 314,
    "count_author_comments_365": 214,
    "count_human_comments_365": 570,
    "count_links_365": 118,
    "convo_readability_feats": {
      "n_words": 18341,
      "n_sents": 1797,
      "flesch_reading_ease": 61.21,
      "avg_sentence_len": 10.21,
      "code_block_count": 125,
      "heading_count": 11,
      "passive_hits": 132
    },
    "convo_broken_link_ratio_365": 0.25,
    "R_convo_rule_365": 4.3,
    "newcomers_strict_window": 61,
    "total_prs_in_window": 327,
    "conversion_1m": 0.154,
    "denom_conv_1m": 52,
    "conversion_3m": 0.171,
    "denom_conv_3m": 41,
    "conversion_6m": 0.28,
    "denom_conv_6m": 25,
    "additional_prs_1m": {
      "sum": 16,
      "avg": 0.308,
      "median": 0.0
    },
    "additional_prs_3m": {
      "sum": 11,
      "avg": 0.268,
      "median": 0.0
    },
    "additional_prs_6m": {
      "sum": 8,
      "avg": 0.32,
      "median": 0.0
    },
    "retention_1m": 0.038,
    "denom_ret_1m": 52,
    "retention_3m": 0.024,
    "denom_ret_3m": 41,
    "retention_6m": 0.0,
    "denom_ret_6m": 25,
    "newcomer_became_merger_ever_rate": null,
    "newcomer_became_merger_ever_count": 0,
    "denom_newcomer_became_merger_ever": 0
  },
  {
    "full_name": "ghostty-org/ghostty",
    "asof": "2025-09-01T00:00:00+00:00",
    "run_ts": "2025-10-02T22:46:50.915473+00:00",
    "comment_dump_index": {
      "repo_index": "mined/comments_365d/shard_18/ghostty-org__ghostty/index.json",
      "shard_manifest": "mined/comments_365d/shard_18.comments.index.json",
      "counts": {
        "issue": 3604,
        "review": 3332,
        "total": 6936
      },
      "pr_count_dumped": 1923
    },
    "readme_words": 1265,
    "docs_md_count": 0,
    "has_contributing": true,
    "has_coc": false,
    "has_issue_template": false,
    "has_pr_template": false,
    "has_codeowners": false,
    "has_maintainers": false,
    "has_governance": false,
    "has_workflows": true,
    "workflows_count": 9,
    "discussions_enabled": true,
    "onboarding_surfaces_count": 2,
    "pr_merge_rate_90": null,
    "denom_prs_90": 0,
    "censor_days": 7,
    "maintainer_first_reply_median_hrs_365": 3.1675,
    "pr_with_human_maint_comment_rate_365": 0.497,
    "maintainer_to_author_comment_ratio_365": 1.303,
    "links_per_comment_365": 0.16,
    "denom_prs_comment_window_365": 1882,
    "count_prs_with_maint_comment_365": 935,
    "count_maintainer_comments_365": 3336,
    "count_author_comments_365": 2560,
    "count_human_comments_365": 6661,
    "count_links_365": 1065,
    "convo_readability_feats": {
      "n_words": 19734,
      "n_sents": 1535,
      "flesch_reading_ease": 66.81,
      "avg_sentence_len": 12.86,
      "code_block_count": 111,
      "heading_count": 10,
      "passive_hits": 114
    },
    "convo_broken_link_ratio_365": 0.4,
    "R_convo_rule_365": 4.3,
    "newcomers_strict_window": 352,
    "total_prs_in_window": 1692,
    "conversion_1m": 0.213,
    "denom_conv_1m": 329,
    "conversion_3m": 0.284,
    "denom_conv_3m": 296,
    "conversion_6m": 0.322,
    "denom_conv_6m": 242,
    "additional_prs_1m": {
      "sum": 150,
      "avg": 0.456,
      "median": 0.0
    },
    "additional_prs_3m": {
      "sum": 219,
      "avg": 0.74,
      "median": 0.0
    },
    "additional_prs_6m": {
      "sum": 274,
      "avg": 1.132,
      "median": 0.0
    },
    "retention_1m": 0.112,
    "denom_ret_1m": 329,
    "retention_3m": 0.074,
    "denom_ret_3m": 296,
    "retention_6m": 0.045,
    "denom_ret_6m": 242,
    "newcomer_became_merger_ever_rate": 1.0,
    "newcomer_became_merger_ever_count": 3,
    "denom_newcomer_became_merger_ever": 3
  },
  {
    "full_name": "tinygrad/tinygrad",
    "asof": "2025-09-01T00:00:00+00:00",
    "run_ts": "2025-10-02T22:46:50.915473+00:00",
    "comment_dump_index": {
      "repo_index": "mined/comments_365d/shard_18/tinygrad__tinygrad/index.json",
      "shard_manifest": "mined/comments_365d/shard_18.comments.index.json",
      "counts": {
        "issue": 6848,
        "review": 1421,
        "total": 8269
      },
      "pr_count_dumped": 4564
    },
    "readme_words": 1350,
    "docs_md_count": 9,
    "has_contributing": false,
    "has_coc": false,
    "has_issue_template": false,
    "has_pr_template": false,
    "has_codeowners": false,
    "has_maintainers": false,
    "has_governance": false,
    "has_workflows": true,
    "workflows_count": 8,
    "discussions_enabled": true,
    "onboarding_surfaces_count": 2,
    "pr_merge_rate_90": null,
    "denom_prs_90": 0,
    "censor_days": 7,
    "maintainer_first_reply_median_hrs_365": 4.075555555555556,
    "pr_with_human_maint_comment_rate_365": 0.188,
    "maintainer_to_author_comment_ratio_365": 0.93,
    "links_per_comment_365": 0.204,
    "denom_prs_comment_window_365": 5806,
    "count_prs_with_maint_comment_365": 1091,
    "count_maintainer_comments_365": 2430,
    "count_author_comments_365": 2613,
    "count_human_comments_365": 5225,
    "count_links_365": 1067,
    "convo_readability_feats": {
      "n_words": 18574,
      "n_sents": 1739,
      "flesch_reading_ease": 72.02,
      "avg_sentence_len": 10.68,
      "code_block_count": 132,
      "heading_count": 1,
      "passive_hits": 70
    },
    "convo_broken_link_ratio_365": 0.7,
    "R_convo_rule_365": 4.3,
    "newcomers_strict_window": 302,
    "total_prs_in_window": 5313,
    "conversion_1m": 0.337,
    "denom_conv_1m": 282,
    "conversion_3m": 0.363,
    "denom_conv_3m": 237,
    "conversion_6m": 0.441,
    "denom_conv_6m": 161,
    "additional_prs_1m": {
      "sum": 211,
      "avg": 0.748,
      "median": 0.0
    },
    "additional_prs_3m": {
      "sum": 304,
      "avg": 1.283,
      "median": 0.0
    },
    "additional_prs_6m": {
      "sum": 353,
      "avg": 2.193,
      "median": 0.0
    },
    "retention_1m": 0.06,
    "denom_ret_1m": 282,
    "retention_3m": 0.042,
    "denom_ret_3m": 237,
    "retention_6m": 0.037,
    "denom_ret_6m": 161,
    "newcomer_became_merger_ever_rate": null,
    "newcomer_became_merger_ever_count": 0,
    "denom_newcomer_became_merger_ever": 0
  },
  {
    "full_name": "TheAlgorithms/C-Plus-Plus",
    "asof": "2025-09-01T00:00:00+00:00",
    "run_ts": "2025-10-02T22:46:50.915473+00:00",
    "comment_dump_index": {
      "repo_index": "mined/comments_365d/shard_18/TheAlgorithms__C-Plus-Plus/index.json",
      "shard_manifest": "mined/comments_365d/shard_18.comments.index.json",
      "counts": {
        "issue": 514,
        "review": 855,
        "total": 1369
      },
      "pr_count_dumped": 278
    },
    "readme_words": 742,
    "docs_md_count": 0,
    "has_contributing": true,
    "has_coc": true,
    "has_issue_template": false,
    "has_pr_template": false,
    "has_codeowners": true,
    "has_maintainers": false,
    "has_governance": false,
    "has_workflows": true,
    "workflows_count": 6,
    "discussions_enabled": true,
    "onboarding_surfaces_count": 4,
    "pr_merge_rate_90": null,
    "denom_prs_90": 0,
    "censor_days": 7,
    "maintainer_first_reply_median_hrs_365": 16.139444444444443,
    "pr_with_human_maint_comment_rate_365": 0.402,
    "maintainer_to_author_comment_ratio_365": 2.32,
    "links_per_comment_365": 0.063,
    "denom_prs_comment_window_365": 266,
    "count_prs_with_maint_comment_365": 107,
    "count_maintainer_comments_365": 638,
    "count_author_comments_365": 275,
    "count_human_comments_365": 923,
    "count_links_365": 58,
    "convo_readability_feats": {
      "n_words": 12821,
      "n_sents": 793,
      "flesch_reading_ease": 54.61,
      "avg_sentence_len": 16.17,
      "code_block_count": 391,
      "heading_count": 0,
      "passive_hits": 135
    },
    "convo_broken_link_ratio_365": 0.5,
    "R_convo_rule_365": 3.3,
    "newcomers_strict_window": 138,
    "total_prs_in_window": 236,
    "conversion_1m": 0.216,
    "denom_conv_1m": 134,
    "conversion_3m": 0.252,
    "denom_conv_3m": 115,
    "conversion_6m": 0.26,
    "denom_conv_6m": 100,
    "additional_prs_1m": {
      "sum": 48,
      "avg": 0.358,
      "median": 0.0
    },
    "additional_prs_3m": {
      "sum": 48,
      "avg": 0.417,
      "median": 0.0
    },
    "additional_prs_6m": {
      "sum": 46,
      "avg": 0.46,
      "median": 0.0
    },
    "retention_1m": 0.015,
    "denom_ret_1m": 134,
    "retention_3m": 0.009,
    "denom_ret_3m": 115,
    "retention_6m": 0.01,
    "denom_ret_6m": 100,
    "newcomer_became_merger_ever_rate": null,
    "newcomer_became_merger_ever_count": 0,
    "denom_newcomer_became_merger_ever": 0
  }
]