[
  {
    "full_name": "Ebazhanov/linkedin-skill-assessments-quizzes",
    "language": null,
    "owner_type": "User",
    "stars": 28649,
    "pushed_at": "2025-05-22T16:17:12+00:00",
    "latest_release_at": "2021-02-02T20:59:55+00:00",
    "bot_like_contribs": 1,
    "human_contribs": 59,
    "R": 3.5,
    "A": 2.5,
    "C": 3.5,
    "score": 3.2,
    "readability_feats": {
      "n_words": 99261,
      "n_sents": 13717,
      "flesch_reading_ease": 59.57,
      "avg_sentence_len": 7.24,
      "code_block_count": 2083,
      "heading_count": 27,
      "passive_hits": 16
    },
    "completeness_sections": {
      "overview": true,
      "install": false,
      "quickstart": false,
      "dev_setup": false,
      "testing": false,
      "contrib": true,
      "coc": true,
      "troubleshooting": true,
      "release": true
    },
    "broken_link_ratio": 0.5,
    "rationale": {
      "readability": "Flesch=59.57 ASL=7.24 code_blocks=2083",
      "actuality": "broken_link_ratio=0.5, months_since_push=3.32",
      "completeness": "sections_present=['coc', 'contrib', 'overview', 'release', 'troubleshooting']"
    },
    "run_ts": "2025-10-02T20:51:00.338228+00:00"
  },
  {
    "full_name": "aosabook/500lines",
    "language": "JavaScript",
    "owner_type": "User",
    "stars": 29537,
    "pushed_at": "2023-08-19T11:18:34+00:00",
    "latest_release_at": null,
    "bot_like_contribs": 0,
    "human_contribs": 56,
    "R": 4.5,
    "A": 2.5,
    "C": 1.5,
    "score": 3.0,
    "readability_feats": {
      "n_words": 1685,
      "n_sents": 99,
      "flesch_reading_ease": 67.6,
      "avg_sentence_len": 17.02,
      "code_block_count": 286,
      "heading_count": 0,
      "passive_hits": 2
    },
    "completeness_sections": {
      "overview": false,
      "install": false,
      "quickstart": false,
      "dev_setup": false,
      "testing": false,
      "contrib": false,
      "coc": false,
      "troubleshooting": false,
      "release": false
    },
    "broken_link_ratio": 0.85,
    "rationale": {
      "readability": "Flesch=67.6 ASL=17.02 code_blocks=286",
      "actuality": "broken_link_ratio=0.85, months_since_push=24.41",
      "completeness": "sections_present=[]"
    },
    "run_ts": "2025-10-02T20:51:00.338228+00:00"
  },
  {
    "full_name": "StevenBlack/hosts",
    "language": "Python",
    "owner_type": "User",
    "stars": 28954,
    "pushed_at": "2025-10-02T19:55:49+00:00",
    "latest_release_at": "2025-09-27T16:44:15+00:00",
    "bot_like_contribs": 1,
    "human_contribs": 59,
    "R": 3.0,
    "A": 3.5,
    "C": 1.5,
    "score": 2.7,
    "readability_feats": {
      "flesch_reading_ease": 0,
      "avg_sentence_len": 0,
      "code_block_count": 0,
      "heading_count": 0,
      "passive_hits": 0,
      "n_words": 0,
      "n_sents": 1
    },
    "completeness_sections": {},
    "broken_link_ratio": 1.0,
    "rationale": {
      "readability": "Flesch=0 ASL=0 code_blocks=0",
      "actuality": "broken_link_ratio=1.0, months_since_push=-1.05",
      "completeness": "sections_present=[]"
    },
    "run_ts": "2025-10-02T20:51:00.338228+00:00"
  },
  {
    "full_name": "psf/black",
    "language": "Python",
    "owner_type": "Org",
    "stars": 40995,
    "pushed_at": "2025-09-29T07:12:46+00:00",
    "latest_release_at": "2025-09-18T23:39:02+00:00",
    "bot_like_contribs": 2,
    "human_contribs": 58,
    "R": 4.5,
    "A": 3.5,
    "C": 4.7,
    "score": 4.26,
    "readability_feats": {
      "n_words": 3340,
      "n_sents": 406,
      "flesch_reading_ease": 60.47,
      "avg_sentence_len": 8.23,
      "code_block_count": 24,
      "heading_count": 42,
      "passive_hits": 30
    },
    "completeness_sections": {
      "overview": true,
      "install": true,
      "quickstart": true,
      "dev_setup": false,
      "testing": true,
      "contrib": true,
      "coc": true,
      "troubleshooting": true,
      "release": true
    },
    "broken_link_ratio": 0.45,
    "rationale": {
      "readability": "Flesch=60.47 ASL=8.23 code_blocks=24",
      "actuality": "broken_link_ratio=0.45, months_since_push=-0.95",
      "completeness": "sections_present=['coc', 'contrib', 'install', 'overview', 'quickstart', 'release', 'testing', 'troubleshooting']"
    },
    "run_ts": "2025-10-02T20:51:00.338228+00:00"
  },
  {
    "full_name": "agno-agi/agno",
    "language": "Python",
    "owner_type": "Org",
    "stars": 34053,
    "pushed_at": "2025-10-02T20:35:28+00:00",
    "latest_release_at": "2025-10-01T11:30:50+00:00",
    "bot_like_contribs": 0,
    "human_contribs": 60,
    "R": 3.5,
    "A": 3.5,
    "C": 5.0,
    "score": 3.95,
    "readability_feats": {
      "n_words": 2939,
      "n_sents": 335,
      "flesch_reading_ease": 48.65,
      "avg_sentence_len": 8.77,
      "code_block_count": 16,
      "heading_count": 39,
      "passive_hits": 14
    },
    "completeness_sections": {
      "overview": true,
      "install": true,
      "quickstart": true,
      "dev_setup": true,
      "testing": true,
      "contrib": true,
      "coc": true,
      "troubleshooting": true,
      "release": true
    },
    "broken_link_ratio": 0.55,
    "rationale": {
      "readability": "Flesch=48.65 ASL=8.77 code_blocks=16",
      "actuality": "broken_link_ratio=0.55, months_since_push=-1.05",
      "completeness": "sections_present=['coc', 'contrib', 'dev_setup', 'install', 'overview', 'quickstart', 'release', 'testing', 'troubleshooting']"
    },
    "run_ts": "2025-10-02T20:51:00.338228+00:00"
  }
]