[
  {
    "full_name": "linkchecker/linkchecker",
    "asof": "2025-09-01T00:00:00+00:00",
    "run_ts": "2025-10-02T15:20:30.657352+00:00",
    "comment_dump_index": {
      "repo_index": "mined/comments_365d/shard_12/linkchecker__linkchecker/index.json",
      "shard_manifest": "mined/comments_365d/shard_12.comments.index.json",
      "counts": {
        "issue": 16,
        "review": 0,
        "total": 16
      },
      "pr_count_dumped": 37
    },
    "readme_words": 346,
    "docs_md_count": 0,
    "has_contributing": false,
    "has_coc": false,
    "has_issue_template": true,
    "has_pr_template": false,
    "has_codeowners": false,
    "has_maintainers": false,
    "has_governance": false,
    "has_workflows": true,
    "workflows_count": 5,
    "discussions_enabled": true,
    "onboarding_surfaces_count": 2,
    "pr_merge_rate_90": null,
    "denom_prs_90": 0,
    "censor_days": 7,
    "maintainer_first_reply_median_hrs_365": 54.44972222222222,
    "pr_with_human_maint_comment_rate_365": 0.094,
    "maintainer_to_author_comment_ratio_365": 1.8,
    "links_per_comment_365": 1.667,
    "denom_prs_comment_window_365": 32,
    "count_prs_with_maint_comment_365": 3,
    "count_maintainer_comments_365": 9,
    "count_author_comments_365": 5,
    "count_human_comments_365": 15,
    "count_links_365": 25,
    "convo_readability_feats": {
      "n_words": 975,
      "n_sents": 110,
      "flesch_reading_ease": 59.01,
      "avg_sentence_len": 8.86,
      "code_block_count": 9,
      "heading_count": 0,
      "passive_hits": 2
    },
    "convo_broken_link_ratio_365": 0.45,
    "R_convo_rule_365": 3.3,
    "newcomers_strict_window": 8,
    "total_prs_in_window": 25,
    "conversion_1m": 0.143,
    "denom_conv_1m": 7,
    "conversion_3m": 0.143,
    "denom_conv_3m": 7,
    "conversion_6m": 0.333,
    "denom_conv_6m": 6,
    "additional_prs_1m": {
      "sum": 1,
      "avg": 0.143,
      "median": 0.0
    },
    "additional_prs_3m": {
      "sum": 1,
      "avg": 0.143,
      "median": 0.0
    },
    "additional_prs_6m": {
      "sum": 2,
      "avg": 0.333,
      "median": 0.0
    },
    "retention_1m": 0.0,
    "denom_ret_1m": 7,
    "retention_3m": 0.0,
    "denom_ret_3m": 7,
    "retention_6m": 0.0,
    "denom_ret_6m": 6,
    "newcomer_became_merger_ever_rate": null,
    "newcomer_became_merger_ever_count": 0,
    "denom_newcomer_became_merger_ever": 0
  },
  {
    "full_name": "simpleai-team/simpleai",
    "asof": "2025-09-01T00:00:00+00:00",
    "run_ts": "2025-10-02T15:20:30.657352+00:00",
    "comment_dump_index": {
      "repo_index": "mined/comments_365d/shard_12/simpleai-team__simpleai/index.json",
      "shard_manifest": "mined/comments_365d/shard_12.comments.index.json",
      "counts": {
        "issue": 1,
        "review": 0,
        "total": 1
      },
      "pr_count_dumped": 1
    },
    "readme_words": 509,
    "docs_md_count": 0,
    "has_contributing": false,
    "has_coc": false,
    "has_issue_template": false,
    "has_pr_template": false,
    "has_codeowners": false,
    "has_maintainers": false,
    "has_governance": false,
    "has_workflows": false,
    "workflows_count": 0,
    "discussions_enabled": false,
    "onboarding_surfaces_count": 1,
    "pr_merge_rate_90": null,
    "denom_prs_90": 0,
    "censor_days": 7,
    "maintainer_first_reply_median_hrs_365": 0.24972222222222223,
    "pr_with_human_maint_comment_rate_365": 1.0,
    "maintainer_to_author_comment_ratio_365": 1.0,
    "links_per_comment_365": 0.0,
    "denom_prs_comment_window_365": 1,
    "count_prs_with_maint_comment_365": 1,
    "count_maintainer_comments_365": 1,
    "count_author_comments_365": 0,
    "count_human_comments_365": 1,
    "count_links_365": 0,
    "convo_readability_feats": {
      "n_words": 75,
      "n_sents": 4,
      "flesch_reading_ease": 58.08,
      "avg_sentence_len": 18.75,
      "code_block_count": 0,
      "heading_count": 0,
      "passive_hits": 0
    },
    "convo_broken_link_ratio_365": 0.0,
    "R_convo_rule_365": 2.5,
    "newcomers_strict_window": 0,
    "total_prs_in_window": 0,
    "conversion_1m": null,
    "denom_conv_1m": 0,
    "conversion_3m": null,
    "denom_conv_3m": 0,
    "conversion_6m": null,
    "denom_conv_6m": 0,
    "additional_prs_1m": {
      "sum": 0,
      "avg": null,
      "median": null
    },
    "additional_prs_3m": {
      "sum": 0,
      "avg": null,
      "median": null
    },
    "additional_prs_6m": {
      "sum": 0,
      "avg": null,
      "median": null
    },
    "retention_1m": null,
    "denom_ret_1m": 0,
    "retention_3m": null,
    "denom_ret_3m": 0,
    "retention_6m": null,
    "denom_ret_6m": 0,
    "newcomer_became_merger_ever_rate": null,
    "newcomer_became_merger_ever_count": 0,
    "denom_newcomer_became_merger_ever": 0
  },
  {
    "full_name": "bitcoindevkit/bdk",
    "asof": "2025-09-01T00:00:00+00:00",
    "run_ts": "2025-10-02T15:20:30.657352+00:00",
    "comment_dump_index": {
      "repo_index": "mined/comments_365d/shard_12/bitcoindevkit__bdk/index.json",
      "shard_manifest": "mined/comments_365d/shard_12.comments.index.json",
      "counts": {
        "issue": 1483,
        "review": 1844,
        "total": 3327
      },
      "pr_count_dumped": 447
    },
    "readme_words": 834,
    "docs_md_count": 0,
    "has_contributing": true,
    "has_coc": false,
    "has_issue_template": true,
    "has_pr_template": false,
    "has_codeowners": false,
    "has_maintainers": false,
    "has_governance": false,
    "has_workflows": true,
    "workflows_count": 5,
    "discussions_enabled": true,
    "onboarding_surfaces_count": 3,
    "pr_merge_rate_90": null,
    "denom_prs_90": 0,
    "censor_days": 7,
    "maintainer_first_reply_median_hrs_365": 34.31333333333333,
    "pr_with_human_maint_comment_rate_365": 0.705,
    "maintainer_to_author_comment_ratio_365": 1.551,
    "links_per_comment_365": 0.133,
    "denom_prs_comment_window_365": 285,
    "count_prs_with_maint_comment_365": 201,
    "count_maintainer_comments_365": 954,
    "count_author_comments_365": 615,
    "count_human_comments_365": 1647,
    "count_links_365": 219,
    "convo_readability_feats": {
      "n_words": 18048,
      "n_sents": 1725,
      "flesch_reading_ease": 65.86,
      "avg_sentence_len": 10.46,
      "code_block_count": 387,
      "heading_count": 9,
      "passive_hits": 116
    },
    "convo_broken_link_ratio_365": 0.65,
    "R_convo_rule_365": 4.3,
    "newcomers_strict_window": 44,
    "total_prs_in_window": 259,
    "conversion_1m": 0.209,
    "denom_conv_1m": 43,
    "conversion_3m": 0.282,
    "denom_conv_3m": 39,
    "conversion_6m": 0.346,
    "denom_conv_6m": 26,
    "additional_prs_1m": {
      "sum": 13,
      "avg": 0.302,
      "median": 0.0
    },
    "additional_prs_3m": {
      "sum": 18,
      "avg": 0.462,
      "median": 0.0
    },
    "additional_prs_6m": {
      "sum": 24,
      "avg": 0.923,
      "median": 0.0
    },
    "retention_1m": 0.07,
    "denom_ret_1m": 43,
    "retention_3m": 0.051,
    "denom_ret_3m": 39,
    "retention_6m": 0.038,
    "denom_ret_6m": 26,
    "newcomer_became_merger_ever_rate": null,
    "newcomer_became_merger_ever_count": 0,
    "denom_newcomer_became_merger_ever": 0
  },
  {
    "full_name": "reactiveui/splat",
    "asof": "2025-09-01T00:00:00+00:00",
    "run_ts": "2025-10-02T15:20:30.657352+00:00",
    "comment_dump_index": {
      "repo_index": "mined/comments_365d/shard_12/reactiveui__splat/index.json",
      "shard_manifest": "mined/comments_365d/shard_12.comments.index.json",
      "counts": {
        "issue": 282,
        "review": 17,
        "total": 299
      },
      "pr_count_dumped": 234
    },
    "readme_words": 3150,
    "docs_md_count": 0,
    "has_contributing": true,
    "has_coc": true,
    "has_issue_template": true,
    "has_pr_template": false,
    "has_codeowners": true,
    "has_maintainers": false,
    "has_governance": false,
    "has_workflows": true,
    "workflows_count": 3,
    "discussions_enabled": true,
    "onboarding_surfaces_count": 5,
    "pr_merge_rate_90": null,
    "denom_prs_90": 0,
    "censor_days": 7,
    "maintainer_first_reply_median_hrs_365": 0.5594444444444444,
    "pr_with_human_maint_comment_rate_365": 0.059,
    "maintainer_to_author_comment_ratio_365": 3.143,
    "links_per_comment_365": 0.276,
    "denom_prs_comment_window_365": 221,
    "count_prs_with_maint_comment_365": 13,
    "count_maintainer_comments_365": 22,
    "count_author_comments_365": 7,
    "count_human_comments_365": 29,
    "count_links_365": 8,
    "convo_readability_feats": {
      "n_words": 1503,
      "n_sents": 203,
      "flesch_reading_ease": 53.42,
      "avg_sentence_len": 7.4,
      "code_block_count": 13,
      "heading_count": 0,
      "passive_hits": 7
    },
    "convo_broken_link_ratio_365": 0.75,
    "R_convo_rule_365": 3.3,
    "newcomers_strict_window": 1,
    "total_prs_in_window": 204,
    "conversion_1m": 1.0,
    "denom_conv_1m": 1,
    "conversion_3m": 1.0,
    "denom_conv_3m": 1,
    "conversion_6m": 1.0,
    "denom_conv_6m": 1,
    "additional_prs_1m": {
      "sum": 1,
      "avg": 1.0,
      "median": 1.0
    },
    "additional_prs_3m": {
      "sum": 1,
      "avg": 1.0,
      "median": 1.0
    },
    "additional_prs_6m": {
      "sum": 1,
      "avg": 1.0,
      "median": 1.0
    },
    "retention_1m": 0.0,
    "denom_ret_1m": 1,
    "retention_3m": 0.0,
    "denom_ret_3m": 1,
    "retention_6m": 0.0,
    "denom_ret_6m": 1,
    "newcomer_became_merger_ever_rate": null,
    "newcomer_became_merger_ever_count": 0,
    "denom_newcomer_became_merger_ever": 0
  },
  {
    "full_name": "Azure/AzurePublicDataset",
    "asof": "2025-09-01T00:00:00+00:00",
    "run_ts": "2025-10-02T15:20:30.657352+00:00",
    "comment_dump_index": {
      "repo_index": "mined/comments_365d/shard_12/Azure__AzurePublicDataset/index.json",
      "shard_manifest": "mined/comments_365d/shard_12.comments.index.json",
      "counts": {
        "issue": 4,
        "review": 13,
        "total": 17
      },
      "pr_count_dumped": 7
    },
    "readme_words": 1177,
    "docs_md_count": 0,
    "has_contributing": false,
    "has_coc": false,
    "has_issue_template": false,
    "has_pr_template": false,
    "has_codeowners": false,
    "has_maintainers": false,
    "has_governance": false,
    "has_workflows": false,
    "workflows_count": 0,
    "discussions_enabled": false,
    "onboarding_surfaces_count": 1,
    "pr_merge_rate_90": null,
    "denom_prs_90": 0,
    "censor_days": 7,
    "maintainer_first_reply_median_hrs_365": 72.5475,
    "pr_with_human_maint_comment_rate_365": 0.143,
    "maintainer_to_author_comment_ratio_365": 1.833,
    "links_per_comment_365": 0.0,
    "denom_prs_comment_window_365": 7,
    "count_prs_with_maint_comment_365": 1,
    "count_maintainer_comments_365": 11,
    "count_author_comments_365": 6,
    "count_human_comments_365": 17,
    "count_links_365": 0,
    "convo_readability_feats": {
      "n_words": 333,
      "n_sents": 16,
      "flesch_reading_ease": 46.49,
      "avg_sentence_len": 20.81,
      "code_block_count": 4,
      "heading_count": 1,
      "passive_hits": 0
    },
    "convo_broken_link_ratio_365": 0.0,
    "R_convo_rule_365": 2.8,
    "newcomers_strict_window": 3,
    "total_prs_in_window": 4,
    "conversion_1m": 0.333,
    "denom_conv_1m": 3,
    "conversion_3m": 0.333,
    "denom_conv_3m": 3,
    "conversion_6m": 0.333,
    "denom_conv_6m": 3,
    "additional_prs_1m": {
      "sum": 1,
      "avg": 0.333,
      "median": 0.0
    },
    "additional_prs_3m": {
      "sum": 1,
      "avg": 0.333,
      "median": 0.0
    },
    "additional_prs_6m": {
      "sum": 1,
      "avg": 0.333,
      "median": 0.0
    },
    "retention_1m": 0.0,
    "denom_ret_1m": 3,
    "retention_3m": 0.0,
    "denom_ret_3m": 3,
    "retention_6m": 0.0,
    "denom_ret_6m": 3,
    "newcomer_became_merger_ever_rate": null,
    "newcomer_became_merger_ever_count": 0,
    "denom_newcomer_became_merger_ever": 0
  }
]