[
  {
    "full_name": "kodecocodes/swift-algorithm-club",
    "language": "Swift",
    "owner_type": "Org",
    "stars": 29113,
    "pushed_at": "2024-12-06T07:03:07+00:00",
    "latest_release_at": null,
    "bot_like_contribs": 0,
    "human_contribs": 60,
    "R": 3.5,
    "A": 2.5,
    "C": 2.7,
    "score": 2.96,
    "readability_feats": {
      "n_words": 485,
      "n_sents": 56,
      "flesch_reading_ease": 59.2,
      "avg_sentence_len": 8.66,
      "code_block_count": 4,
      "heading_count": 5,
      "passive_hits": 0
    },
    "completeness_sections": {
      "overview": true,
      "install": false,
      "quickstart": false,
      "dev_setup": false,
      "testing": true,
      "contrib": true,
      "coc": false,
      "troubleshooting": false,
      "release": false
    },
    "broken_link_ratio": 0.333,
    "rationale": {
      "readability": "Flesch=59.2 ASL=8.66 code_blocks=4",
      "actuality": "broken_link_ratio=0.333, months_since_push=8.8",
      "completeness": "sections_present=['contrib', 'overview', 'testing']"
    },
    "run_ts": "2025-10-03T14:50:58.664622+00:00"
  },
  {
    "full_name": "zed-industries/zed",
    "language": "Rust",
    "owner_type": "Org",
    "stars": 66614,
    "pushed_at": "2025-10-03T14:44:31+00:00",
    "latest_release_at": "2025-10-01T15:27:39+00:00",
    "bot_like_contribs": 1,
    "human_contribs": 59,
    "R": 3.5,
    "A": 3.5,
    "C": 3.1,
    "score": 3.38,
    "readability_feats": {
      "n_words": 2018,
      "n_sents": 189,
      "flesch_reading_ease": 58.74,
      "avg_sentence_len": 10.68,
      "code_block_count": 6,
      "heading_count": 26,
      "passive_hits": 12
    },
    "completeness_sections": {
      "overview": true,
      "install": true,
      "quickstart": false,
      "dev_setup": false,
      "testing": false,
      "contrib": true,
      "coc": true,
      "troubleshooting": false,
      "release": false
    },
    "broken_link_ratio": 0.15,
    "rationale": {
      "readability": "Flesch=58.74 ASL=10.68 code_blocks=6",
      "actuality": "broken_link_ratio=0.15, months_since_push=-1.08",
      "completeness": "sections_present=['coc', 'contrib', 'install', 'overview']"
    },
    "run_ts": "2025-10-03T14:50:58.664622+00:00"
  },
  {
    "full_name": "opentofu/manifesto",
    "language": "HTML",
    "owner_type": "Org",
    "stars": 36051,
    "pushed_at": "2025-03-18T18:26:51+00:00",
    "latest_release_at": null,
    "bot_like_contribs": 0,
    "human_contribs": 60,
    "R": 4.0,
    "A": 3.0,
    "C": 1.9,
    "score": 3.07,
    "readability_feats": {
      "n_words": 127,
      "n_sents": 11,
      "flesch_reading_ease": 60.56,
      "avg_sentence_len": 11.55,
      "code_block_count": 0,
      "heading_count": 3,
      "passive_hits": 0
    },
    "completeness_sections": {
      "overview": false,
      "install": false,
      "quickstart": false,
      "dev_setup": false,
      "testing": false,
      "contrib": false,
      "coc": false,
      "troubleshooting": false,
      "release": true
    },
    "broken_link_ratio": 0.667,
    "rationale": {
      "readability": "Flesch=60.56 ASL=11.55 code_blocks=0",
      "actuality": "broken_link_ratio=0.667, months_since_push=5.45",
      "completeness": "sections_present=['release']"
    },
    "run_ts": "2025-10-03T14:50:58.664622+00:00"
  },
  {
    "full_name": "bevyengine/bevy",
    "language": "Rust",
    "owner_type": "Org",
    "stars": 42492,
    "pushed_at": "2025-10-03T03:04:30+00:00",
    "latest_release_at": "2025-10-01T05:26:16+00:00",
    "bot_like_contribs": 1,
    "human_contribs": 59,
    "R": 3.5,
    "A": 4.0,
    "C": 4.7,
    "score": 4.01,
    "readability_feats": {
      "n_words": 7671,
      "n_sents": 655,
      "flesch_reading_ease": 44.51,
      "avg_sentence_len": 11.71,
      "code_block_count": 108,
      "heading_count": 67,
      "passive_hits": 48
    },
    "completeness_sections": {
      "overview": true,
      "install": true,
      "quickstart": true,
      "dev_setup": true,
      "testing": true,
      "contrib": true,
      "coc": true,
      "troubleshooting": false,
      "release": true
    },
    "broken_link_ratio": 0.1,
    "rationale": {
      "readability": "Flesch=44.51 ASL=11.71 code_blocks=108",
      "actuality": "broken_link_ratio=0.1, months_since_push=-1.08",
      "completeness": "sections_present=['coc', 'contrib', 'dev_setup', 'install', 'overview', 'quickstart', 'release', 'testing']"
    },
    "run_ts": "2025-10-03T14:50:58.664622+00:00"
  },
  {
    "full_name": "nwjs/nw.js",
    "language": "JavaScript",
    "owner_type": "Org",
    "stars": 41309,
    "pushed_at": "2025-09-30T17:27:41+00:00",
    "latest_release_at": null,
    "bot_like_contribs": 0,
    "human_contribs": 60,
    "R": 4.5,
    "A": 3.5,
    "C": 3.9,
    "score": 4.02,
    "readability_feats": {
      "n_words": 1434,
      "n_sents": 277,
      "flesch_reading_ease": 68.07,
      "avg_sentence_len": 5.18,
      "code_block_count": 51,
      "heading_count": 12,
      "passive_hits": 10
    },
    "completeness_sections": {
      "overview": true,
      "install": false,
      "quickstart": true,
      "dev_setup": false,
      "testing": true,
      "contrib": true,
      "coc": false,
      "troubleshooting": true,
      "release": true
    },
    "broken_link_ratio": 0.15,
    "rationale": {
      "readability": "Flesch=68.07 ASL=5.18 code_blocks=51",
      "actuality": "broken_link_ratio=0.15, months_since_push=-0.99",
      "completeness": "sections_present=['contrib', 'overview', 'quickstart', 'release', 'testing', 'troubleshooting']"
    },
    "run_ts": "2025-10-03T14:50:58.664622+00:00"
  }
]