[
  {
    "full_name": "zxing/zxing",
    "asof": "2025-09-01T00:00:00+00:00",
    "run_ts": "2025-10-02T23:47:24.327186+00:00",
    "comment_dump_index": {
      "repo_index": "mined/comments_365d/shard_19/zxing__zxing/index.json",
      "shard_manifest": "mined/comments_365d/shard_19.comments.index.json",
      "counts": {
        "issue": 69,
        "review": 10,
        "total": 79
      },
      "pr_count_dumped": 74
    },
    "readme_words": 677,
    "docs_md_count": 0,
    "has_contributing": true,
    "has_coc": false,
    "has_issue_template": true,
    "has_pr_template": false,
    "has_codeowners": false,
    "has_maintainers": false,
    "has_governance": false,
    "has_workflows": true,
    "workflows_count": 4,
    "discussions_enabled": true,
    "onboarding_surfaces_count": 3,
    "pr_merge_rate_90": null,
    "denom_prs_90": 0,
    "censor_days": 7,
    "maintainer_first_reply_median_hrs_365": 0.1738888888888889,
    "pr_with_human_maint_comment_rate_365": 0.104,
    "maintainer_to_author_comment_ratio_365": 1.0,
    "links_per_comment_365": 0.586,
    "denom_prs_comment_window_365": 67,
    "count_prs_with_maint_comment_365": 7,
    "count_maintainer_comments_365": 12,
    "count_author_comments_365": 12,
    "count_human_comments_365": 29,
    "count_links_365": 17,
    "convo_readability_feats": {
      "n_words": 870,
      "n_sents": 88,
      "flesch_reading_ease": 63.0,
      "avg_sentence_len": 9.89,
      "code_block_count": 7,
      "heading_count": 1,
      "passive_hits": 2
    },
    "convo_broken_link_ratio_365": 0.647,
    "R_convo_rule_365": 4.3,
    "newcomers_strict_window": 13,
    "total_prs_in_window": 60,
    "conversion_1m": 0.273,
    "denom_conv_1m": 11,
    "conversion_3m": 0.3,
    "denom_conv_3m": 10,
    "conversion_6m": 0.375,
    "denom_conv_6m": 8,
    "additional_prs_1m": {
      "sum": 5,
      "avg": 0.455,
      "median": 0.0
    },
    "additional_prs_3m": {
      "sum": 5,
      "avg": 0.5,
      "median": 0.0
    },
    "additional_prs_6m": {
      "sum": 5,
      "avg": 0.625,
      "median": 0.0
    },
    "retention_1m": 0.0,
    "denom_ret_1m": 11,
    "retention_3m": 0.0,
    "denom_ret_3m": 10,
    "retention_6m": 0.0,
    "denom_ret_6m": 8,
    "newcomer_became_merger_ever_rate": null,
    "newcomer_became_merger_ever_count": 0,
    "denom_newcomer_became_merger_ever": 0
  },
  {
    "full_name": "microsoft/WSL",
    "asof": "2025-09-01T00:00:00+00:00",
    "run_ts": "2025-10-02T23:47:24.327186+00:00",
    "comment_dump_index": {
      "repo_index": "mined/comments_365d/shard_19/microsoft__WSL/index.json",
      "shard_manifest": "mined/comments_365d/shard_19.comments.index.json",
      "counts": {
        "issue": 221,
        "review": 263,
        "total": 484
      },
      "pr_count_dumped": 225
    },
    "readme_words": 507,
    "docs_md_count": 0,
    "has_contributing": true,
    "has_coc": true,
    "has_issue_template": true,
    "has_pr_template": false,
    "has_codeowners": true,
    "has_maintainers": false,
    "has_governance": false,
    "has_workflows": true,
    "workflows_count": 7,
    "discussions_enabled": true,
    "onboarding_surfaces_count": 5,
    "pr_merge_rate_90": null,
    "denom_prs_90": 0,
    "censor_days": 7,
    "maintainer_first_reply_median_hrs_365": 16.194444444444443,
    "pr_with_human_maint_comment_rate_365": 0.326,
    "maintainer_to_author_comment_ratio_365": 1.336,
    "links_per_comment_365": 0.178,
    "denom_prs_comment_window_365": 221,
    "count_prs_with_maint_comment_365": 72,
    "count_maintainer_comments_365": 191,
    "count_author_comments_365": 143,
    "count_human_comments_365": 405,
    "count_links_365": 72,
    "convo_readability_feats": {
      "n_words": 10162,
      "n_sents": 843,
      "flesch_reading_ease": 62.48,
      "avg_sentence_len": 12.05,
      "code_block_count": 74,
      "heading_count": 34,
      "passive_hits": 66
    },
    "convo_broken_link_ratio_365": 0.55,
    "R_convo_rule_365": 4.3,
    "newcomers_strict_window": 51,
    "total_prs_in_window": 182,
    "conversion_1m": 0.191,
    "denom_conv_1m": 47,
    "conversion_3m": 0.344,
    "denom_conv_3m": 32,
    "conversion_6m": 0.25,
    "denom_conv_6m": 4,
    "additional_prs_1m": {
      "sum": 16,
      "avg": 0.34,
      "median": 0.0
    },
    "additional_prs_3m": {
      "sum": 33,
      "avg": 1.031,
      "median": 0.0
    },
    "additional_prs_6m": {
      "sum": 2,
      "avg": 0.5,
      "median": 0.0
    },
    "retention_1m": 0.106,
    "denom_ret_1m": 47,
    "retention_3m": 0.094,
    "denom_ret_3m": 32,
    "retention_6m": 0.0,
    "denom_ret_6m": 4,
    "newcomer_became_merger_ever_rate": 0.0,
    "newcomer_became_merger_ever_count": 0,
    "denom_newcomer_became_merger_ever": 1
  },
  {
    "full_name": "IceWhaleTech/CasaOS",
    "asof": "2025-09-01T00:00:00+00:00",
    "run_ts": "2025-10-02T23:47:24.327186+00:00",
    "comment_dump_index": {
      "repo_index": "mined/comments_365d/shard_19/IceWhaleTech__CasaOS/index.json",
      "shard_manifest": "mined/comments_365d/shard_19.comments.index.json",
      "counts": {
        "issue": 34,
        "review": 3,
        "total": 37
      },
      "pr_count_dumped": 28
    },
    "readme_words": 2584,
    "docs_md_count": 0,
    "has_contributing": false,
    "has_coc": true,
    "has_issue_template": true,
    "has_pr_template": false,
    "has_codeowners": false,
    "has_maintainers": false,
    "has_governance": false,
    "has_workflows": true,
    "workflows_count": 10,
    "discussions_enabled": true,
    "onboarding_surfaces_count": 3,
    "pr_merge_rate_90": null,
    "denom_prs_90": 0,
    "censor_days": 7,
    "maintainer_first_reply_median_hrs_365": null,
    "pr_with_human_maint_comment_rate_365": 0.0,
    "maintainer_to_author_comment_ratio_365": null,
    "links_per_comment_365": 0.0,
    "denom_prs_comment_window_365": 27,
    "count_prs_with_maint_comment_365": 0,
    "count_maintainer_comments_365": 0,
    "count_author_comments_365": 0,
    "count_human_comments_365": 4,
    "count_links_365": 0,
    "convo_readability_feats": {
      "n_words": 76,
      "n_sents": 5,
      "flesch_reading_ease": 66.73,
      "avg_sentence_len": 15.2,
      "code_block_count": 1,
      "heading_count": 0,
      "passive_hits": 1
    },
    "convo_broken_link_ratio_365": 0.0,
    "R_convo_rule_365": 4.3,
    "newcomers_strict_window": 7,
    "total_prs_in_window": 26,
    "conversion_1m": 0.143,
    "denom_conv_1m": 7,
    "conversion_3m": 0.2,
    "denom_conv_3m": 5,
    "conversion_6m": 0.25,
    "denom_conv_6m": 4,
    "additional_prs_1m": {
      "sum": 1,
      "avg": 0.143,
      "median": 0.0
    },
    "additional_prs_3m": {
      "sum": 1,
      "avg": 0.2,
      "median": 0.0
    },
    "additional_prs_6m": {
      "sum": 1,
      "avg": 0.25,
      "median": 0.0
    },
    "retention_1m": 0.0,
    "denom_ret_1m": 7,
    "retention_3m": 0.0,
    "denom_ret_3m": 5,
    "retention_6m": 0.0,
    "denom_ret_6m": 4,
    "newcomer_became_merger_ever_rate": null,
    "newcomer_became_merger_ever_count": 0,
    "denom_newcomer_became_merger_ever": 0
  },
  {
    "full_name": "hyprwm/Hyprland",
    "asof": "2025-09-01T00:00:00+00:00",
    "run_ts": "2025-10-02T23:47:24.327186+00:00",
    "comment_dump_index": {
      "repo_index": "mined/comments_365d/shard_19/hyprwm__Hyprland/index.json",
      "shard_manifest": "mined/comments_365d/shard_19.comments.index.json",
      "counts": {
        "issue": 6942,
        "review": 1846,
        "total": 8788
      },
      "pr_count_dumped": 1064
    },
    "readme_words": 527,
    "docs_md_count": 1,
    "has_contributing": false,
    "has_coc": true,
    "has_issue_template": false,
    "has_pr_template": false,
    "has_codeowners": false,
    "has_maintainers": false,
    "has_governance": false,
    "has_workflows": true,
    "workflows_count": 11,
    "discussions_enabled": true,
    "onboarding_surfaces_count": 3,
    "pr_merge_rate_90": null,
    "denom_prs_90": 0,
    "censor_days": 7,
    "maintainer_first_reply_median_hrs_365": 8.675555555555556,
    "pr_with_human_maint_comment_rate_365": 0.498,
    "maintainer_to_author_comment_ratio_365": 0.881,
    "links_per_comment_365": 0.173,
    "denom_prs_comment_window_365": 918,
    "count_prs_with_maint_comment_365": 457,
    "count_maintainer_comments_365": 1852,
    "count_author_comments_365": 2101,
    "count_human_comments_365": 4907,
    "count_links_365": 847,
    "convo_readability_feats": {
      "n_words": 19335,
      "n_sents": 1355,
      "flesch_reading_ease": 65.55,
      "avg_sentence_len": 14.27,
      "code_block_count": 75,
      "heading_count": 1,
      "passive_hits": 92
    },
    "convo_broken_link_ratio_365": 0.75,
    "R_convo_rule_365": 4.3,
    "newcomers_strict_window": 213,
    "total_prs_in_window": 852,
    "conversion_1m": 0.188,
    "denom_conv_1m": 192,
    "conversion_3m": 0.265,
    "denom_conv_3m": 151,
    "conversion_6m": 0.318,
    "denom_conv_6m": 107,
    "additional_prs_1m": {
      "sum": 76,
      "avg": 0.396,
      "median": 0.0
    },
    "additional_prs_3m": {
      "sum": 127,
      "avg": 0.841,
      "median": 0.0
    },
    "additional_prs_6m": {
      "sum": 171,
      "avg": 1.598,
      "median": 0.0
    },
    "retention_1m": 0.057,
    "denom_ret_1m": 192,
    "retention_3m": 0.053,
    "denom_ret_3m": 151,
    "retention_6m": 0.056,
    "denom_ret_6m": 107,
    "newcomer_became_merger_ever_rate": null,
    "newcomer_became_merger_ever_count": 0,
    "denom_newcomer_became_merger_ever": 0
  },
  {
    "full_name": "mastodon/mastodon",
    "asof": "2025-09-01T00:00:00+00:00",
    "run_ts": "2025-10-02T23:47:24.327186+00:00",
    "comment_dump_index": {
      "repo_index": "mined/comments_365d/shard_19/mastodon__mastodon/index.json",
      "shard_manifest": "mined/comments_365d/shard_19.comments.index.json",
      "counts": {
        "issue": 5794,
        "review": 2973,
        "total": 8767
      },
      "pr_count_dumped": 3691
    },
    "readme_words": 829,
    "docs_md_count": 1,
    "has_contributing": true,
    "has_coc": true,
    "has_issue_template": false,
    "has_pr_template": false,
    "has_codeowners": false,
    "has_maintainers": false,
    "has_governance": false,
    "has_workflows": true,
    "workflows_count": 23,
    "discussions_enabled": true,
    "onboarding_surfaces_count": 4,
    "pr_merge_rate_90": null,
    "denom_prs_90": 0,
    "censor_days": 7,
    "maintainer_first_reply_median_hrs_365": 15.028611111111111,
    "pr_with_human_maint_comment_rate_365": 0.223,
    "maintainer_to_author_comment_ratio_365": 1.087,
    "links_per_comment_365": 0.182,
    "denom_prs_comment_window_365": 3274,
    "count_prs_with_maint_comment_365": 730,
    "count_maintainer_comments_365": 2071,
    "count_author_comments_365": 1905,
    "count_human_comments_365": 4238,
    "count_links_365": 771,
    "convo_readability_feats": {
      "n_words": 19327,
      "n_sents": 1333,
      "flesch_reading_ease": 60.84,
      "avg_sentence_len": 14.5,
      "code_block_count": 157,
      "heading_count": 4,
      "passive_hits": 158
    },
    "convo_broken_link_ratio_365": 0.5,
    "R_convo_rule_365": 4.3,
    "newcomers_strict_window": 99,
    "total_prs_in_window": 2978,
    "conversion_1m": 0.198,
    "denom_conv_1m": 86,
    "conversion_3m": 0.222,
    "denom_conv_3m": 72,
    "conversion_6m": 0.232,
    "denom_conv_6m": 56,
    "additional_prs_1m": {
      "sum": 59,
      "avg": 0.686,
      "median": 0.0
    },
    "additional_prs_3m": {
      "sum": 122,
      "avg": 1.694,
      "median": 0.0
    },
    "additional_prs_6m": {
      "sum": 18,
      "avg": 0.321,
      "median": 0.0
    },
    "retention_1m": 0.035,
    "denom_ret_1m": 86,
    "retention_3m": 0.042,
    "denom_ret_3m": 72,
    "retention_6m": 0.018,
    "denom_ret_6m": 56,
    "newcomer_became_merger_ever_rate": 1.0,
    "newcomer_became_merger_ever_count": 2,
    "denom_newcomer_became_merger_ever": 2
  }
]