[
  {
    "full_name": "poljar/weechat-matrix",
    "asof": "2025-09-01T00:00:00+00:00",
    "run_ts": "2025-10-02T02:44:50.051851+00:00",
    "comment_dump_index": {
      "repo_index": "mined/comments_365d/shard_08/poljar__weechat-matrix/index.json",
      "shard_manifest": "mined/comments_365d/shard_08.comments.index.json",
      "counts": {
        "issue": 2,
        "review": 1,
        "total": 3
      },
      "pr_count_dumped": 3
    },
    "readme_words": 1766,
    "docs_md_count": 0,
    "has_contributing": false,
    "has_coc": false,
    "has_issue_template": false,
    "has_pr_template": false,
    "has_codeowners": false,
    "has_maintainers": false,
    "has_governance": false,
    "has_workflows": false,
    "workflows_count": 0,
    "discussions_enabled": false,
    "onboarding_surfaces_count": 1,
    "pr_merge_rate_90": null,
    "denom_prs_90": 0,
    "censor_days": 7,
    "maintainer_first_reply_median_hrs_365": null,
    "pr_with_human_maint_comment_rate_365": 0.0,
    "maintainer_to_author_comment_ratio_365": null,
    "links_per_comment_365": 0.0,
    "denom_prs_comment_window_365": 2,
    "count_prs_with_maint_comment_365": 0,
    "count_maintainer_comments_365": 0,
    "count_author_comments_365": 0,
    "count_human_comments_365": 0,
    "count_links_365": 0,
    "convo_readability_feats": {
      "n_words": 0,
      "n_sents": 1,
      "flesch_reading_ease": 0.0,
      "avg_sentence_len": 0.0,
      "code_block_count": 0,
      "heading_count": 0,
      "passive_hits": 0
    },
    "convo_broken_link_ratio_365": 0.0,
    "R_convo_rule_365": 3.0,
    "newcomers_strict_window": 1,
    "total_prs_in_window": 2,
    "conversion_1m": 0.0,
    "denom_conv_1m": 1,
    "conversion_3m": 0.0,
    "denom_conv_3m": 1,
    "conversion_6m": 0.0,
    "denom_conv_6m": 1,
    "additional_prs_1m": {
      "sum": 0,
      "avg": 0.0,
      "median": 0.0
    },
    "additional_prs_3m": {
      "sum": 0,
      "avg": 0.0,
      "median": 0.0
    },
    "additional_prs_6m": {
      "sum": 0,
      "avg": 0.0,
      "median": 0.0
    },
    "retention_1m": 0.0,
    "denom_ret_1m": 1,
    "retention_3m": 0.0,
    "denom_ret_3m": 1,
    "retention_6m": 0.0,
    "denom_ret_6m": 1,
    "newcomer_became_merger_ever_rate": null,
    "newcomer_became_merger_ever_count": 0,
    "denom_newcomer_became_merger_ever": 0
  },
  {
    "full_name": "KelvinTegelaar/CIPP",
    "asof": "2025-09-01T00:00:00+00:00",
    "run_ts": "2025-10-02T02:44:50.051851+00:00",
    "comment_dump_index": {
      "repo_index": "mined/comments_365d/shard_08/KelvinTegelaar__CIPP/index.json",
      "shard_manifest": "mined/comments_365d/shard_08.comments.index.json",
      "counts": {
        "issue": 517,
        "review": 39,
        "total": 556
      },
      "pr_count_dumped": 1059
    },
    "readme_words": 174,
    "docs_md_count": 0,
    "has_contributing": true,
    "has_coc": false,
    "has_issue_template": false,
    "has_pr_template": false,
    "has_codeowners": false,
    "has_maintainers": false,
    "has_governance": false,
    "has_workflows": true,
    "workflows_count": 13,
    "discussions_enabled": true,
    "onboarding_surfaces_count": 2,
    "pr_merge_rate_90": null,
    "denom_prs_90": 0,
    "censor_days": 7,
    "maintainer_first_reply_median_hrs_365": 0.71,
    "pr_with_human_maint_comment_rate_365": 0.149,
    "maintainer_to_author_comment_ratio_365": 2.609,
    "links_per_comment_365": 0.34,
    "denom_prs_comment_window_365": 1047,
    "count_prs_with_maint_comment_365": 156,
    "count_maintainer_comments_365": 180,
    "count_author_comments_365": 69,
    "count_human_comments_365": 259,
    "count_links_365": 88,
    "convo_readability_feats": {
      "n_words": 5250,
      "n_sents": 547,
      "flesch_reading_ease": 60.9,
      "avg_sentence_len": 9.6,
      "code_block_count": 13,
      "heading_count": 0,
      "passive_hits": 29
    },
    "convo_broken_link_ratio_365": 0.5,
    "R_convo_rule_365": 4.3,
    "newcomers_strict_window": 473,
    "total_prs_in_window": 989,
    "conversion_1m": 0.165,
    "denom_conv_1m": 467,
    "conversion_3m": 0.173,
    "denom_conv_3m": 444,
    "conversion_6m": 0.177,
    "denom_conv_6m": 373,
    "additional_prs_1m": {
      "sum": 114,
      "avg": 0.244,
      "median": 0.0
    },
    "additional_prs_3m": {
      "sum": 152,
      "avg": 0.342,
      "median": 0.0
    },
    "additional_prs_6m": {
      "sum": 96,
      "avg": 0.257,
      "median": 0.0
    },
    "retention_1m": 0.009,
    "denom_ret_1m": 467,
    "retention_3m": 0.007,
    "denom_ret_3m": 444,
    "retention_6m": 0.003,
    "denom_ret_6m": 373,
    "newcomer_became_merger_ever_rate": 1.0,
    "newcomer_became_merger_ever_count": 1,
    "denom_newcomer_became_merger_ever": 1
  },
  {
    "full_name": "SamiPerttu/fundsp",
    "asof": "2025-09-01T00:00:00+00:00",
    "run_ts": "2025-10-02T02:44:50.051851+00:00",
    "comment_dump_index": {
      "repo_index": "mined/comments_365d/shard_08/SamiPerttu__fundsp/index.json",
      "shard_manifest": "mined/comments_365d/shard_08.comments.index.json",
      "counts": {
        "issue": 22,
        "review": 0,
        "total": 22
      },
      "pr_count_dumped": 13
    },
    "readme_words": 12289,
    "docs_md_count": 0,
    "has_contributing": false,
    "has_coc": false,
    "has_issue_template": false,
    "has_pr_template": false,
    "has_codeowners": false,
    "has_maintainers": false,
    "has_governance": false,
    "has_workflows": true,
    "workflows_count": 1,
    "discussions_enabled": true,
    "onboarding_surfaces_count": 1,
    "pr_merge_rate_90": null,
    "denom_prs_90": 0,
    "censor_days": 7,
    "maintainer_first_reply_median_hrs_365": 7.157222222222222,
    "pr_with_human_maint_comment_rate_365": 0.385,
    "maintainer_to_author_comment_ratio_365": 0.571,
    "links_per_comment_365": 0.182,
    "denom_prs_comment_window_365": 13,
    "count_prs_with_maint_comment_365": 5,
    "count_maintainer_comments_365": 8,
    "count_author_comments_365": 14,
    "count_human_comments_365": 22,
    "count_links_365": 4,
    "convo_readability_feats": {
      "n_words": 1169,
      "n_sents": 117,
      "flesch_reading_ease": 72.44,
      "avg_sentence_len": 9.99,
      "code_block_count": 35,
      "heading_count": 0,
      "passive_hits": 3
    },
    "convo_broken_link_ratio_365": 1.0,
    "R_convo_rule_365": 4.3,
    "newcomers_strict_window": 7,
    "total_prs_in_window": 13,
    "conversion_1m": 0.4,
    "denom_conv_1m": 5,
    "conversion_3m": 0.4,
    "denom_conv_3m": 5,
    "conversion_6m": 0.4,
    "denom_conv_6m": 5,
    "additional_prs_1m": {
      "sum": 4,
      "avg": 0.8,
      "median": 0.0
    },
    "additional_prs_3m": {
      "sum": 6,
      "avg": 1.2,
      "median": 0.0
    },
    "additional_prs_6m": {
      "sum": 6,
      "avg": 1.2,
      "median": 0.0
    },
    "retention_1m": 0.0,
    "denom_ret_1m": 5,
    "retention_3m": 0.0,
    "denom_ret_3m": 5,
    "retention_6m": 0.0,
    "denom_ret_6m": 5,
    "newcomer_became_merger_ever_rate": null,
    "newcomer_became_merger_ever_count": 0,
    "denom_newcomer_became_merger_ever": 0
  },
  {
    "full_name": "tqwewe/kameo",
    "asof": "2025-09-01T00:00:00+00:00",
    "run_ts": "2025-10-02T02:44:50.051851+00:00",
    "comment_dump_index": {
      "repo_index": "mined/comments_365d/shard_08/tqwewe__kameo/index.json",
      "shard_manifest": "mined/comments_365d/shard_08.comments.index.json",
      "counts": {
        "issue": 47,
        "review": 17,
        "total": 64
      },
      "pr_count_dumped": 121
    },
    "readme_words": 1254,
    "docs_md_count": 0,
    "has_contributing": true,
    "has_coc": true,
    "has_issue_template": true,
    "has_pr_template": false,
    "has_codeowners": false,
    "has_maintainers": false,
    "has_governance": false,
    "has_workflows": true,
    "workflows_count": 1,
    "discussions_enabled": true,
    "onboarding_surfaces_count": 4,
    "pr_merge_rate_90": null,
    "denom_prs_90": 0,
    "censor_days": 7,
    "maintainer_first_reply_median_hrs_365": 9.026111111111112,
    "pr_with_human_maint_comment_rate_365": 0.175,
    "maintainer_to_author_comment_ratio_365": 1.762,
    "links_per_comment_365": 0.3,
    "denom_prs_comment_window_365": 120,
    "count_prs_with_maint_comment_365": 21,
    "count_maintainer_comments_365": 37,
    "count_author_comments_365": 21,
    "count_human_comments_365": 60,
    "count_links_365": 18,
    "convo_readability_feats": {
      "n_words": 1908,
      "n_sents": 133,
      "flesch_reading_ease": 60.05,
      "avg_sentence_len": 14.35,
      "code_block_count": 5,
      "heading_count": 0,
      "passive_hits": 10
    },
    "convo_broken_link_ratio_365": 0.167,
    "R_convo_rule_365": 4.3,
    "newcomers_strict_window": 17,
    "total_prs_in_window": 113,
    "conversion_1m": 0.235,
    "denom_conv_1m": 17,
    "conversion_3m": 0.231,
    "denom_conv_3m": 13,
    "conversion_6m": 0.222,
    "denom_conv_6m": 9,
    "additional_prs_1m": {
      "sum": 5,
      "avg": 0.294,
      "median": 0.0
    },
    "additional_prs_3m": {
      "sum": 3,
      "avg": 0.231,
      "median": 0.0
    },
    "additional_prs_6m": {
      "sum": 3,
      "avg": 0.333,
      "median": 0.0
    },
    "retention_1m": 0.0,
    "denom_ret_1m": 17,
    "retention_3m": 0.0,
    "denom_ret_3m": 13,
    "retention_6m": 0.0,
    "denom_ret_6m": 9,
    "newcomer_became_merger_ever_rate": null,
    "newcomer_became_merger_ever_count": 0,
    "denom_newcomer_became_merger_ever": 0
  },
  {
    "full_name": "orhun/ratzilla",
    "asof": "2025-09-01T00:00:00+00:00",
    "run_ts": "2025-10-02T02:44:50.051851+00:00",
    "comment_dump_index": {
      "repo_index": "mined/comments_365d/shard_08/orhun__ratzilla/index.json",
      "shard_manifest": "mined/comments_365d/shard_08.comments.index.json",
      "counts": {
        "issue": 69,
        "review": 206,
        "total": 275
      },
      "pr_count_dumped": 81
    },
    "readme_words": 1058,
    "docs_md_count": 0,
    "has_contributing": false,
    "has_coc": false,
    "has_issue_template": false,
    "has_pr_template": false,
    "has_codeowners": false,
    "has_maintainers": false,
    "has_governance": false,
    "has_workflows": true,
    "workflows_count": 3,
    "discussions_enabled": false,
    "onboarding_surfaces_count": 1,
    "pr_merge_rate_90": null,
    "denom_prs_90": 0,
    "censor_days": 7,
    "maintainer_first_reply_median_hrs_365": 34.49583333333333,
    "pr_with_human_maint_comment_rate_365": 0.321,
    "maintainer_to_author_comment_ratio_365": 1.297,
    "links_per_comment_365": 0.116,
    "denom_prs_comment_window_365": 81,
    "count_prs_with_maint_comment_365": 26,
    "count_maintainer_comments_365": 153,
    "count_author_comments_365": 118,
    "count_human_comments_365": 275,
    "count_links_365": 32,
    "convo_readability_feats": {
      "n_words": 7626,
      "n_sents": 619,
      "flesch_reading_ease": 64.56,
      "avg_sentence_len": 12.32,
      "code_block_count": 109,
      "heading_count": 2,
      "passive_hits": 52
    },
    "convo_broken_link_ratio_365": 0.45,
    "R_convo_rule_365": 4.3,
    "newcomers_strict_window": 20,
    "total_prs_in_window": 77,
    "conversion_1m": 0.211,
    "denom_conv_1m": 19,
    "conversion_3m": 0.4,
    "denom_conv_3m": 15,
    "conversion_6m": 0.4,
    "denom_conv_6m": 10,
    "additional_prs_1m": {
      "sum": 22,
      "avg": 1.158,
      "median": 0.0
    },
    "additional_prs_3m": {
      "sum": 41,
      "avg": 2.733,
      "median": 0.0
    },
    "additional_prs_6m": {
      "sum": 51,
      "avg": 5.1,
      "median": 0.0
    },
    "retention_1m": 0.158,
    "denom_ret_1m": 19,
    "retention_3m": 0.133,
    "denom_ret_3m": 15,
    "retention_6m": 0.2,
    "denom_ret_6m": 10,
    "newcomer_became_merger_ever_rate": 0.667,
    "newcomer_became_merger_ever_count": 2,
    "denom_newcomer_became_merger_ever": 3
  }
]