[
  {
    "full_name": "martinfekete10/Tuneful",
    "asof": "2025-09-01T00:00:00+00:00",
    "run_ts": "2025-10-01T04:33:17.571808+00:00",
    "comment_dump_index": {
      "repo_index": "mined/comments_365d/shard_02/martinfekete10__Tuneful/index.json",
      "shard_manifest": "mined/comments_365d/shard_02.comments.index.json",
      "counts": {
        "issue": 20,
        "review": 0,
        "total": 20
      },
      "pr_count_dumped": 23
    },
    "readme_words": 384,
    "docs_md_count": 0,
    "has_contributing": false,
    "has_coc": false,
    "has_issue_template": false,
    "has_pr_template": false,
    "has_codeowners": false,
    "has_maintainers": false,
    "has_governance": false,
    "has_workflows": false,
    "workflows_count": 0,
    "discussions_enabled": true,
    "onboarding_surfaces_count": 1,
    "pr_merge_rate_90": null,
    "denom_prs_90": 0,
    "censor_days": 7,
    "maintainer_first_reply_median_hrs_365": 79.79694444444445,
    "pr_with_human_maint_comment_rate_365": 0.217,
    "maintainer_to_author_comment_ratio_365": 0.429,
    "links_per_comment_365": 0.0,
    "denom_prs_comment_window_365": 23,
    "count_prs_with_maint_comment_365": 5,
    "count_maintainer_comments_365": 6,
    "count_author_comments_365": 14,
    "count_human_comments_365": 20,
    "count_links_365": 0,
    "convo_readability_feats": {
      "n_words": 191,
      "n_sents": 22,
      "flesch_reading_ease": 63.37,
      "avg_sentence_len": 8.68,
      "code_block_count": 0,
      "heading_count": 0,
      "passive_hits": 1
    },
    "convo_broken_link_ratio_365": 0.0,
    "R_convo_rule_365": 4.0,
    "newcomers_strict_window": 6,
    "total_prs_in_window": 23,
    "conversion_1m": 0.167,
    "denom_conv_1m": 6,
    "conversion_3m": 0.2,
    "denom_conv_3m": 5,
    "conversion_6m": 0.2,
    "denom_conv_6m": 5,
    "additional_prs_1m": {
      "sum": 1,
      "avg": 0.167,
      "median": 0.0
    },
    "additional_prs_3m": {
      "sum": 1,
      "avg": 0.2,
      "median": 0.0
    },
    "additional_prs_6m": {
      "sum": 1,
      "avg": 0.2,
      "median": 0.0
    },
    "retention_1m": 0.0,
    "denom_ret_1m": 6,
    "retention_3m": 0.0,
    "denom_ret_3m": 5,
    "retention_6m": 0.0,
    "denom_ret_6m": 5,
    "newcomer_became_merger_ever_rate": null,
    "newcomer_became_merger_ever_count": 0,
    "denom_newcomer_became_merger_ever": 0
  },
  {
    "full_name": "ibaiGorordo/pyKinectAzure",
    "asof": "2025-09-01T00:00:00+00:00",
    "run_ts": "2025-10-01T04:33:17.571808+00:00",
    "comment_dump_index": {
      "repo_index": "mined/comments_365d/shard_02/ibaiGorordo__pyKinectAzure/index.json",
      "shard_manifest": "mined/comments_365d/shard_02.comments.index.json",
      "counts": {
        "issue": 7,
        "review": 0,
        "total": 7
      },
      "pr_count_dumped": 4
    },
    "readme_words": 786,
    "docs_md_count": 0,
    "has_contributing": false,
    "has_coc": false,
    "has_issue_template": false,
    "has_pr_template": false,
    "has_codeowners": false,
    "has_maintainers": false,
    "has_governance": false,
    "has_workflows": false,
    "workflows_count": 0,
    "discussions_enabled": false,
    "onboarding_surfaces_count": 1,
    "pr_merge_rate_90": null,
    "denom_prs_90": 0,
    "censor_days": 7,
    "maintainer_first_reply_median_hrs_365": null,
    "pr_with_human_maint_comment_rate_365": 0.0,
    "maintainer_to_author_comment_ratio_365": 0.0,
    "links_per_comment_365": 0.0,
    "denom_prs_comment_window_365": 2,
    "count_prs_with_maint_comment_365": 0,
    "count_maintainer_comments_365": 0,
    "count_author_comments_365": 1,
    "count_human_comments_365": 2,
    "count_links_365": 0,
    "convo_readability_feats": {
      "n_words": 113,
      "n_sents": 17,
      "flesch_reading_ease": 81.8,
      "avg_sentence_len": 6.65,
      "code_block_count": 0,
      "heading_count": 0,
      "passive_hits": 0
    },
    "convo_broken_link_ratio_365": 0.0,
    "R_convo_rule_365": 4.0,
    "newcomers_strict_window": 2,
    "total_prs_in_window": 2,
    "conversion_1m": 0.0,
    "denom_conv_1m": 2,
    "conversion_3m": 0.0,
    "denom_conv_3m": 2,
    "conversion_6m": 0.0,
    "denom_conv_6m": 1,
    "additional_prs_1m": {
      "sum": 0,
      "avg": 0.0,
      "median": 0.0
    },
    "additional_prs_3m": {
      "sum": 0,
      "avg": 0.0,
      "median": 0.0
    },
    "additional_prs_6m": {
      "sum": 0,
      "avg": 0.0,
      "median": 0.0
    },
    "retention_1m": 0.0,
    "denom_ret_1m": 2,
    "retention_3m": 0.0,
    "denom_ret_3m": 2,
    "retention_6m": 0.0,
    "denom_ret_6m": 1,
    "newcomer_became_merger_ever_rate": null,
    "newcomer_became_merger_ever_count": 0,
    "denom_newcomer_became_merger_ever": 0
  },
  {
    "full_name": "sbidy/pywizlight",
    "asof": "2025-09-01T00:00:00+00:00",
    "run_ts": "2025-10-01T04:33:17.571808+00:00",
    "comment_dump_index": {
      "repo_index": "mined/comments_365d/shard_02/sbidy__pywizlight/index.json",
      "shard_manifest": "mined/comments_365d/shard_02.comments.index.json",
      "counts": {
        "issue": 13,
        "review": 0,
        "total": 13
      },
      "pr_count_dumped": 16
    },
    "readme_words": 2648,
    "docs_md_count": 16,
    "has_contributing": false,
    "has_coc": false,
    "has_issue_template": false,
    "has_pr_template": false,
    "has_codeowners": false,
    "has_maintainers": false,
    "has_governance": false,
    "has_workflows": true,
    "workflows_count": 3,
    "discussions_enabled": false,
    "onboarding_surfaces_count": 2,
    "pr_merge_rate_90": null,
    "denom_prs_90": 0,
    "censor_days": 7,
    "maintainer_first_reply_median_hrs_365": 2537.704166666667,
    "pr_with_human_maint_comment_rate_365": 0.143,
    "maintainer_to_author_comment_ratio_365": 0.6,
    "links_per_comment_365": 0.0,
    "denom_prs_comment_window_365": 14,
    "count_prs_with_maint_comment_365": 2,
    "count_maintainer_comments_365": 3,
    "count_author_comments_365": 5,
    "count_human_comments_365": 8,
    "count_links_365": 0,
    "convo_readability_feats": {
      "n_words": 64,
      "n_sents": 6,
      "flesch_reading_ease": 63.82,
      "avg_sentence_len": 10.67,
      "code_block_count": 0,
      "heading_count": 0,
      "passive_hits": 0
    },
    "convo_broken_link_ratio_365": 0.0,
    "R_convo_rule_365": 4.0,
    "newcomers_strict_window": 4,
    "total_prs_in_window": 13,
    "conversion_1m": 0.5,
    "denom_conv_1m": 4,
    "conversion_3m": 1.0,
    "denom_conv_3m": 1,
    "conversion_6m": 1.0,
    "denom_conv_6m": 1,
    "additional_prs_1m": {
      "sum": 3,
      "avg": 0.75,
      "median": 0.5
    },
    "additional_prs_3m": {
      "sum": 1,
      "avg": 1.0,
      "median": 1.0
    },
    "additional_prs_6m": {
      "sum": 1,
      "avg": 1.0,
      "median": 1.0
    },
    "retention_1m": 0.0,
    "denom_ret_1m": 4,
    "retention_3m": 0.0,
    "denom_ret_3m": 1,
    "retention_6m": 0.0,
    "denom_ret_6m": 1,
    "newcomer_became_merger_ever_rate": null,
    "newcomer_became_merger_ever_count": 0,
    "denom_newcomer_became_merger_ever": 0
  },
  {
    "full_name": "Yidadaa/shuangpin",
    "asof": "2025-09-01T00:00:00+00:00",
    "run_ts": "2025-10-01T04:33:17.571808+00:00",
    "comment_dump_index": {
      "repo_index": "mined/comments_365d/shard_02/Yidadaa__shuangpin/index.json",
      "shard_manifest": "mined/comments_365d/shard_02.comments.index.json",
      "counts": {
        "issue": 6,
        "review": 0,
        "total": 6
      },
      "pr_count_dumped": 3
    },
    "readme_words": 176,
    "docs_md_count": 0,
    "has_contributing": false,
    "has_coc": false,
    "has_issue_template": false,
    "has_pr_template": false,
    "has_codeowners": false,
    "has_maintainers": false,
    "has_governance": false,
    "has_workflows": true,
    "workflows_count": 1,
    "discussions_enabled": false,
    "onboarding_surfaces_count": 1,
    "pr_merge_rate_90": null,
    "denom_prs_90": 0,
    "censor_days": 7,
    "maintainer_first_reply_median_hrs_365": null,
    "pr_with_human_maint_comment_rate_365": 0.0,
    "maintainer_to_author_comment_ratio_365": 0.0,
    "links_per_comment_365": 1.0,
    "denom_prs_comment_window_365": 2,
    "count_prs_with_maint_comment_365": 0,
    "count_maintainer_comments_365": 0,
    "count_author_comments_365": 2,
    "count_human_comments_365": 2,
    "count_links_365": 2,
    "convo_readability_feats": {
      "n_words": 28,
      "n_sents": 7,
      "flesch_reading_ease": 75.88,
      "avg_sentence_len": 4.0,
      "code_block_count": 0,
      "heading_count": 0,
      "passive_hits": 0
    },
    "convo_broken_link_ratio_365": 0.0,
    "R_convo_rule_365": 4.0,
    "newcomers_strict_window": 1,
    "total_prs_in_window": 1,
    "conversion_1m": 0.0,
    "denom_conv_1m": 1,
    "conversion_3m": 0.0,
    "denom_conv_3m": 1,
    "conversion_6m": null,
    "denom_conv_6m": 0,
    "additional_prs_1m": {
      "sum": 0,
      "avg": 0.0,
      "median": 0.0
    },
    "additional_prs_3m": {
      "sum": 0,
      "avg": 0.0,
      "median": 0.0
    },
    "additional_prs_6m": {
      "sum": 0,
      "avg": null,
      "median": null
    },
    "retention_1m": 0.0,
    "denom_ret_1m": 1,
    "retention_3m": 0.0,
    "denom_ret_3m": 1,
    "retention_6m": null,
    "denom_ret_6m": 0,
    "newcomer_became_merger_ever_rate": null,
    "newcomer_became_merger_ever_count": 0,
    "denom_newcomer_became_merger_ever": 0
  },
  {
    "full_name": "btholt/complete-intro-to-react-v9",
    "asof": "2025-09-01T00:00:00+00:00",
    "run_ts": "2025-10-01T04:33:17.571808+00:00",
    "comment_dump_index": {
      "repo_index": "mined/comments_365d/shard_02/btholt__complete-intro-to-react-v9/index.json",
      "shard_manifest": "mined/comments_365d/shard_02.comments.index.json",
      "counts": {
        "issue": 5,
        "review": 0,
        "total": 5
      },
      "pr_count_dumped": 10
    },
    "readme_words": 165,
    "docs_md_count": 0,
    "has_contributing": false,
    "has_coc": false,
    "has_issue_template": false,
    "has_pr_template": false,
    "has_codeowners": false,
    "has_maintainers": false,
    "has_governance": false,
    "has_workflows": true,
    "workflows_count": 1,
    "discussions_enabled": false,
    "onboarding_surfaces_count": 1,
    "pr_merge_rate_90": null,
    "denom_prs_90": 0,
    "censor_days": 7,
    "maintainer_first_reply_median_hrs_365": 42.30388888888889,
    "pr_with_human_maint_comment_rate_365": 0.5,
    "maintainer_to_author_comment_ratio_365": 5.0,
    "links_per_comment_365": 0.0,
    "denom_prs_comment_window_365": 10,
    "count_prs_with_maint_comment_365": 5,
    "count_maintainer_comments_365": 5,
    "count_author_comments_365": 0,
    "count_human_comments_365": 5,
    "count_links_365": 0,
    "convo_readability_feats": {
      "n_words": 16,
      "n_sents": 6,
      "flesch_reading_ease": 87.8,
      "avg_sentence_len": 2.67,
      "code_block_count": 0,
      "heading_count": 0,
      "passive_hits": 0
    },
    "convo_broken_link_ratio_365": 0.0,
    "R_convo_rule_365": 4.0,
    "newcomers_strict_window": 9,
    "total_prs_in_window": 10,
    "conversion_1m": 0.111,
    "denom_conv_1m": 9,
    "conversion_3m": 0.167,
    "denom_conv_3m": 6,
    "conversion_6m": 0.167,
    "denom_conv_6m": 6,
    "additional_prs_1m": {
      "sum": 1,
      "avg": 0.111,
      "median": 0.0
    },
    "additional_prs_3m": {
      "sum": 1,
      "avg": 0.167,
      "median": 0.0
    },
    "additional_prs_6m": {
      "sum": 1,
      "avg": 0.167,
      "median": 0.0
    },
    "retention_1m": 0.111,
    "denom_ret_1m": 9,
    "retention_3m": 0.167,
    "denom_ret_3m": 6,
    "retention_6m": 0.167,
    "denom_ret_6m": 6,
    "newcomer_became_merger_ever_rate": 1.0,
    "newcomer_became_merger_ever_count": 1,
    "denom_newcomer_became_merger_ever": 1
  }
]