[
  {
    "full_name": "rust-lang/docker-rust",
    "html_url": "https://github.com/rust-lang/docker-rust",
    "description": "The official Docker images for Rust",
    "language": "Dockerfile",
    "stars": 498,
    "forks": 102,
    "open_issues": 37,
    "owner_type": "Org",
    "created_at": "2017-08-02T02:16:54+00:00",
    "pushed_at": "2025-09-30T15:41:43+00:00",
    "default_branch": "master",
    "docs": {
      "README.md": "# About this Repo\n\nThis is the Git repo of the Docker [official image](https://docs.docker.com/docker-hub/official_repos/) for [rust](https://registry.hub.docker.com/_/rust/). See [the Docker Hub page](https://registry.hub.docker.com/_/rust/) for the full readme on how to use this Docker image and for information regarding contributing and issues.\n\nThe full readme is generated over in [docker-library/docs](https://github.com/docker-library/docs), specifically in [docker-library/docs/rust](https://github.com/docker-library/docs/tree/master/rust).\n\nSee a change merged here that doesn't show up on the Docker Hub yet? Check [the \"library/rust\" manifest file in the docker-library/official-images repo](https://github.com/docker-library/official-images/blob/master/library/rust), especially [PRs with the \"library/rust\" label on that repo](https://github.com/docker-library/official-images/labels/library%2Frust). For more information about the official images process, see the [docker-library/official-images readme](https://github.com/docker-library/official-images/blob/master/README.md).\n\n<!-- THIS FILE IS GENERATED BY https://github.com/docker-library/docs/blob/master/generate-repo-stub-readme.sh -->\n\n## Nightly Toolchain\n\nAn image tracking the Rust nightly toolchain is available via\n[`rustlang/rust:nightly`](https://hub.docker.com/r/rustlang/rust/).\n\n## License\n\nLicensed under the Apache License, Version 2.0 <LICENSE-APACHE or\n[https://www.apache.org/licenses/LICENSE-2.0](https://www.apache.org/licenses/LICENSE-2.0)> or the MIT license\n<LICENSE-MIT or [https://opensource.org/licenses/MIT](https://opensource.org/licenses/MIT)>, at your\noption. Files in the project may not be\ncopied, modified, or distributed except according to those terms.\n"
    },
    "latest_release_at": null,
    "bot_like_contribs": 0,
    "human_contribs": 21,
    "run_ts": "2025-10-02T00:39:11.761778+00:00"
  },
  {
    "full_name": "aws-amplify/docs",
    "html_url": "https://github.com/aws-amplify/docs",
    "description": "AWS Amplify Framework Documentation",
    "language": "MDX",
    "stars": 498,
    "forks": 1080,
    "open_issues": 457,
    "owner_type": "Org",
    "created_at": "2018-09-19T21:08:59+00:00",
    "pushed_at": "2025-10-01T11:10:56+00:00",
    "default_branch": "main",
    "docs": {},
    "latest_release_at": null,
    "bot_like_contribs": 1,
    "human_contribs": 59,
    "run_ts": "2025-10-02T00:39:11.761778+00:00"
  },
  {
    "full_name": "TarteelAI/quranic-universal-library",
    "html_url": "https://github.com/TarteelAI/quranic-universal-library",
    "description": "A comprehensive collection of Quran resources",
    "language": "Ruby",
    "stars": 499,
    "forks": 57,
    "open_issues": 87,
    "owner_type": "Org",
    "created_at": "2024-06-11T02:56:54+00:00",
    "pushed_at": "2025-09-30T09:37:26+00:00",
    "default_branch": "main",
    "docs": {
      "README.md": "<p align=\"center\">\n  <a href=\"https://qul.tarteel.ai\">\n    <picture>\n      <source media=\"(prefers-color-scheme: dark)\" srcset=\"https://github.com/TarteelAI/quranic-universal-library/blob/main/.github/images/qul-og.png?raw=true\">\n      <img src=\"https://github.com/TarteelAI/quranic-universal-library/blob/main/.github/images/qul-og.png?raw=true\">\n    </picture>\n    <h1 align=\"center\">Quranic Universal Library (QUL)</h1>\n  </a>\n</p>\n\n<p align=\"center\">\n  <a aria-label=\"Tarteel logo\" href=\"https://tarteel.ai\">\n    <picture>\n      <source height=\"24\" media=\"(prefers-color-scheme: dark)\" srcset=\"https://tarteel.ai/logo.svg\">\n      <img height=\"24\" src=\"https://tarteel.ai/logo.svg\">\n    </picture>\n  </a>\n  <a aria-label=\"A project by Tarteel Shield\" href=\"https://tarteel.ai\"><img src='https://img.shields.io/badge/A%20PROJECT%20BY%20Tarteel-000000.svg?style=for-the-badge'></a>\n  <a aria-label=\"Follow on X formerly Twitter\" href=\"https://x.com/intent/follow?screen_name=tarteelai\"><img alt=\"X (formerly Twitter) Follow\" src=\"https://img.shields.io/twitter/follow/tarteelai?style=for-the-badge&logo=x\"></a>\n  <a aria-label=\"Join the community on Discord\" href=\"https://t.zip/discord?utm_source=github&utm_medium=readme&utm_campaign=qul\"><img alt=\"Discord\" src=\"https://img.shields.io/discord/934719200222642186?style=for-the-badge&logo=discord&label=Join%20our%20discord\"></a>\n</a>\n</p>\n\nWelcome to QUL! This project is a comprehensive Content Management System designed to manage Quranic data, including translations, tafsirs, Audio, Audio segments, Arabic scripts, Mushaf layouts, and much more.\n\nQUL is implemented using Ruby on Rails, and Active Admin for implementing the admin interface.\n\n## Features\n- Translations and Tafsirs Management: Easily add, proofread, fix issues, and export different formats.\n- Audio Management: Easily add both ayah by ayah and gapless audio, manage audio segments, and export segments data.\n- Arabic Scripts: Preview different Arabic scripts, both ayah by ayah and word by word.\n- Mushaf Layouts: Manage different Mushaf layouts, preview them, and export them.\n- User Management: Manage users, their roles, and permissions.\n- Mutashabihat ul Quran: Manage Mutashabihat ul Quran data.\n- Surah info: Manage Surah info data in multiple languages.\n- Content Versioning: Keep track of all changes made to the content.\n- Export Data: Export data in different formats.\n- Import Data: Import data from different sources.\n- Quranic grammar and morphology: Manage Quranic grammar and morphology data.\n\n## Setup Guide\nThis guide will help you set up the QUL project on your local machine. Follow the steps below to get started.\n\n### Prerequisites\n- **Ruby**: Version 3.3.3\n- **Rails**: Version 7.0.3\n- **RVM or rbenv**: For managing Ruby versions\n- **PostgreSQL**:  14.3 or higher\n- **Redis**: 7.0.0 or higher\n\n#### 1. Clone the repository\n```bash\ngit clone git@github.com:TarteelAI/quranic-universal-library.git\ncd quranic-universal-library\n```\n\n#### 2. Install Ruby and setup environment\n```bash\nrvm install 3.3.3\nrvm use 3.3.3\nrvm gemset create qul\nrvm gemset use qul\n```\n\n#### 3. Install PostgreSQL\n- **Ubuntu/Debian**\n```bash\nsudo apt-get update\nsudo apt-get install postgresql postgresql-contrib libpq-dev\n```\n- **MacOS**\n```bash\nbrew install postgresql\n```\n- **Windows**\nDownload and install the latest version of PostgreSQL from the [official website](https://www.postgresql.org/download/windows/).\n\n#### 4. Install Dependencies\n```bash\ngem install bundler\nbundle install\n```\n\n#### 5. Database Configuration\n\n**QUL requires two databases:**\n\n1. **`quran_dev`**: This database holds all Quranic data, including translations, tafsirs, audio etc. It's accessed through `quran_api_db_dev` for the development environment.\n2. **`quran_community_tarteel`**: This database hold data about user accounts, permissions, and user generated content and change log about translations.\n\n#### 6. Create Databases\nCreate the **`quran_community_tarteel`** database for managing user content.\n```bash\nrails db:create\n```\n\nFor **`quran_dev`** you can create it manually or change the database name to `quran_dev` for `development` group in database.yml file and run `rails db:create` again.\n\n#### 7. Load the data for **`quran_dev`** database\nThe `quran_dev` database dump is available in both SQL and binary formats. Follow the appropriate instructions below to restore the database.\n\n>  **Mini Database Dump for Development**\n> \n> The database backup provided below contains a limited subset of data, specifically selected for local development and testing. It is not a full production database and is intended solely for development and contribution purposes.\n> \n> We **do not provide or share** the full database backup. This mini dump contains all the essential data required to run QUL locally or contribute new features. If you're working on a feature that need more data, please open an issue.\n> If you're looking for specific resource, please visit our [Resources page](https://qul.tarteel.ai/resources/) to download it.\n\n\n#### Restoring from SQL Dump\n7.1 **Restore using SQL Dump:**\nDownload the [SQL dump file](https://static-cdn.tarteel.ai/qul/mini-dumps/mini_quran_dev.sql.zip) and restore it using\n```bash\n  psql quran_dev < \"path to sql dump file\"\n```\nIf it didn't work try running the following command:\n```bash\npsql -U postgres -d quran_dev -f path/to/quran_dev.sql\n```\n\n7.2 **Restore using binary dump:**\nDownload the [Binary dump file](https://static-cdn.tarteel.ai/qul/mini-dumps/mini_quran_dev.dump.zip) and restore it using\n```bash\npg_restore --host localhost --port 5432 --no-owner --no-privileges --no-tablespaces --no-acl --dbname quran_dev -v \"path to binary dump file\"\n```\n\n### 8. Run the migrations for **`quran_community_tarteel`** database\n```ruby\nrails db:migrate\nrails db:migrate\nrails db:seed\n```\n\n#### 9. Run the Application\n```bash\nbin/dev\n```\n\n🌟Insha`Allah! Your application should be up and running at time point! 🌟\n\nYou can now visit [http://localhost:3000](http://localhost:3000) in your browser to explore the app.\n\n🔐 Head over to the admin panel at [http://localhost:3000/admin](http://localhost:3000/admin)\n\n### 10. Contributing to QUL\nWe welcome contributions to enhance the QUL project! If you'd like to contribute, please follow these steps:\n\n10.1 **Fork the Repository:**\nClick on the \"Fork\" button at the top right of this page to create your own copy of the repository.\n\n10.2 **Clone Your Fork:**\n```bash\n   git clone https://github.com/your_username/quranic-universal-library.git\n```\n\n10.3. **Create a new feature branch:**\n  ```bash\n     git checkout -b making-qul\n  ```\n10.4 **Make Your Changes:**\n\n10.5 **Push Your Changes:**\n```bash\ngit add .\ngit commit -m \"Add a brief description of your changes\"\ngit push origin your-feature-branch\n```\n10.6 **Create a Pull Request:**\n\nMay Allah reward your efforts and make them beneficial for the community! 🤲\n"
    },
    "latest_release_at": null,
    "bot_like_contribs": 1,
    "human_contribs": 11,
    "run_ts": "2025-10-02T00:39:11.761778+00:00"
  },
  {
    "full_name": "swiftwasm/carton",
    "html_url": "https://github.com/swiftwasm/carton",
    "description": "📦 Watcher, bundler, and test runner for your SwiftWasm apps",
    "language": "Swift",
    "stars": 498,
    "forks": 45,
    "open_issues": 40,
    "owner_type": "Org",
    "created_at": "2020-05-04T16:26:08+00:00",
    "pushed_at": "2025-03-07T01:05:20+00:00",
    "default_branch": "main",
    "docs": {
      "README.md": "# carton 📦\n\n## Watcher, bundler, and test runner for your [SwiftWasm](https://swiftwasm.org/) apps\n\nThe main goal of `carton` is to provide a smooth zero-config experience when developing for WebAssembly.\nIt currently supports these features with separate commands:\n\n- Watching the app for source code changes and reloading it in your browser with `swift run carton dev`.\n- Running your XCTest suite in the full JavaScript/DOM environment with `swift run carton test`.\n- Optimizing and packaging the app for distribution with `swift run carton bundle`.\n\n## Motivation\n\nThe main motivation for `carton` came after having enough struggles with\n[webpack.js](https://webpack.js.org), trying to make its config file work, looking for appropriate\nplugins. At some point the maintainers became convinced that the required use of `webpack` in\nSwiftWasm projects could limit the wider adoption of SwiftWasm itself. Hopefully, with `carton` you\ncan avoid using `webpack` altogether. `carton` also simplifies a few other things in your SwiftWasm\ndevelopment workflow such as toolchain and SDK installations.\n\n## Getting started\n\n### Requirements\n\n- Xcode 15.1 or later.\n- [Swift 5.9.2 or later](https://swift.org/download/).\n\n### Installation\n\nTo install `carton` as a SwiftPM plugin, first add the following line to your `Package.swift` file:\n\n```swift\ndependencies: [\n    .package(url: \"https://github.com/swiftwasm/carton\", from: \"1.0.0\"),\n],\n```\n\n> [!WARNING]\n> - If you already use `carton` before 0.x.x versions via Homebrew, you can remove it with `brew uninstall carton` and install the new version as a SwiftPM dependency.\n> - Also please remove the old `.build` directory before using the new `carton`\n\n### Usage\n\nThe `swift run carton dev` command builds your project with the SwiftWasm toolchain and starts an HTTP server\nthat hosts your WebAssembly executable and a corresponding JavaScript entrypoint that loads it. The\napp, reachable at [http://127.0.0.1:8080/](http://127.0.0.1:8080/), will automatically open in your\ndefault web browser. The port that the development server uses can also be controlled with the\n`--port` option (or `-p` for short). You can edit the app source code in your favorite editor and\nsave it, `carton` will immediately rebuild the app and reload all browser tabs that have the app\nopen. You can also pass a `--verbose` flag to keep the build process output available, otherwise\nstale output is cleaned up from your terminal screen by default. If you have a custom `index.html`\npage you'd like to use when serving, pass a path to it with a `--custom-index-page` option.\n\nThe `swift run carton test` command runs your test suite in [`wasmer`](https://wasmer.io/), [`node`](https://nodejs.org/en/)\nor using your default browser. You can switch between these with the `--environment` option, passing\neither: `command`, `node` or `browser`. Code that depends on\n[JavaScriptKit](https://github.com/swiftwasm/JavaScriptKit) should pass either `--environment node` or\n`--environment browser` options, depending on whether it needs Web APIs to work. Otherwise\nthe test run will not succeed, since JavaScript environment is not available with `--environment command`.\nIf you want to run your test suite on CI or without GUI but on browser, you can pass `--headless` flag.\nIt enables [WebDriver](https://w3c.github.io/webdriver/)-based headless browser testing. Note that you\nneed to install a WebDriver executable in `PATH` before running tests.\nYou can use the command with a prebuilt test bundle binary instead of building it in carton by passing\n`--prebuilt-test-bundle-path <your binary path>`.\n\nThe `swift run carton bundle` command builds your project using the `release` configuration (although you can\npass the `--debug` flag to it to change that), and copies all required assets to the `Bundle`\ndirectory. You can then use a static file hosting (e.g. [GitHub Pages](https://pages.github.com/))\nor any other server with support for static files to deploy your application. All resulting bundle\nfiles except `index.html` are named by their content hashes to enable [cache\nbusting](https://www.keycdn.com/support/what-is-cache-busting). As with `swift run carton dev`, a custom\n`index.html` page can be provided through the `--custom-index-page` option. You can also pass\n`--debug-info` flag to preserve `names` and DWARF sections in the resulting `.wasm` file, as these\nare stripped in the `release` configuration by default. By default, `swift run carton bundle` will run `wasm-opt`\non the resulting .wasm binary in order to reduce its file size. That behaviour can be disabled (in order\nto speed up the build) by appending the `--wasm-optimizations none` option.\n\nAll commands that delegate to `swift build` and `swiftc` (namely, `dev`, `test`, and `bundle`)\ncan be passed `-Xswiftc` arguments, which is equivalent to `-Xswiftc` in `swift build`. All\n`-Xswiftc` arguments are propagated to `swiftc` itself unmodified.\n\nAll of these commands and subcommands can be passed a `--help` flag that prints usage info and\ninformation about all available options.\n\n## How does it work?\n\n`carton` bundles a [WASI](https://wasi.dev) polyfill, which is currently required to run any SwiftWasm code,\nand the [JavaScriptKit](https://github.com/kateinoigakukun/JavaScriptKit/) runtime for convenience.\n`carton` also embeds an HTTP server for previewing your SwiftWasm app directly in a browser.\nThe development version of the polyfill establishes a helper WebSocket connection to the server, so that\nit can reload development browser tabs when rebuilt binary is available. This brings the development\nexperience closer to Xcode live previews, which you may have previously used when developing SwiftUI apps.\n\n`carton` does not require any config files for these basic development scenarios, while some configuration\nmay be supported in the future, for example for complex asset pipelines if needed. The only requirement\nis that your `Package.swift` contains at least a single executable product, which then will be compiled\nfor WebAssembly and served when you start `swift run carton dev` in the directory where `Package.swift` is located.\n\n`carton` is built as a SwiftPM Plugin with [SwiftNIO](https://github.com/apple/swift-nio), and supports both\nmacOS and Linux. (Many thanks to everyone supporting and maintaining those projects!)\n\n> [!TIP]\n> There is no comprehensive documentation about the internal architecture of `carton`, but [this page](https://github.com/swiftwasm/carton/pull/420) might be helpful to understand the current architecture and rationale.\n\n### Running `swift run carton dev` with the `release` configuration\n\nBy default `swift run carton dev` will compile in the `debug` configuration. Add the `--release` flag to compile in the `release` configuration.\n\n### Version compatibility\n\n`carton` previously embedded runtime parts of [the JavaScriptKit library](https://github.com/swiftwasm/JavaScriptKit).\nThis runtime allows Swift and JavaScript code to interoperate in Node.js and browser environments. Because of how\nJavaScriptKit runtime was embedded, older versions of JavaScriptKit were incompatible with different versions of\n`carton` and vice versa. This incompatibility between different versions was resolved starting with JavaScriptKit 0.15\nand `carton` 0.15. All version combinations of `carton` and JavaScriptKit higher than those are compatible with each\nother.\n\nYou still have to keep in mind that older versions of SwiftWasm may be incompatible with newer `carton`. You can follow\nthe compatibility matrix if you need to use older versions:\n\n| `carton` version | SwiftWasm version | JavaScriptKit version | Tokamak version |\n| ---------------- | ----------------- | --------------------- | --------------- |\n| 1.0+             | 5.9.2             |                       |                 |\n| 0.20+            | 5.9               |                       |                 |\n| 0.15+            | 5.6               | 0.15+                 | 0.10.1+         |\n| 0.14             | 5.6               | 0.14                  | 0.10            |\n| 0.13             | 5.5               | 0.13                  | 0.9.1           |\n| 0.12.2           | 5.5               | 0.12                  | 0.9.1           |\n| 0.12.0           | 5.5               | 0.11                  | 0.9.0           |\n| 0.11.0           | 5.4               | 0.10.1                | 0.8.0           |\n\n## Contributing\n\n### Sponsorship\n\nIf this tool saved you any amount of time or money, please consider [sponsoring\nthe SwiftWasm organization](https://github.com/sponsors/swiftwasm). Or you can sponsor some of our\nmaintainers directly on their personal sponsorship pages:\n[@carson-katri](https://github.com/sponsors/carson-katri),\n[@kateinoigakukun](https://github.com/sponsors/kateinoigakukun), and\n[@MaxDesiatov](https://github.com/sponsors/MaxDesiatov). While some of the\nsponsorship tiers give you priority support or even consulting time, any amount is\nappreciated and helps in maintaining the project.\n\n[Become a gold or platinum sponsor](https://github.com/sponsors/swiftwasm/) and contact maintainers to add your logo on our README on GitHub with a link to your site.\n\n<a href=\"https://www.emergetools.com/\">\n  <img src=\"https://github.com/swiftwasm/swift/raw/swiftwasm-distribution/assets/sponsors/emergetools.png\" width=\"30%\">\n</a>\n\n### Coding Style\n\nThis project uses [SwiftFormat](https://github.com/nicklockwood/SwiftFormat)\nand [SwiftLint](https://github.com/realm/SwiftLint) to\nenforce formatting and coding style. We encourage you to run SwiftFormat within\na local clone of the repository in whatever way works best for you either\nmanually or automatically via an [Xcode\nextension](https://github.com/nicklockwood/SwiftFormat#xcode-source-editor-extension),\n[build phase](https://github.com/nicklockwood/SwiftFormat#xcode-build-phase) or\n[git pre-commit\nhook](https://github.com/nicklockwood/SwiftFormat#git-pre-commit-hook) etc.\n\nTo guarantee that these tools run before you commit your changes on macOS, you're encouraged\nto run this once to set up the [pre-commit](https://pre-commit.com/) hook:\n\n```\nbrew bundle # installs SwiftLint, SwiftFormat and pre-commit\npre-commit install # installs pre-commit hook to run checks before you commit\n```\n\nRefer to [the pre-commit documentation page](https://pre-commit.com/) for more details\nand installation instructions for other platforms.\n\nSwiftFormat and SwiftLint also run on CI for every PR and thus a CI build can\nfail with inconsistent formatting or style. We require CI builds to pass for all\nPRs before merging.\n\n### Code of Conduct\n\nThis project adheres to the [Contributor Covenant Code of\nConduct](https://github.com/swiftwasm/.github/blob/main/CODE_OF_CONDUCT.md).\nBy participating, you are expected to uphold this code. Please report\nunacceptable behavior to hello@swiftwasm.org.\n"
    },
    "latest_release_at": "2024-12-10T05:02:26+00:00",
    "bot_like_contribs": 1,
    "human_contribs": 24,
    "run_ts": "2025-10-02T00:39:11.761778+00:00"
  },
  {
    "full_name": "apk-editor/APK-Explorer-Editor",
    "html_url": "https://github.com/apk-editor/APK-Explorer-Editor",
    "description": "Source code of APK Explorer & Editor (AEE),  an open-source tool to explore the contents of an installed APK!",
    "language": "Java",
    "stars": 1001,
    "forks": 150,
    "open_issues": 71,
    "owner_type": "User",
    "created_at": "2021-03-04T12:56:29+00:00",
    "pushed_at": "2025-09-30T08:05:11+00:00",
    "default_branch": "master",
    "docs": {
      "README.md": "# APK Explorer & Editor (AEE)\n\n![AEE](app/src/main/res/mipmap-xxxhdpi/ic_launcher.png?raw=true)\n\n[![](https://img.shields.io/badge/APK%20Explorer%20&%20Editor%20(AEE)-v0.32-green)](https://github.com/apk-editor/APK-Explorer-Editor/releases)\n![](https://img.shields.io/github/downloads/apk-editor/APK-Explorer-Editor/total)\n![](https://img.shields.io/github/languages/top/apk-editor/APK-Explorer-Editor)\n![](https://img.shields.io/github/contributors/apk-editor/APK-Explorer-Editor)\n![](https://img.shields.io/github/license/apk-editor/APK-Explorer-Editor)\n\n### APK Explorer & Editor, an open-source tool to explore the contents of an installed APK, is strictly made with an aim to inspect an installed APK file.\n\n## Features\nAEE currently supports the following tasks\n* Explore an installed application or APK file picked from the device storage and navigate through its contents.\n* Save/export individual resource files such as icon, fonts, graphics, binary XML files, etc to device storage.\n* Export and easily manage (install, share etc.) APK's/Split APK's into device storage.\n* Includes a feature-rich APK/Split APK/App bundle installer (easily pick and install files from device storage)\n* Edit text/binary XML files using an in-built text/XML editor (still, a bit buggy when working with too huge APK's).\n* Delete or replaces resources.\n* Assemble modified smali files into new classes (.dex).\n* Decode and view the contents of \"resources.arsc\".\n* Create signed APK's/App Bundles after the above-mentioned processes.\n* Resign APK's/bundles with AEE custom key.\n* A lot more...\n\n## Download\n[<img src=\"https://play.google.com/intl/en_us/badges/images/generic/en-play-badge.png\"\n     alt=\"\" height=\"80\">](https://play.google.com/store/apps/details?id=com.apk.explorer)\n[<img src=\"https://fdroid.gitlab.io/artwork/badge/get-it-on.png\"\n               alt=\"\"\n               height=\"80\">](https://f-droid.org/packages/com.apk.editor/)\n[<img src=\"https://gitlab.com/IzzyOnDroid/repo/-/raw/master/assets/IzzyOnDroid.png\"\n          alt=\"\"\n          height=\"80\">](https://apt.izzysoft.de/fdroid/index/apk/com.apk.editor)\n[<img src=\"https://i.ibb.co/q0mdc4Z/get-it-on-github.png\"\n                    alt=\"\" height=\"80\">](https://github.com/apk-editor/APK-Explorer-Editor/releases)\n\n## Support\n[<img src=\"https://github.com/SmartPack/SmartPack.github.io/blob/master/assets/pic006.png?raw=true\"\n     alt=\"\"\n     height=\"80\">](https://t.me/apkexplorer)\n\n## Credits\nA list of people who contributed to this project is available [here](Credits.md).\n\n## Translations\nPlease help me to translate this application via [POEditor](https://poeditor.com/join/project?hash=QztabxONOp). You may also translate after downloading the original language string available [here](app/src/main/res/values/strings.xml).\n\n## License\n\n    Copyright (C) 2021-2025 APK Explorer & Editor <apkeditor@protonmail.com>\n\n    APK Explorer & Editor (AEE) is a free softwares: you can redistribute it and/or\n    modify it under the terms of the GNU General Public License as published by the\n    Free Software Foundation, either version 3 of the License, or (at\n    your option) any later version.\n\n    APK Explorer & Editor is distributed in the hope that it will be useful, but\n    WITHOUT ANY WARRANTY; without even the implied warranty of MERCHANTABILITY or\n    FITNESS FOR A PARTICULAR PURPOSE. See the GNU General Public License\n    for more details.\n\n    You should have received a copy of the GNU General Public License along\n    with APK Explorer & Editor. If not, see <http://www.gnu.org/licenses/>."
    },
    "latest_release_at": "2025-09-28T10:57:12+00:00",
    "bot_like_contribs": 0,
    "human_contribs": 12,
    "run_ts": "2025-10-02T00:39:11.761778+00:00"
  }
]