[
  {
    "full_name": "2dust/v2rayNG",
    "language": "Kotlin",
    "owner_type": "User",
    "stars": 45378,
    "pushed_at": "2025-09-13T05:55:54+00:00",
    "latest_release_at": "2025-09-11T11:09:59+00:00",
    "bot_like_contribs": 1,
    "human_contribs": 52,
    "R": 4.0,
    "A": 4.0,
    "C": 2.3,
    "score": 3.49,
    "readability_feats": {
      "n_words": 348,
      "n_sents": 56,
      "flesch_reading_ease": 64.39,
      "avg_sentence_len": 6.21,
      "code_block_count": 0,
      "heading_count": 6,
      "passive_hits": 4
    },
    "completeness_sections": {
      "overview": true,
      "install": false,
      "quickstart": true,
      "dev_setup": false,
      "testing": false,
      "contrib": false,
      "coc": false,
      "troubleshooting": false,
      "release": false
    },
    "broken_link_ratio": 0.1,
    "rationale": {
      "readability": "Flesch=64.39 ASL=6.21 code_blocks=0",
      "actuality": "broken_link_ratio=0.1, months_since_push=-0.43",
      "completeness": "sections_present=['overview', 'quickstart']"
    },
    "run_ts": "2025-10-02T20:50:07.362362+00:00"
  },
  {
    "full_name": "AUTOMATIC1111/stable-diffusion-webui",
    "language": "Python",
    "owner_type": "User",
    "stars": 157045,
    "pushed_at": "2025-09-17T16:31:20+00:00",
    "latest_release_at": "2024-07-27T12:50:05+00:00",
    "bot_like_contribs": 0,
    "human_contribs": 60,
    "R": 3.5,
    "A": 4.0,
    "C": 2.7,
    "score": 3.41,
    "readability_feats": {
      "n_words": 1663,
      "n_sents": 134,
      "flesch_reading_ease": 29.01,
      "avg_sentence_len": 12.41,
      "code_block_count": 29,
      "heading_count": 19,
      "passive_hits": 5
    },
    "completeness_sections": {
      "overview": false,
      "install": true,
      "quickstart": false,
      "dev_setup": false,
      "testing": false,
      "contrib": true,
      "coc": false,
      "troubleshooting": false,
      "release": true
    },
    "broken_link_ratio": 0.05,
    "rationale": {
      "readability": "Flesch=29.01 ASL=12.41 code_blocks=29",
      "actuality": "broken_link_ratio=0.05, months_since_push=-0.56",
      "completeness": "sections_present=['contrib', 'install', 'release']"
    },
    "run_ts": "2025-10-02T20:50:07.362362+00:00"
  },
  {
    "full_name": "f/awesome-chatgpt-prompts",
    "language": "JavaScript",
    "owner_type": "User",
    "stars": 134881,
    "pushed_at": "2025-09-29T21:13:12+00:00",
    "latest_release_at": null,
    "bot_like_contribs": 0,
    "human_contribs": 60,
    "R": 3.5,
    "A": 3.5,
    "C": 3.5,
    "score": 3.5,
    "readability_feats": {
      "n_words": 22358,
      "n_sents": 1498,
      "flesch_reading_ease": 52.32,
      "avg_sentence_len": 14.93,
      "code_block_count": 14,
      "heading_count": 233,
      "passive_hits": 39
    },
    "completeness_sections": {
      "overview": true,
      "install": true,
      "quickstart": false,
      "dev_setup": false,
      "testing": true,
      "contrib": true,
      "coc": false,
      "troubleshooting": true,
      "release": false
    },
    "broken_link_ratio": 0.4,
    "rationale": {
      "readability": "Flesch=52.32 ASL=14.93 code_blocks=14",
      "actuality": "broken_link_ratio=0.4, months_since_push=-0.95",
      "completeness": "sections_present=['contrib', 'install', 'overview', 'testing', 'troubleshooting']"
    },
    "run_ts": "2025-10-02T20:50:07.362362+00:00"
  },
  {
    "full_name": "pcottle/learnGitBranching",
    "language": "JavaScript",
    "owner_type": "User",
    "stars": 32530,
    "pushed_at": "2025-09-17T19:05:14+00:00",
    "latest_release_at": null,
    "bot_like_contribs": 1,
    "human_contribs": 59,
    "R": 4.0,
    "A": 3.5,
    "C": 2.7,
    "score": 3.46,
    "readability_feats": {
      "n_words": 1989,
      "n_sents": 225,
      "flesch_reading_ease": 65.37,
      "avg_sentence_len": 8.84,
      "code_block_count": 1,
      "heading_count": 17,
      "passive_hits": 5
    },
    "completeness_sections": {
      "overview": false,
      "install": true,
      "quickstart": false,
      "dev_setup": false,
      "testing": true,
      "contrib": true,
      "coc": false,
      "troubleshooting": false,
      "release": false
    },
    "broken_link_ratio": 0.35,
    "rationale": {
      "readability": "Flesch=65.37 ASL=8.84 code_blocks=1",
      "actuality": "broken_link_ratio=0.35, months_since_push=-0.56",
      "completeness": "sections_present=['contrib', 'install', 'testing']"
    },
    "run_ts": "2025-10-02T20:50:07.362362+00:00"
  },
  {
    "full_name": "derailed/k9s",
    "language": "Go",
    "owner_type": "User",
    "stars": 31347,
    "pushed_at": "2025-09-30T01:27:36+00:00",
    "latest_release_at": "2025-09-27T15:17:35+00:00",
    "bot_like_contribs": 1,
    "human_contribs": 59,
    "R": 3.5,
    "A": 3.5,
    "C": 3.1,
    "score": 3.38,
    "readability_feats": {
      "n_words": 6447,
      "n_sents": 655,
      "flesch_reading_ease": 59.11,
      "avg_sentence_len": 9.84,
      "code_block_count": 412,
      "heading_count": 69,
      "passive_hits": 22
    },
    "completeness_sections": {
      "overview": true,
      "install": true,
      "quickstart": false,
      "dev_setup": false,
      "testing": true,
      "contrib": false,
      "coc": false,
      "troubleshooting": false,
      "release": true
    },
    "broken_link_ratio": 0.2,
    "rationale": {
      "readability": "Flesch=59.11 ASL=9.84 code_blocks=412",
      "actuality": "broken_link_ratio=0.2, months_since_push=-0.99",
      "completeness": "sections_present=['install', 'overview', 'release', 'testing']"
    },
    "run_ts": "2025-10-02T20:50:07.362362+00:00"
  }
]