[
  {
    "full_name": "rust-lang/docker-rust",
    "language": "Dockerfile",
    "owner_type": "Org",
    "stars": 498,
    "pushed_at": "2025-09-30T15:41:43+00:00",
    "latest_release_at": null,
    "bot_like_contribs": 0,
    "human_contribs": 21,
    "R": 3.0,
    "A": 3.5,
    "C": 2.3,
    "score": 2.94,
    "readability_feats": {
      "n_words": 255,
      "n_sents": 37,
      "flesch_reading_ease": 45.57,
      "avg_sentence_len": 6.89,
      "code_block_count": 0,
      "heading_count": 3,
      "passive_hits": 3
    },
    "completeness_sections": {
      "overview": true,
      "install": false,
      "quickstart": false,
      "dev_setup": false,
      "testing": false,
      "contrib": true,
      "coc": false,
      "troubleshooting": false,
      "release": false
    },
    "broken_link_ratio": 0.429,
    "rationale": {
      "readability": "Flesch=45.57 ASL=6.89 code_blocks=0",
      "actuality": "broken_link_ratio=0.429, months_since_push=-0.99",
      "completeness": "sections_present=['contrib', 'overview']"
    },
    "run_ts": "2025-10-02T00:39:40.194304+00:00"
  },
  {
    "full_name": "aws-amplify/docs",
    "language": "MDX",
    "owner_type": "Org",
    "stars": 498,
    "pushed_at": "2025-10-01T11:10:56+00:00",
    "latest_release_at": null,
    "bot_like_contribs": 1,
    "human_contribs": 59,
    "R": 3.0,
    "A": 3.5,
    "C": 1.5,
    "score": 2.7,
    "readability_feats": {
      "flesch_reading_ease": 0,
      "avg_sentence_len": 0,
      "code_block_count": 0,
      "heading_count": 0,
      "passive_hits": 0,
      "n_words": 0,
      "n_sents": 1
    },
    "completeness_sections": {},
    "broken_link_ratio": 1.0,
    "rationale": {
      "readability": "Flesch=0 ASL=0 code_blocks=0",
      "actuality": "broken_link_ratio=1.0, months_since_push=-1.02",
      "completeness": "sections_present=[]"
    },
    "run_ts": "2025-10-02T00:39:40.194304+00:00"
  },
  {
    "full_name": "TarteelAI/quranic-universal-library",
    "language": "Ruby",
    "owner_type": "Org",
    "stars": 499,
    "pushed_at": "2025-09-30T09:37:26+00:00",
    "latest_release_at": null,
    "bot_like_contribs": 1,
    "human_contribs": 11,
    "R": 3.5,
    "A": 3.5,
    "C": 3.9,
    "score": 3.62,
    "readability_feats": {
      "n_words": 988,
      "n_sents": 118,
      "flesch_reading_ease": 52.51,
      "avg_sentence_len": 8.37,
      "code_block_count": 24,
      "heading_count": 14,
      "passive_hits": 2
    },
    "completeness_sections": {
      "overview": true,
      "install": true,
      "quickstart": false,
      "dev_setup": true,
      "testing": true,
      "contrib": true,
      "coc": false,
      "troubleshooting": false,
      "release": true
    },
    "broken_link_ratio": 0.5,
    "rationale": {
      "readability": "Flesch=52.51 ASL=8.37 code_blocks=24",
      "actuality": "broken_link_ratio=0.5, months_since_push=-0.99",
      "completeness": "sections_present=['contrib', 'dev_setup', 'install', 'overview', 'release', 'testing']"
    },
    "run_ts": "2025-10-02T00:39:40.194304+00:00"
  },
  {
    "full_name": "swiftwasm/carton",
    "language": "Swift",
    "owner_type": "Org",
    "stars": 498,
    "pushed_at": "2025-03-07T01:05:20+00:00",
    "latest_release_at": "2024-12-10T05:02:26+00:00",
    "bot_like_contribs": 1,
    "human_contribs": 24,
    "R": 3.5,
    "A": 3.0,
    "C": 4.3,
    "score": 3.59,
    "readability_feats": {
      "n_words": 1576,
      "n_sents": 173,
      "flesch_reading_ease": 58.66,
      "avg_sentence_len": 9.11,
      "code_block_count": 3,
      "heading_count": 14,
      "passive_hits": 16
    },
    "completeness_sections": {
      "overview": true,
      "install": true,
      "quickstart": true,
      "dev_setup": false,
      "testing": true,
      "contrib": true,
      "coc": true,
      "troubleshooting": false,
      "release": true
    },
    "broken_link_ratio": 0.15,
    "rationale": {
      "readability": "Flesch=58.66 ASL=9.11 code_blocks=3",
      "actuality": "broken_link_ratio=0.15, months_since_push=5.81",
      "completeness": "sections_present=['coc', 'contrib', 'install', 'overview', 'quickstart', 'release', 'testing']"
    },
    "run_ts": "2025-10-02T00:39:40.194304+00:00"
  },
  {
    "full_name": "apk-editor/APK-Explorer-Editor",
    "language": "Java",
    "owner_type": "User",
    "stars": 1001,
    "pushed_at": "2025-09-30T08:05:11+00:00",
    "latest_release_at": "2025-09-28T10:57:12+00:00",
    "bot_like_contribs": 0,
    "human_contribs": 12,
    "R": 3.5,
    "A": 3.5,
    "C": 1.9,
    "score": 3.02,
    "readability_feats": {
      "n_words": 509,
      "n_sents": 79,
      "flesch_reading_ease": 56.36,
      "avg_sentence_len": 6.44,
      "code_block_count": 19,
      "heading_count": 8,
      "passive_hits": 1
    },
    "completeness_sections": {
      "overview": false,
      "install": true,
      "quickstart": false,
      "dev_setup": false,
      "testing": false,
      "contrib": false,
      "coc": false,
      "troubleshooting": false,
      "release": false
    },
    "broken_link_ratio": 0.444,
    "rationale": {
      "readability": "Flesch=56.36 ASL=6.44 code_blocks=19",
      "actuality": "broken_link_ratio=0.444, months_since_push=-0.99",
      "completeness": "sections_present=['install']"
    },
    "run_ts": "2025-10-02T00:39:40.194304+00:00"
  }
]