[
  {
    "full_name": "satwikkansal/wtfpython",
    "asof": "2025-09-01T00:00:00+00:00",
    "run_ts": "2025-10-02T15:56:00.171696+00:00",
    "comment_dump_index": {
      "repo_index": "mined/comments_365d/shard_15/satwikkansal__wtfpython/index.json",
      "shard_manifest": "mined/comments_365d/shard_15.comments.index.json",
      "counts": {
        "issue": 69,
        "review": 34,
        "total": 103
      },
      "pr_count_dumped": 29
    },
    "readme_words": 17366,
    "docs_md_count": 0,
    "has_contributing": true,
    "has_coc": false,
    "has_issue_template": false,
    "has_pr_template": false,
    "has_codeowners": false,
    "has_maintainers": false,
    "has_governance": false,
    "has_workflows": true,
    "workflows_count": 1,
    "discussions_enabled": true,
    "onboarding_surfaces_count": 2,
    "pr_merge_rate_90": null,
    "denom_prs_90": 0,
    "censor_days": 7,
    "maintainer_first_reply_median_hrs_365": 74.28583333333333,
    "pr_with_human_maint_comment_rate_365": 0.714,
    "maintainer_to_author_comment_ratio_365": 1.226,
    "links_per_comment_365": 0.13,
    "denom_prs_comment_window_365": 14,
    "count_prs_with_maint_comment_365": 10,
    "count_maintainer_comments_365": 38,
    "count_author_comments_365": 31,
    "count_human_comments_365": 69,
    "count_links_365": 9,
    "convo_readability_feats": {
      "n_words": 2186,
      "n_sents": 137,
      "flesch_reading_ease": 61.84,
      "avg_sentence_len": 15.96,
      "code_block_count": 3,
      "heading_count": 5,
      "passive_hits": 20
    },
    "convo_broken_link_ratio_365": 0.111,
    "R_convo_rule_365": 4.3,
    "newcomers_strict_window": 1,
    "total_prs_in_window": 14,
    "conversion_1m": 0.0,
    "denom_conv_1m": 1,
    "conversion_3m": 0.0,
    "denom_conv_3m": 1,
    "conversion_6m": null,
    "denom_conv_6m": 0,
    "additional_prs_1m": {
      "sum": 0,
      "avg": 0.0,
      "median": 0.0
    },
    "additional_prs_3m": {
      "sum": 0,
      "avg": 0.0,
      "median": 0.0
    },
    "additional_prs_6m": {
      "sum": 0,
      "avg": null,
      "median": null
    },
    "retention_1m": 0.0,
    "denom_ret_1m": 1,
    "retention_3m": 0.0,
    "denom_ret_3m": 1,
    "retention_6m": null,
    "denom_ret_6m": 0,
    "newcomer_became_merger_ever_rate": null,
    "newcomer_became_merger_ever_count": 0,
    "denom_newcomer_became_merger_ever": 0
  },
  {
    "full_name": "GorvGoyl/Clone-Wars",
    "asof": "2025-09-01T00:00:00+00:00",
    "run_ts": "2025-10-02T15:56:00.171696+00:00",
    "comment_dump_index": {
      "repo_index": "mined/comments_365d/shard_15/GorvGoyl__Clone-Wars/index.json",
      "shard_manifest": "mined/comments_365d/shard_15.comments.index.json",
      "counts": {
        "issue": 3,
        "review": 3,
        "total": 6
      },
      "pr_count_dumped": 12
    },
    "readme_words": 6906,
    "docs_md_count": 0,
    "has_contributing": false,
    "has_coc": false,
    "has_issue_template": false,
    "has_pr_template": false,
    "has_codeowners": false,
    "has_maintainers": false,
    "has_governance": false,
    "has_workflows": false,
    "workflows_count": 0,
    "discussions_enabled": true,
    "onboarding_surfaces_count": 1,
    "pr_merge_rate_90": null,
    "denom_prs_90": 0,
    "censor_days": 7,
    "maintainer_first_reply_median_hrs_365": null,
    "pr_with_human_maint_comment_rate_365": 0.0,
    "maintainer_to_author_comment_ratio_365": 0.0,
    "links_per_comment_365": 0.0,
    "denom_prs_comment_window_365": 10,
    "count_prs_with_maint_comment_365": 0,
    "count_maintainer_comments_365": 0,
    "count_author_comments_365": 1,
    "count_human_comments_365": 2,
    "count_links_365": 0,
    "convo_readability_feats": {
      "n_words": 8,
      "n_sents": 1,
      "flesch_reading_ease": 114.12,
      "avg_sentence_len": 8.0,
      "code_block_count": 0,
      "heading_count": 0,
      "passive_hits": 0
    },
    "convo_broken_link_ratio_365": 0.0,
    "R_convo_rule_365": 4.0,
    "newcomers_strict_window": 8,
    "total_prs_in_window": 10,
    "conversion_1m": 0.125,
    "denom_conv_1m": 8,
    "conversion_3m": 0.125,
    "denom_conv_3m": 8,
    "conversion_6m": 0.0,
    "denom_conv_6m": 5,
    "additional_prs_1m": {
      "sum": 1,
      "avg": 0.125,
      "median": 0.0
    },
    "additional_prs_3m": {
      "sum": 1,
      "avg": 0.125,
      "median": 0.0
    },
    "additional_prs_6m": {
      "sum": 0,
      "avg": 0.0,
      "median": 0.0
    },
    "retention_1m": 0.0,
    "denom_ret_1m": 8,
    "retention_3m": 0.0,
    "denom_ret_3m": 8,
    "retention_6m": 0.0,
    "denom_ret_6m": 5,
    "newcomer_became_merger_ever_rate": null,
    "newcomer_became_merger_ever_count": 0,
    "denom_newcomer_became_merger_ever": 0
  },
  {
    "full_name": "ajeetdsouza/zoxide",
    "asof": "2025-09-01T00:00:00+00:00",
    "run_ts": "2025-10-02T15:56:00.171696+00:00",
    "comment_dump_index": {
      "repo_index": "mined/comments_365d/shard_15/ajeetdsouza__zoxide/index.json",
      "shard_manifest": "mined/comments_365d/shard_15.comments.index.json",
      "counts": {
        "issue": 175,
        "review": 24,
        "total": 199
      },
      "pr_count_dumped": 82
    },
    "readme_words": 2431,
    "docs_md_count": 0,
    "has_contributing": false,
    "has_coc": true,
    "has_issue_template": false,
    "has_pr_template": false,
    "has_codeowners": false,
    "has_maintainers": false,
    "has_governance": false,
    "has_workflows": true,
    "workflows_count": 4,
    "discussions_enabled": true,
    "onboarding_surfaces_count": 2,
    "pr_merge_rate_90": null,
    "denom_prs_90": 0,
    "censor_days": 7,
    "maintainer_first_reply_median_hrs_365": 33.85611111111111,
    "pr_with_human_maint_comment_rate_365": 0.565,
    "maintainer_to_author_comment_ratio_365": 1.102,
    "links_per_comment_365": 0.222,
    "denom_prs_comment_window_365": 69,
    "count_prs_with_maint_comment_365": 39,
    "count_maintainer_comments_365": 65,
    "count_author_comments_365": 59,
    "count_human_comments_365": 153,
    "count_links_365": 34,
    "convo_readability_feats": {
      "n_words": 7061,
      "n_sents": 585,
      "flesch_reading_ease": 70.19,
      "avg_sentence_len": 12.07,
      "code_block_count": 22,
      "heading_count": 4,
      "passive_hits": 46
    },
    "convo_broken_link_ratio_365": 0.35,
    "R_convo_rule_365": 4.3,
    "newcomers_strict_window": 41,
    "total_prs_in_window": 64,
    "conversion_1m": 0.081,
    "denom_conv_1m": 37,
    "conversion_3m": 0.114,
    "denom_conv_3m": 35,
    "conversion_6m": 0.067,
    "denom_conv_6m": 15,
    "additional_prs_1m": {
      "sum": 7,
      "avg": 0.189,
      "median": 0.0
    },
    "additional_prs_3m": {
      "sum": 8,
      "avg": 0.229,
      "median": 0.0
    },
    "additional_prs_6m": {
      "sum": 1,
      "avg": 0.067,
      "median": 0.0
    },
    "retention_1m": 0.027,
    "denom_ret_1m": 37,
    "retention_3m": 0.029,
    "denom_ret_3m": 35,
    "retention_6m": 0.067,
    "denom_ret_6m": 15,
    "newcomer_became_merger_ever_rate": null,
    "newcomer_became_merger_ever_count": 0,
    "denom_newcomer_became_merger_ever": 0
  },
  {
    "full_name": "necolas/normalize.css",
    "asof": "2025-09-01T00:00:00+00:00",
    "run_ts": "2025-10-02T15:56:00.171696+00:00",
    "comment_dump_index": {
      "repo_index": "mined/comments_365d/shard_15/necolas__normalize.css/index.json",
      "shard_manifest": "mined/comments_365d/shard_15.comments.index.json",
      "counts": {
        "issue": 4,
        "review": 0,
        "total": 4
      },
      "pr_count_dumped": 7
    },
    "readme_words": 451,
    "docs_md_count": 0,
    "has_contributing": true,
    "has_coc": false,
    "has_issue_template": false,
    "has_pr_template": false,
    "has_codeowners": false,
    "has_maintainers": false,
    "has_governance": false,
    "has_workflows": false,
    "workflows_count": 0,
    "discussions_enabled": false,
    "onboarding_surfaces_count": 2,
    "pr_merge_rate_90": null,
    "denom_prs_90": 0,
    "censor_days": 7,
    "maintainer_first_reply_median_hrs_365": null,
    "pr_with_human_maint_comment_rate_365": 0.0,
    "maintainer_to_author_comment_ratio_365": null,
    "links_per_comment_365": 0.0,
    "denom_prs_comment_window_365": 5,
    "count_prs_with_maint_comment_365": 0,
    "count_maintainer_comments_365": 0,
    "count_author_comments_365": 0,
    "count_human_comments_365": 3,
    "count_links_365": 0,
    "convo_readability_feats": {
      "n_words": 31,
      "n_sents": 6,
      "flesch_reading_ease": 103.35,
      "avg_sentence_len": 5.17,
      "code_block_count": 0,
      "heading_count": 0,
      "passive_hits": 0
    },
    "convo_broken_link_ratio_365": 0.0,
    "R_convo_rule_365": 4.0,
    "newcomers_strict_window": 5,
    "total_prs_in_window": 5,
    "conversion_1m": 0.0,
    "denom_conv_1m": 5,
    "conversion_3m": 0.0,
    "denom_conv_3m": 4,
    "conversion_6m": 0.0,
    "denom_conv_6m": 4,
    "additional_prs_1m": {
      "sum": 0,
      "avg": 0.0,
      "median": 0.0
    },
    "additional_prs_3m": {
      "sum": 0,
      "avg": 0.0,
      "median": 0.0
    },
    "additional_prs_6m": {
      "sum": 0,
      "avg": 0.0,
      "median": 0.0
    },
    "retention_1m": 0.0,
    "denom_ret_1m": 5,
    "retention_3m": 0.0,
    "denom_ret_3m": 4,
    "retention_6m": 0.0,
    "denom_ret_6m": 4,
    "newcomer_became_merger_ever_rate": null,
    "newcomer_became_merger_ever_count": 0,
    "denom_newcomer_became_merger_ever": 0
  },
  {
    "full_name": "louislam/uptime-kuma",
    "asof": "2025-09-01T00:00:00+00:00",
    "run_ts": "2025-10-02T15:56:00.171696+00:00",
    "comment_dump_index": {
      "repo_index": "mined/comments_365d/shard_15/louislam__uptime-kuma/index.json",
      "shard_manifest": "mined/comments_365d/shard_15.comments.index.json",
      "counts": {
        "issue": 1502,
        "review": 1538,
        "total": 3040
      },
      "pr_count_dumped": 453
    },
    "readme_words": 1109,
    "docs_md_count": 0,
    "has_contributing": true,
    "has_coc": true,
    "has_issue_template": false,
    "has_pr_template": true,
    "has_codeowners": false,
    "has_maintainers": false,
    "has_governance": false,
    "has_workflows": true,
    "workflows_count": 7,
    "discussions_enabled": false,
    "onboarding_surfaces_count": 4,
    "pr_merge_rate_90": null,
    "denom_prs_90": 0,
    "censor_days": 7,
    "maintainer_first_reply_median_hrs_365": 9.397777777777778,
    "pr_with_human_maint_comment_rate_365": 0.616,
    "maintainer_to_author_comment_ratio_365": 1.486,
    "links_per_comment_365": 0.271,
    "denom_prs_comment_window_365": 354,
    "count_prs_with_maint_comment_365": 218,
    "count_maintainer_comments_365": 988,
    "count_author_comments_365": 665,
    "count_human_comments_365": 1755,
    "count_links_365": 475,
    "convo_readability_feats": {
      "n_words": 17737,
      "n_sents": 1365,
      "flesch_reading_ease": 58.61,
      "avg_sentence_len": 12.99,
      "code_block_count": 246,
      "heading_count": 6,
      "passive_hits": 93
    },
    "convo_broken_link_ratio_365": 0.65,
    "R_convo_rule_365": 3.3,
    "newcomers_strict_window": 165,
    "total_prs_in_window": 327,
    "conversion_1m": 0.168,
    "denom_conv_1m": 155,
    "conversion_3m": 0.179,
    "denom_conv_3m": 123,
    "conversion_6m": 0.226,
    "denom_conv_6m": 84,
    "additional_prs_1m": {
      "sum": 39,
      "avg": 0.252,
      "median": 0.0
    },
    "additional_prs_3m": {
      "sum": 38,
      "avg": 0.309,
      "median": 0.0
    },
    "additional_prs_6m": {
      "sum": 34,
      "avg": 0.405,
      "median": 0.0
    },
    "retention_1m": 0.026,
    "denom_ret_1m": 155,
    "retention_3m": 0.033,
    "denom_ret_3m": 123,
    "retention_6m": 0.012,
    "denom_ret_6m": 84,
    "newcomer_became_merger_ever_rate": null,
    "newcomer_became_merger_ever_count": 0,
    "denom_newcomer_became_merger_ever": 0
  }
]