[
  {
    "full_name": "FabricMC/Enigma",
    "asof": "2025-09-01T00:00:00+00:00",
    "run_ts": "2025-10-01T17:37:32.235011+00:00",
    "comment_dump_index": {
      "repo_index": "mined/comments_365d/shard_06/FabricMC__Enigma/index.json",
      "shard_manifest": "mined/comments_365d/shard_06.comments.index.json",
      "counts": {
        "issue": 62,
        "review": 72,
        "total": 134
      },
      "pr_count_dumped": 31
    },
    "readme_words": 138,
    "docs_md_count": 0,
    "has_contributing": false,
    "has_coc": false,
    "has_issue_template": false,
    "has_pr_template": false,
    "has_codeowners": false,
    "has_maintainers": false,
    "has_governance": false,
    "has_workflows": true,
    "workflows_count": 2,
    "discussions_enabled": false,
    "onboarding_surfaces_count": 1,
    "pr_merge_rate_90": null,
    "denom_prs_90": 0,
    "censor_days": 7,
    "maintainer_first_reply_median_hrs_365": 3.1625,
    "pr_with_human_maint_comment_rate_365": 0.2,
    "maintainer_to_author_comment_ratio_365": 2.0,
    "links_per_comment_365": 0.095,
    "denom_prs_comment_window_365": 15,
    "count_prs_with_maint_comment_365": 3,
    "count_maintainer_comments_365": 14,
    "count_author_comments_365": 7,
    "count_human_comments_365": 21,
    "count_links_365": 2,
    "convo_readability_feats": {
      "n_words": 806,
      "n_sents": 51,
      "flesch_reading_ease": 60.85,
      "avg_sentence_len": 15.8,
      "code_block_count": 6,
      "heading_count": 0,
      "passive_hits": 12
    },
    "convo_broken_link_ratio_365": 0.0,
    "R_convo_rule_365": 4.3,
    "newcomers_strict_window": 3,
    "total_prs_in_window": 9,
    "conversion_1m": 0.5,
    "denom_conv_1m": 2,
    "conversion_3m": 0.0,
    "denom_conv_3m": 1,
    "conversion_6m": 0.0,
    "denom_conv_6m": 1,
    "additional_prs_1m": {
      "sum": 1,
      "avg": 0.5,
      "median": 0.5
    },
    "additional_prs_3m": {
      "sum": 0,
      "avg": 0.0,
      "median": 0.0
    },
    "additional_prs_6m": {
      "sum": 0,
      "avg": 0.0,
      "median": 0.0
    },
    "retention_1m": 0.5,
    "denom_ret_1m": 2,
    "retention_3m": 0.0,
    "denom_ret_3m": 1,
    "retention_6m": 0.0,
    "denom_ret_6m": 1,
    "newcomer_became_merger_ever_rate": null,
    "newcomer_became_merger_ever_count": 0,
    "denom_newcomer_became_merger_ever": 0
  },
  {
    "full_name": "Simple-Robotics/proxsuite",
    "asof": "2025-09-01T00:00:00+00:00",
    "run_ts": "2025-10-01T17:37:32.235011+00:00",
    "comment_dump_index": {
      "repo_index": "mined/comments_365d/shard_06/Simple-Robotics__proxsuite/index.json",
      "shard_manifest": "mined/comments_365d/shard_06.comments.index.json",
      "counts": {
        "issue": 39,
        "review": 17,
        "total": 56
      },
      "pr_count_dumped": 53
    },
    "readme_words": 1648,
    "docs_md_count": 0,
    "has_contributing": false,
    "has_coc": false,
    "has_issue_template": false,
    "has_pr_template": false,
    "has_codeowners": false,
    "has_maintainers": false,
    "has_governance": false,
    "has_workflows": true,
    "workflows_count": 9,
    "discussions_enabled": true,
    "onboarding_surfaces_count": 1,
    "pr_merge_rate_90": null,
    "denom_prs_90": 0,
    "censor_days": 7,
    "maintainer_first_reply_median_hrs_365": 4.7475,
    "pr_with_human_maint_comment_rate_365": 0.216,
    "maintainer_to_author_comment_ratio_365": 2.5,
    "links_per_comment_365": 0.464,
    "denom_prs_comment_window_365": 51,
    "count_prs_with_maint_comment_365": 11,
    "count_maintainer_comments_365": 35,
    "count_author_comments_365": 14,
    "count_human_comments_365": 56,
    "count_links_365": 26,
    "convo_readability_feats": {
      "n_words": 2375,
      "n_sents": 205,
      "flesch_reading_ease": 60.29,
      "avg_sentence_len": 11.59,
      "code_block_count": 35,
      "heading_count": 0,
      "passive_hits": 11
    },
    "convo_broken_link_ratio_365": 0.15,
    "R_convo_rule_365": 4.3,
    "newcomers_strict_window": 4,
    "total_prs_in_window": 44,
    "conversion_1m": 0.0,
    "denom_conv_1m": 3,
    "conversion_3m": 0.333,
    "denom_conv_3m": 3,
    "conversion_6m": 0.5,
    "denom_conv_6m": 2,
    "additional_prs_1m": {
      "sum": 0,
      "avg": 0.0,
      "median": 0.0
    },
    "additional_prs_3m": {
      "sum": 1,
      "avg": 0.333,
      "median": 0.0
    },
    "additional_prs_6m": {
      "sum": 2,
      "avg": 1.0,
      "median": 1.0
    },
    "retention_1m": 0.0,
    "denom_ret_1m": 3,
    "retention_3m": 0.0,
    "denom_ret_3m": 3,
    "retention_6m": 0.0,
    "denom_ret_6m": 2,
    "newcomer_became_merger_ever_rate": null,
    "newcomer_became_merger_ever_count": 0,
    "denom_newcomer_became_merger_ever": 0
  },
  {
    "full_name": "AppImageCommunity/awesome-appimage",
    "asof": "2025-09-01T00:00:00+00:00",
    "run_ts": "2025-10-01T17:37:32.235011+00:00",
    "comment_dump_index": {
      "repo_index": "mined/comments_365d/shard_06/AppImageCommunity__awesome-appimage/index.json",
      "shard_manifest": "mined/comments_365d/shard_06.comments.index.json",
      "counts": {
        "issue": 7,
        "review": 0,
        "total": 7
      },
      "pr_count_dumped": 6
    },
    "readme_words": 3069,
    "docs_md_count": 0,
    "has_contributing": true,
    "has_coc": false,
    "has_issue_template": false,
    "has_pr_template": false,
    "has_codeowners": false,
    "has_maintainers": false,
    "has_governance": false,
    "has_workflows": true,
    "workflows_count": 1,
    "discussions_enabled": false,
    "onboarding_surfaces_count": 2,
    "pr_merge_rate_90": null,
    "denom_prs_90": 0,
    "censor_days": 7,
    "maintainer_first_reply_median_hrs_365": 15.909444444444444,
    "pr_with_human_maint_comment_rate_365": 0.5,
    "maintainer_to_author_comment_ratio_365": 1.333,
    "links_per_comment_365": 0.286,
    "denom_prs_comment_window_365": 6,
    "count_prs_with_maint_comment_365": 3,
    "count_maintainer_comments_365": 4,
    "count_author_comments_365": 3,
    "count_human_comments_365": 7,
    "count_links_365": 2,
    "convo_readability_feats": {
      "n_words": 230,
      "n_sents": 23,
      "flesch_reading_ease": 67.21,
      "avg_sentence_len": 10.0,
      "code_block_count": 0,
      "heading_count": 0,
      "passive_hits": 0
    },
    "convo_broken_link_ratio_365": 0.5,
    "R_convo_rule_365": 4.0,
    "newcomers_strict_window": 4,
    "total_prs_in_window": 6,
    "conversion_1m": 0.0,
    "denom_conv_1m": 4,
    "conversion_3m": 0.0,
    "denom_conv_3m": 4,
    "conversion_6m": 0.0,
    "denom_conv_6m": 2,
    "additional_prs_1m": {
      "sum": 0,
      "avg": 0.0,
      "median": 0.0
    },
    "additional_prs_3m": {
      "sum": 0,
      "avg": 0.0,
      "median": 0.0
    },
    "additional_prs_6m": {
      "sum": 0,
      "avg": 0.0,
      "median": 0.0
    },
    "retention_1m": 0.0,
    "denom_ret_1m": 4,
    "retention_3m": 0.0,
    "denom_ret_3m": 4,
    "retention_6m": 0.0,
    "denom_ret_6m": 2,
    "newcomer_became_merger_ever_rate": null,
    "newcomer_became_merger_ever_count": 0,
    "denom_newcomer_became_merger_ever": 0
  },
  {
    "full_name": "JuliaDebug/Debugger.jl",
    "asof": "2025-09-01T00:00:00+00:00",
    "run_ts": "2025-10-01T17:37:32.235011+00:00",
    "comment_dump_index": {
      "repo_index": "mined/comments_365d/shard_06/JuliaDebug__Debugger.jl/index.json",
      "shard_manifest": "mined/comments_365d/shard_06.comments.index.json",
      "counts": {
        "issue": 18,
        "review": 7,
        "total": 25
      },
      "pr_count_dumped": 14
    },
    "readme_words": 1339,
    "docs_md_count": 0,
    "has_contributing": false,
    "has_coc": false,
    "has_issue_template": false,
    "has_pr_template": false,
    "has_codeowners": false,
    "has_maintainers": false,
    "has_governance": false,
    "has_workflows": true,
    "workflows_count": 3,
    "discussions_enabled": false,
    "onboarding_surfaces_count": 1,
    "pr_merge_rate_90": null,
    "denom_prs_90": 0,
    "censor_days": 7,
    "maintainer_first_reply_median_hrs_365": 3.085,
    "pr_with_human_maint_comment_rate_365": 0.583,
    "maintainer_to_author_comment_ratio_365": 2.0,
    "links_per_comment_365": 0.143,
    "denom_prs_comment_window_365": 12,
    "count_prs_with_maint_comment_365": 7,
    "count_maintainer_comments_365": 12,
    "count_author_comments_365": 6,
    "count_human_comments_365": 21,
    "count_links_365": 3,
    "convo_readability_feats": {
      "n_words": 278,
      "n_sents": 41,
      "flesch_reading_ease": 79.44,
      "avg_sentence_len": 6.78,
      "code_block_count": 2,
      "heading_count": 0,
      "passive_hits": 5
    },
    "convo_broken_link_ratio_365": 0.333,
    "R_convo_rule_365": 4.3,
    "newcomers_strict_window": 6,
    "total_prs_in_window": 12,
    "conversion_1m": 0.333,
    "denom_conv_1m": 6,
    "conversion_3m": 0.5,
    "denom_conv_3m": 4,
    "conversion_6m": null,
    "denom_conv_6m": 0,
    "additional_prs_1m": {
      "sum": 2,
      "avg": 0.333,
      "median": 0.0
    },
    "additional_prs_3m": {
      "sum": 2,
      "avg": 0.5,
      "median": 0.5
    },
    "additional_prs_6m": {
      "sum": 0,
      "avg": null,
      "median": null
    },
    "retention_1m": 0.0,
    "denom_ret_1m": 6,
    "retention_3m": 0.0,
    "denom_ret_3m": 4,
    "retention_6m": null,
    "denom_ret_6m": 0,
    "newcomer_became_merger_ever_rate": null,
    "newcomer_became_merger_ever_count": 0,
    "denom_newcomer_became_merger_ever": 0
  },
  {
    "full_name": "scikit-image/skimage-tutorials",
    "asof": "2025-09-01T00:00:00+00:00",
    "run_ts": "2025-10-01T17:37:32.235011+00:00",
    "comment_dump_index": {
      "repo_index": "mined/comments_365d/shard_06/scikit-image__skimage-tutorials/index.json",
      "shard_manifest": "mined/comments_365d/shard_06.comments.index.json",
      "counts": {
        "issue": 0,
        "review": 0,
        "total": 0
      },
      "pr_count_dumped": 1
    },
    "readme_words": 273,
    "docs_md_count": 0,
    "has_contributing": false,
    "has_coc": false,
    "has_issue_template": false,
    "has_pr_template": false,
    "has_codeowners": false,
    "has_maintainers": false,
    "has_governance": false,
    "has_workflows": true,
    "workflows_count": 1,
    "discussions_enabled": false,
    "onboarding_surfaces_count": 1,
    "pr_merge_rate_90": null,
    "denom_prs_90": 0,
    "censor_days": 7,
    "maintainer_first_reply_median_hrs_365": null,
    "pr_with_human_maint_comment_rate_365": 0.0,
    "maintainer_to_author_comment_ratio_365": null,
    "links_per_comment_365": 0.0,
    "denom_prs_comment_window_365": 1,
    "count_prs_with_maint_comment_365": 0,
    "count_maintainer_comments_365": 0,
    "count_author_comments_365": 0,
    "count_human_comments_365": 0,
    "count_links_365": 0,
    "convo_readability_feats": {
      "n_words": 0,
      "n_sents": 1,
      "flesch_reading_ease": 0.0,
      "avg_sentence_len": 0.0,
      "code_block_count": 0,
      "heading_count": 0,
      "passive_hits": 0
    },
    "convo_broken_link_ratio_365": 0.0,
    "R_convo_rule_365": 3.0,
    "newcomers_strict_window": 1,
    "total_prs_in_window": 1,
    "conversion_1m": 0.0,
    "denom_conv_1m": 1,
    "conversion_3m": 0.0,
    "denom_conv_3m": 1,
    "conversion_6m": 0.0,
    "denom_conv_6m": 1,
    "additional_prs_1m": {
      "sum": 0,
      "avg": 0.0,
      "median": 0.0
    },
    "additional_prs_3m": {
      "sum": 0,
      "avg": 0.0,
      "median": 0.0
    },
    "additional_prs_6m": {
      "sum": 0,
      "avg": 0.0,
      "median": 0.0
    },
    "retention_1m": 0.0,
    "denom_ret_1m": 1,
    "retention_3m": 0.0,
    "denom_ret_3m": 1,
    "retention_6m": 0.0,
    "denom_ret_6m": 1,
    "newcomer_became_merger_ever_rate": null,
    "newcomer_became_merger_ever_count": 0,
    "denom_newcomer_became_merger_ever": 0
  }
]