[
  {
    "full_name": "rust-lang/docker-rust",
    "asof": "2025-09-01T00:00:00+00:00",
    "run_ts": "2025-10-02T00:40:52.470870+00:00",
    "comment_dump_index": {
      "repo_index": "mined/comments_365d/shard_07/rust-lang__docker-rust/index.json",
      "shard_manifest": "mined/comments_365d/shard_07.comments.index.json",
      "counts": {
        "issue": 52,
        "review": 21,
        "total": 73
      },
      "pr_count_dumped": 34
    },
    "readme_words": 255,
    "docs_md_count": 0,
    "has_contributing": false,
    "has_coc": false,
    "has_issue_template": false,
    "has_pr_template": false,
    "has_codeowners": false,
    "has_maintainers": false,
    "has_governance": false,
    "has_workflows": true,
    "workflows_count": 3,
    "discussions_enabled": false,
    "onboarding_surfaces_count": 1,
    "pr_merge_rate_90": null,
    "denom_prs_90": 0,
    "censor_days": 7,
    "maintainer_first_reply_median_hrs_365": 24.60472222222222,
    "pr_with_human_maint_comment_rate_365": 0.312,
    "maintainer_to_author_comment_ratio_365": 1.25,
    "links_per_comment_365": 0.29,
    "denom_prs_comment_window_365": 32,
    "count_prs_with_maint_comment_365": 10,
    "count_maintainer_comments_365": 15,
    "count_author_comments_365": 12,
    "count_human_comments_365": 31,
    "count_links_365": 9,
    "convo_readability_feats": {
      "n_words": 437,
      "n_sents": 33,
      "flesch_reading_ease": 42.0,
      "avg_sentence_len": 13.24,
      "code_block_count": 1,
      "heading_count": 0,
      "passive_hits": 4
    },
    "convo_broken_link_ratio_365": 0.0,
    "R_convo_rule_365": 3.3,
    "newcomers_strict_window": 4,
    "total_prs_in_window": 28,
    "conversion_1m": 0.0,
    "denom_conv_1m": 3,
    "conversion_3m": 0.0,
    "denom_conv_3m": 2,
    "conversion_6m": 1.0,
    "denom_conv_6m": 1,
    "additional_prs_1m": {
      "sum": 0,
      "avg": 0.0,
      "median": 0.0
    },
    "additional_prs_3m": {
      "sum": 0,
      "avg": 0.0,
      "median": 0.0
    },
    "additional_prs_6m": {
      "sum": 1,
      "avg": 1.0,
      "median": 1.0
    },
    "retention_1m": 0.0,
    "denom_ret_1m": 3,
    "retention_3m": 0.0,
    "denom_ret_3m": 2,
    "retention_6m": 0.0,
    "denom_ret_6m": 1,
    "newcomer_became_merger_ever_rate": null,
    "newcomer_became_merger_ever_count": 0,
    "denom_newcomer_became_merger_ever": 0
  },
  {
    "full_name": "aws-amplify/docs",
    "asof": "2025-09-01T00:00:00+00:00",
    "run_ts": "2025-10-02T00:40:52.470870+00:00",
    "comment_dump_index": {
      "repo_index": "mined/comments_365d/shard_07/aws-amplify__docs/index.json",
      "shard_manifest": "mined/comments_365d/shard_07.comments.index.json",
      "counts": {
        "issue": 98,
        "review": 943,
        "total": 1041
      },
      "pr_count_dumped": 467
    },
    "readme_words": 0,
    "docs_md_count": 0,
    "has_contributing": false,
    "has_coc": false,
    "has_issue_template": true,
    "has_pr_template": true,
    "has_codeowners": true,
    "has_maintainers": false,
    "has_governance": false,
    "has_workflows": true,
    "workflows_count": 15,
    "discussions_enabled": true,
    "onboarding_surfaces_count": 3,
    "pr_merge_rate_90": null,
    "denom_prs_90": 0,
    "censor_days": 7,
    "maintainer_first_reply_median_hrs_365": 9.234722222222222,
    "pr_with_human_maint_comment_rate_365": 0.283,
    "maintainer_to_author_comment_ratio_365": 2.596,
    "links_per_comment_365": 0.156,
    "denom_prs_comment_window_365": 410,
    "count_prs_with_maint_comment_365": 116,
    "count_maintainer_comments_365": 597,
    "count_author_comments_365": 230,
    "count_human_comments_365": 847,
    "count_links_365": 132,
    "convo_readability_feats": {
      "n_words": 17116,
      "n_sents": 1323,
      "flesch_reading_ease": 44.66,
      "avg_sentence_len": 12.94,
      "code_block_count": 419,
      "heading_count": 8,
      "passive_hits": 151
    },
    "convo_broken_link_ratio_365": 0.3,
    "R_convo_rule_365": 3.3,
    "newcomers_strict_window": 65,
    "total_prs_in_window": 396,
    "conversion_1m": 0.226,
    "denom_conv_1m": 62,
    "conversion_3m": 0.327,
    "denom_conv_3m": 52,
    "conversion_6m": 0.298,
    "denom_conv_6m": 47,
    "additional_prs_1m": {
      "sum": 24,
      "avg": 0.387,
      "median": 0.0
    },
    "additional_prs_3m": {
      "sum": 39,
      "avg": 0.75,
      "median": 0.0
    },
    "additional_prs_6m": {
      "sum": 33,
      "avg": 0.702,
      "median": 0.0
    },
    "retention_1m": 0.161,
    "denom_ret_1m": 62,
    "retention_3m": 0.096,
    "denom_ret_3m": 52,
    "retention_6m": 0.064,
    "denom_ret_6m": 47,
    "newcomer_became_merger_ever_rate": 0.63,
    "newcomer_became_merger_ever_count": 17,
    "denom_newcomer_became_merger_ever": 27
  },
  {
    "full_name": "TarteelAI/quranic-universal-library",
    "asof": "2025-09-01T00:00:00+00:00",
    "run_ts": "2025-10-02T00:40:52.470870+00:00",
    "comment_dump_index": {
      "repo_index": "mined/comments_365d/shard_07/TarteelAI__quranic-universal-library/index.json",
      "shard_manifest": "mined/comments_365d/shard_07.comments.index.json",
      "counts": {
        "issue": 182,
        "review": 52,
        "total": 234
      },
      "pr_count_dumped": 216
    },
    "readme_words": 988,
    "docs_md_count": 0,
    "has_contributing": false,
    "has_coc": false,
    "has_issue_template": false,
    "has_pr_template": true,
    "has_codeowners": false,
    "has_maintainers": false,
    "has_governance": false,
    "has_workflows": true,
    "workflows_count": 1,
    "discussions_enabled": false,
    "onboarding_surfaces_count": 2,
    "pr_merge_rate_90": null,
    "denom_prs_90": 0,
    "censor_days": 7,
    "maintainer_first_reply_median_hrs_365": 7.120833333333334,
    "pr_with_human_maint_comment_rate_365": 0.077,
    "maintainer_to_author_comment_ratio_365": 2.333,
    "links_per_comment_365": 0.212,
    "denom_prs_comment_window_365": 207,
    "count_prs_with_maint_comment_365": 16,
    "count_maintainer_comments_365": 21,
    "count_author_comments_365": 9,
    "count_human_comments_365": 33,
    "count_links_365": 7,
    "convo_readability_feats": {
      "n_words": 956,
      "n_sents": 75,
      "flesch_reading_ease": 53.55,
      "avg_sentence_len": 12.75,
      "code_block_count": 22,
      "heading_count": 0,
      "passive_hits": 4
    },
    "convo_broken_link_ratio_365": 0.714,
    "R_convo_rule_365": 3.3,
    "newcomers_strict_window": 12,
    "total_prs_in_window": 188,
    "conversion_1m": 0.4,
    "denom_conv_1m": 10,
    "conversion_3m": 0.4,
    "denom_conv_3m": 10,
    "conversion_6m": 0.375,
    "denom_conv_6m": 8,
    "additional_prs_1m": {
      "sum": 21,
      "avg": 2.1,
      "median": 0.0
    },
    "additional_prs_3m": {
      "sum": 32,
      "avg": 3.2,
      "median": 0.0
    },
    "additional_prs_6m": {
      "sum": 11,
      "avg": 1.375,
      "median": 0.0
    },
    "retention_1m": 0.2,
    "denom_ret_1m": 10,
    "retention_3m": 0.2,
    "denom_ret_3m": 10,
    "retention_6m": 0.125,
    "denom_ret_6m": 8,
    "newcomer_became_merger_ever_rate": 1.0,
    "newcomer_became_merger_ever_count": 1,
    "denom_newcomer_became_merger_ever": 1
  },
  {
    "full_name": "swiftwasm/carton",
    "asof": "2025-09-01T00:00:00+00:00",
    "run_ts": "2025-10-02T00:40:52.470870+00:00",
    "comment_dump_index": {
      "repo_index": "mined/comments_365d/shard_07/swiftwasm__carton/index.json",
      "shard_manifest": "mined/comments_365d/shard_07.comments.index.json",
      "counts": {
        "issue": 0,
        "review": 0,
        "total": 0
      },
      "pr_count_dumped": 15
    },
    "readme_words": 1576,
    "docs_md_count": 0,
    "has_contributing": false,
    "has_coc": false,
    "has_issue_template": false,
    "has_pr_template": false,
    "has_codeowners": false,
    "has_maintainers": false,
    "has_governance": false,
    "has_workflows": true,
    "workflows_count": 1,
    "discussions_enabled": false,
    "onboarding_surfaces_count": 1,
    "pr_merge_rate_90": null,
    "denom_prs_90": 0,
    "censor_days": 7,
    "maintainer_first_reply_median_hrs_365": null,
    "pr_with_human_maint_comment_rate_365": 0.0,
    "maintainer_to_author_comment_ratio_365": null,
    "links_per_comment_365": 0.0,
    "denom_prs_comment_window_365": 15,
    "count_prs_with_maint_comment_365": 0,
    "count_maintainer_comments_365": 0,
    "count_author_comments_365": 0,
    "count_human_comments_365": 0,
    "count_links_365": 0,
    "convo_readability_feats": {
      "n_words": 0,
      "n_sents": 1,
      "flesch_reading_ease": 0.0,
      "avg_sentence_len": 0.0,
      "code_block_count": 0,
      "heading_count": 0,
      "passive_hits": 0
    },
    "convo_broken_link_ratio_365": 0.0,
    "R_convo_rule_365": 3.0,
    "newcomers_strict_window": 1,
    "total_prs_in_window": 15,
    "conversion_1m": 0.0,
    "denom_conv_1m": 1,
    "conversion_3m": 0.0,
    "denom_conv_3m": 1,
    "conversion_6m": 0.0,
    "denom_conv_6m": 1,
    "additional_prs_1m": {
      "sum": 0,
      "avg": 0.0,
      "median": 0.0
    },
    "additional_prs_3m": {
      "sum": 0,
      "avg": 0.0,
      "median": 0.0
    },
    "additional_prs_6m": {
      "sum": 0,
      "avg": 0.0,
      "median": 0.0
    },
    "retention_1m": 0.0,
    "denom_ret_1m": 1,
    "retention_3m": 0.0,
    "denom_ret_3m": 1,
    "retention_6m": 0.0,
    "denom_ret_6m": 1,
    "newcomer_became_merger_ever_rate": null,
    "newcomer_became_merger_ever_count": 0,
    "denom_newcomer_became_merger_ever": 0
  },
  {
    "full_name": "apk-editor/APK-Explorer-Editor",
    "asof": "2025-09-01T00:00:00+00:00",
    "run_ts": "2025-10-02T00:40:52.470870+00:00",
    "comment_dump_index": {
      "repo_index": "mined/comments_365d/shard_07/apk-editor__APK-Explorer-Editor/index.json",
      "shard_manifest": "mined/comments_365d/shard_07.comments.index.json",
      "counts": {
        "issue": 2,
        "review": 0,
        "total": 2
      },
      "pr_count_dumped": 4
    },
    "readme_words": 509,
    "docs_md_count": 0,
    "has_contributing": false,
    "has_coc": false,
    "has_issue_template": false,
    "has_pr_template": false,
    "has_codeowners": false,
    "has_maintainers": false,
    "has_governance": false,
    "has_workflows": true,
    "workflows_count": 1,
    "discussions_enabled": false,
    "onboarding_surfaces_count": 1,
    "pr_merge_rate_90": null,
    "denom_prs_90": 0,
    "censor_days": 7,
    "maintainer_first_reply_median_hrs_365": 49.49888888888889,
    "pr_with_human_maint_comment_rate_365": 0.333,
    "maintainer_to_author_comment_ratio_365": 1.0,
    "links_per_comment_365": 0.0,
    "denom_prs_comment_window_365": 3,
    "count_prs_with_maint_comment_365": 1,
    "count_maintainer_comments_365": 1,
    "count_author_comments_365": 1,
    "count_human_comments_365": 2,
    "count_links_365": 0,
    "convo_readability_feats": {
      "n_words": 58,
      "n_sents": 4,
      "flesch_reading_ease": 62.3,
      "avg_sentence_len": 14.5,
      "code_block_count": 0,
      "heading_count": 0,
      "passive_hits": 0
    },
    "convo_broken_link_ratio_365": 0.0,
    "R_convo_rule_365": 4.0,
    "newcomers_strict_window": 3,
    "total_prs_in_window": 3,
    "conversion_1m": 0.0,
    "denom_conv_1m": 2,
    "conversion_3m": 0.0,
    "denom_conv_3m": 1,
    "conversion_6m": 0.0,
    "denom_conv_6m": 1,
    "additional_prs_1m": {
      "sum": 0,
      "avg": 0.0,
      "median": 0.0
    },
    "additional_prs_3m": {
      "sum": 0,
      "avg": 0.0,
      "median": 0.0
    },
    "additional_prs_6m": {
      "sum": 0,
      "avg": 0.0,
      "median": 0.0
    },
    "retention_1m": 0.0,
    "denom_ret_1m": 2,
    "retention_3m": 0.0,
    "denom_ret_3m": 1,
    "retention_6m": 0.0,
    "denom_ret_6m": 1,
    "newcomer_became_merger_ever_rate": null,
    "newcomer_became_merger_ever_count": 0,
    "denom_newcomer_became_merger_ever": 0
  }
]