[
  {
    "full_name": "ggeop/Python-ai-assistant",
    "language": "Python",
    "owner_type": "User",
    "stars": 991,
    "pushed_at": "2024-11-17T19:30:20+00:00",
    "latest_release_at": "2021-10-11T22:23:03+00:00",
    "bot_like_contribs": 1,
    "human_contribs": 8,
    "R": 3.5,
    "A": 2.5,
    "C": 3.5,
    "score": 3.2,
    "readability_feats": {
      "n_words": 1022,
      "n_sents": 119,
      "flesch_reading_ease": 53.67,
      "avg_sentence_len": 8.59,
      "code_block_count": 13,
      "heading_count": 14,
      "passive_hits": 2
    },
    "completeness_sections": {
      "overview": true,
      "install": true,
      "quickstart": true,
      "dev_setup": false,
      "testing": false,
      "contrib": true,
      "coc": false,
      "troubleshooting": false,
      "release": true
    },
    "broken_link_ratio": 0.05,
    "rationale": {
      "readability": "Flesch=53.67 ASL=8.59 code_blocks=13",
      "actuality": "broken_link_ratio=0.05, months_since_push=9.43",
      "completeness": "sections_present=['contrib', 'install', 'overview', 'quickstart', 'release']"
    },
    "run_ts": "2025-10-02T05:35:28.244211+00:00"
  },
  {
    "full_name": "amancevice/docker-superset",
    "language": "Dockerfile",
    "owner_type": "User",
    "stars": 984,
    "pushed_at": "2025-07-22T18:04:20+00:00",
    "latest_release_at": "2025-07-22T14:51:36+00:00",
    "bot_like_contribs": 1,
    "human_contribs": 34,
    "R": 3.5,
    "A": 3.5,
    "C": 2.3,
    "score": 3.14,
    "readability_feats": {
      "n_words": 615,
      "n_sents": 54,
      "flesch_reading_ease": 39.14,
      "avg_sentence_len": 11.39,
      "code_block_count": 4,
      "heading_count": 16,
      "passive_hits": 10
    },
    "completeness_sections": {
      "overview": false,
      "install": true,
      "quickstart": false,
      "dev_setup": false,
      "testing": false,
      "contrib": false,
      "coc": false,
      "troubleshooting": false,
      "release": true
    },
    "broken_link_ratio": 0.143,
    "rationale": {
      "readability": "Flesch=39.14 ASL=11.39 code_blocks=4",
      "actuality": "broken_link_ratio=0.143, months_since_push=1.31",
      "completeness": "sections_present=['install', 'release']"
    },
    "run_ts": "2025-10-02T05:35:28.244211+00:00"
  },
  {
    "full_name": "loktar00/react-lazy-load",
    "language": "TypeScript",
    "owner_type": "User",
    "stars": 984,
    "pushed_at": "2024-10-14T15:10:54+00:00",
    "latest_release_at": "2022-09-01T20:37:36+00:00",
    "bot_like_contribs": 0,
    "human_contribs": 23,
    "R": 4.5,
    "A": 2.0,
    "C": 1.9,
    "score": 2.97,
    "readability_feats": {
      "n_words": 567,
      "n_sents": 54,
      "flesch_reading_ease": 60.85,
      "avg_sentence_len": 10.5,
      "code_block_count": 20,
      "heading_count": 19,
      "passive_hits": 4
    },
    "completeness_sections": {
      "overview": false,
      "install": true,
      "quickstart": false,
      "dev_setup": false,
      "testing": false,
      "contrib": false,
      "coc": false,
      "troubleshooting": false,
      "release": false
    },
    "broken_link_ratio": 0.5,
    "rationale": {
      "readability": "Flesch=60.85 ASL=10.5 code_blocks=20",
      "actuality": "broken_link_ratio=0.5, months_since_push=10.55",
      "completeness": "sections_present=['install']"
    },
    "run_ts": "2025-10-02T05:35:28.244211+00:00"
  },
  {
    "full_name": "sibson/redbeat",
    "language": "Python",
    "owner_type": "User",
    "stars": 992,
    "pushed_at": "2025-07-02T13:08:14+00:00",
    "latest_release_at": "2025-07-02T13:08:13+00:00",
    "bot_like_contribs": 0,
    "human_contribs": 31,
    "R": 3.5,
    "A": 4.0,
    "C": 2.3,
    "score": 3.29,
    "readability_feats": {
      "n_words": 351,
      "n_sents": 55,
      "flesch_reading_ease": 47.55,
      "avg_sentence_len": 6.38,
      "code_block_count": 8,
      "heading_count": 0,
      "passive_hits": 0
    },
    "completeness_sections": {
      "overview": false,
      "install": true,
      "quickstart": true,
      "dev_setup": false,
      "testing": false,
      "contrib": false,
      "coc": false,
      "troubleshooting": false,
      "release": false
    },
    "broken_link_ratio": 0.0,
    "rationale": {
      "readability": "Flesch=47.55 ASL=6.38 code_blocks=8",
      "actuality": "broken_link_ratio=0.0, months_since_push=1.97",
      "completeness": "sections_present=['install', 'quickstart']"
    },
    "run_ts": "2025-10-02T05:35:28.244211+00:00"
  },
  {
    "full_name": "yangxy/PASD",
    "language": "Python",
    "owner_type": "User",
    "stars": 997,
    "pushed_at": "2024-09-23T02:58:40+00:00",
    "latest_release_at": null,
    "bot_like_contribs": 0,
    "human_contribs": 4,
    "R": 3.5,
    "A": 2.5,
    "C": 2.7,
    "score": 2.96,
    "readability_feats": {
      "n_words": 1344,
      "n_sents": 246,
      "flesch_reading_ease": 41.34,
      "avg_sentence_len": 5.46,
      "code_block_count": 14,
      "heading_count": 14,
      "passive_hits": 4
    },
    "completeness_sections": {
      "overview": true,
      "install": true,
      "quickstart": false,
      "dev_setup": false,
      "testing": true,
      "contrib": false,
      "coc": false,
      "troubleshooting": false,
      "release": false
    },
    "broken_link_ratio": 0.4,
    "rationale": {
      "readability": "Flesch=41.34 ASL=5.46 code_blocks=14",
      "actuality": "broken_link_ratio=0.4, months_since_push=11.24",
      "completeness": "sections_present=['install', 'overview', 'testing']"
    },
    "run_ts": "2025-10-02T05:35:28.244211+00:00"
  }
]