[
  {
    "full_name": "martinfekete10/Tuneful",
    "html_url": "https://github.com/martinfekete10/Tuneful",
    "description": "Tuneful is a native macOS playback manager that allows you to control music from the notch, menu bar, or mini player",
    "language": "Swift",
    "stars": 497,
    "forks": 19,
    "open_issues": 39,
    "owner_type": "User",
    "created_at": "2023-11-10T20:01:40+00:00",
    "pushed_at": "2025-03-12T18:08:11+00:00",
    "default_branch": "main",
    "docs": {
      "README.md": "<div align=\"center\">\n  <a href=\"https://github.com/martinfekete10/Tuneful\">\n    <img src=\"docs/images/icon.png\" width=\"250\">\n  </a>\n\n  <h3 align=\"center\">Tuneful</h3>\n\n  <p align=\"center\">\n    Tuneful is a native macOS playback control app for Spotify and Apple Music\n    <br />\n    <a href=\"https://tuneful.dev/\">Website</a>\n    ·\n    <a href=\"https://ko-fi.com/martinfekete\">Support</a>\n    ·\n    <a href=\"https://github.com/martinfekete10/Tuneful/issues\">Report Bug</a>\n    ·\n    <a href=\"https://github.com/martinfekete10/Tuneful/issues\">Request Feature</a>\n  </p>\n</div>\n\n<p align=\"center\">\n  <a href=\"https://apps.apple.com/us/app/tuneful/id6739804295?mt=12\">\n    <img width=\"300\" src=\"docs/images/download.png\">\n  </a>\n</p>\n\n<p align=\"center\">\n  <img width=\"1000\" src=\"docs/images/All.png\">\n</p>\n\n## Important\nPlease note the newest version of Tuneful is available on the [App Store](https://apps.apple.com/us/app/tuneful/id6739804295?mt=12) only. I made Tuneful paid to help cover at least a portion of the time I've invested in the development, as well as some of the additional costs (such as the $100/year Apple Developer License fee).\n\nYou’re welcome to compile Tuneful from the source code available in this repository. However, the compiled version won’t include the features and fixes added since `v2.0.0`, such as:\n- Notch player inspired by Dynamic Island\n- More fluid and native UI with smoother animations\n- New mini player and menu bar player types\n- Trackpad integration with swipe gestures\n- More customization options\n- Many bug fixes and performance improvements\n\nIf you wish to support the development of Tuneful by purchasing from the [App Store](https://apps.apple.com/us/app/tuneful/id6739804295?mt=12) and receive the newest updates, I'll be thankful. The price is set to $3.99, which I believe should be affordable for majority of people.\n\n## Feedback\n\nIf you encounter any issues or have suggestions for improvement, please [open an issue](https://github.com/martinfekete10/Tuneful/issues).\n\n## Support\n\nIf you find Tuneful useful, consider supporting its development by [donating](https://ko-fi.com/martinfekete).\n\n## Acknowledgments\n\n-   Launch at login is enabled by [LaunchAtLogin](https://github.com/sindresorhus/LaunchAtLogin) package\n-   For Settings, the project uses [Settings](https://github.com/sindresorhus/Settings) package\n-   Tuneful notch integration is based on [DynamicNotchKit](https://github.com/MrKai77/DynamicNotchKit)\n-   Tuneful uses [Luminare](https://github.com/MrKai77/Luminare) for UI elements in settings\n"
    },
    "latest_release_at": "2025-03-02T08:34:53+00:00",
    "bot_like_contribs": 1,
    "human_contribs": 5,
    "run_ts": "2025-10-01T04:31:23.149913+00:00"
  },
  {
    "full_name": "ibaiGorordo/pyKinectAzure",
    "html_url": "https://github.com/ibaiGorordo/pyKinectAzure",
    "description": "Python library to run Kinect Azure DK SDK functions",
    "language": "Python",
    "stars": 496,
    "forks": 122,
    "open_issues": 29,
    "owner_type": "User",
    "created_at": "2020-06-14T13:13:12+00:00",
    "pushed_at": "2024-10-09T15:11:33+00:00",
    "default_branch": "master",
    "docs": {
      "README.md": "[![PyPI](https://img.shields.io/pypi/v/pykinect-azure?color=2BAF2B)](https://pypi.org/project/pykinect-azure/)\n# pyKinectAzure\n\n![Azure kinect color and depth combination](https://github.com/ibaiGorordo/pyKinectAzure/blob/master/doc/images/outputImage.jpg)\n\nPython 3 library for the Azure Kinect DK sensor-SDK.\n\n## Similar solutions\nPart of the ideas in this repository are taken from following repositories:\n* [pyk4a](https://github.com/etiennedub/pyk4a): Really nice and clean Python3 wrapper for the Kinect Azure SDK.\n\n* [Azure-Kinect-Python](https://github.com/hexops/Azure-Kinect-Python): More complete library using ctypes as in this repository, however, examples about how to use the library are missing and the library is harder to use.\n\nThe objective of this repository is to combine the strong points of both repositories by creating a easy to use library that allows the use of most of the functions of the Kinect Azure. Also, to create sample programs to showcase the uses of the library\n\n## Prerequisites\n* [Azure-Kinect-Sensor-SDK](https://github.com/microsoft/Azure-Kinect-Sensor-SDK): required to build this library.\n  To use the SDK, refer to the installation instructions [here](https://github.com/microsoft/Azure-Kinect-Sensor-SDK).\n* **ctypes**: required to read the library.\n* **numpy**: required for the matrix calculations\n* **opencv-python**: Required for the image transformations and visualization.\n\n## Installation\n```commandline\npip install pykinect_azure\n```\n\n## How to use this library\n\n* The library has **been tested in Windows 10 and Ubuntu 20.04** with the Kinect Azure SDK 1.4.0 and 1.4.1, it should also work with other operating systems.\n\n  - **Windows:** When using the pyKinectAzure class, it requires the **path to the k4a.dll module**, make sure that the path is the correct one for your Kinect Azure SDK version. By default the path (**module_path**) is set to  ```C:\\\\Program Files\\\\Azure Kinect SDK v1.4.0\\\\sdk\\\\windows-desktop\\\\amd64\\\\release\\\\bin\\\\k4a.dll```.\n\n  - **Linux:** When using the pyKinectAzure class, it requires the **path to the k4a.so module**, make sure that the path is the correct one for your Kinect Azure SDK version. When using Linux set **module_path** to  ```/usr/lib/x86_64-linux-gnu/libk4a.so```, please follow the [instruction](https://github.com/microsoft/Azure-Kinect-Sensor-SDK/blob/develop/docs/usage.md) from microsoft to install the right packages.\n  \n   - **Nvidia Jetson:** When using the pyKinectAzure class, it requires the **path to the k4a.so module**, make sure that the path is the correct one for your Kinect Azure SDK version. When using Nvidia Jetson set **module_path** to to  ```'/usr/lib/aarch64-linux-gnu/libk4a.so'```, please follow the [instruction](https://github.com/microsoft/Azure-Kinect-Sensor-SDK/blob/develop/docs/usage.md) from microsoft to install the right packages.\n\n* The **pyKinectAzure** class is a wrapper around the **_k4a.py** module to make the library more understandable. However, the **pyKinectAzure** class still contains few methods from the Kinect Azure SDK\n\n* The **_k4a.py** module already contains all the methods in the Kinect Azure SDK. So, for more advanced of the Kinect Azure SDK check the **_k4a.py** module.\n\n## Examples\n\nFor an example on how to obtain and visualize the depth data from the Azure Kinect DK check the **exampleDepthImageOpenCV.py** script.\n```\ngit clone https://github.com/ibaiGorordo/pyKinectAzure.git\ncd pyKinectAzure/examples\npython exampleDepthImageOpenCV.py\n```\n\nAlso, there is an example to obtain and visualize the smooth depth from the Azure Kinect DK check the **exampleSmoothDepthImageOpenCV.py** script.\n```\npython exampleSmoothDepthImageOpenCV.py\n```\n> note: when you are dealing on the linux platform, please insure that the user have permission to the usb devices, or always execute under the root permission by adding `sudo` ahead.\n\n![Azure kinect smoothed depth image comparison](https://github.com/ibaiGorordo/pyKinectAzure/blob/master/doc/images/Azure%20kinect%20smoothed%20depth%20image.png)\n\n\n## Contribution\n\nFeel free to send pull requests.\n\nBug reports are also appreciated. Please include as much details as possible.\n\n## TODO:\n\n### Wrappers for the Kinect Azure data\n- [x] Create wrapper to read depth images.\n- [x] Create wrapper to read Infrared images.\n- [x] Create wrapper to read IMU data.\n- [x] Create function to convert image buffer to image depending on the image type.\n- [x] Create wrapper to transform depth image to color image.\n- [x] Create wrapper to transform depth image to 3D point cloud.\n- [x] Create funtion to visualize 3D point cloud.\n\n### Create examples\n- [x] Example to visualize depth images.\n- [x] Example to visualize passive IR images.\n- [x] Example to plot IMU data.\n- [x] Example to visualize Depth as color image.\n- [x] Example to overlay depth color with alpha over real image.\n- [x] Example to visualize 3D point cloud\n\n### Body tracking\n- [x] Create library for the body tracking SDK similar the same way as the current library.\n- [x] Combine image and skeleton data.\n- [ ] Generate 3D skeleton visualization.\n\n### Future ideas\n- [ ] Run Deep Learning models on Kinect data (Openpose 3D skeleton, semantic segmentation with depth, monocular depth estimation validation)\n- [ ] Track passive infrared marker for motion capture analysis\n"
    },
    "latest_release_at": "2024-06-22T06:35:11+00:00",
    "bot_like_contribs": 0,
    "human_contribs": 11,
    "run_ts": "2025-10-01T04:31:23.149913+00:00"
  },
  {
    "full_name": "sbidy/pywizlight",
    "html_url": "https://github.com/sbidy/pywizlight",
    "description": "A python connector for WiZ devices",
    "language": "Python",
    "stars": 498,
    "forks": 88,
    "open_issues": 17,
    "owner_type": "User",
    "created_at": "2020-02-18T22:05:09+00:00",
    "pushed_at": "2025-09-01T05:20:49+00:00",
    "default_branch": "master",
    "docs": {
      "README.md": "![Upload Python Package](https://github.com/sbidy/pywizlight/workflows/Upload%20Python%20Package/badge.svg)\n\n<!-- ALL-CONTRIBUTORS-BADGE:START - Do not remove or modify this section -->\n[![All Contributors](https://img.shields.io/badge/all_contributors-20-orange.svg?style=flat-square)](#contributors-)\n<!-- ALL-CONTRIBUTORS-BADGE:END -->\n\n![Update Docs](https://github.com/sbidy/pywizlight/workflows/Update%20Docs/badge.svg)\n[![Lint](https://github.com/sbidy/pywizlight/actions/workflows/lint.yml/badge.svg)](https://github.com/sbidy/pywizlight/actions/workflows/lint.yml)\n[![codecov][code-cover-shield]][code-coverage]\n\n\n# pywizlight\n\nA Python connector for [WiZ](https://www.wizconnected.com/en/consumer/) devices.\n\n# Wiz Ligt API Documentation\n\nhttps://docs.pro.wizconnected.com/#introduction\n\n## Install\n\n```bash\npip install pywizlight\n```\n\n**Note:** Requires Python version `>=3.7`.\n\n### Fedora/CentOS\n\nOn a Fedora-based system or on a CentOS/RHEL 8 machine which has EPEL enabled, as\n[`pywizlight`](https://src.fedoraproject.org/rpms/python-pywizlight) is present in the\nFedora Package Collection.\n\n```bash\nsudo dnf -y install python3-pywizlight\n```\n\n### NixOS\n\nFor NixOS and Nix the latest release of `pywizlight` is usually available in the [`unstable`](https://search.nixos.org/packages?channel=unstable&query=pywizlight)\nchannel. Stable releases might ship older versions of `pywizlight`.\n\n```bash\nnix-env -iA nixos.python37Packages.pywizlight\n```\n\n## Contributors\n\n<!-- ALL-CONTRIBUTORS-LIST:START - Do not remove or modify this section -->\n<!-- prettier-ignore-start -->\n<!-- markdownlint-disable -->\n<table>\n  <tbody>\n    <tr>\n      <td align=\"center\" valign=\"top\" width=\"14.28%\"><a href=\"http://mtnspring.org\"><img src=\"https://avatars.githubusercontent.com/u/223277?v=4?s=100\" width=\"100px;\" alt=\"Seth Nickell\"/><br /><sub><b>Seth Nickell</b></sub></a><br /><a href=\"https://github.com/sbidy/pywizlight/commits?author=snickell\" title=\"Code\">💻</a></td>\n      <td align=\"center\" valign=\"top\" width=\"14.28%\"><a href=\"https://github.com/daanzu\"><img src=\"https://avatars.githubusercontent.com/u/4319503?v=4?s=100\" width=\"100px;\" alt=\"David Zurow\"/><br /><sub><b>David Zurow</b></sub></a><br /><a href=\"https://github.com/sbidy/pywizlight/commits?author=daanzu\" title=\"Documentation\">📖</a></td>\n      <td align=\"center\" valign=\"top\" width=\"14.28%\"><a href=\"https://github.com/eibanez\"><img src=\"https://avatars.githubusercontent.com/u/438494?v=4?s=100\" width=\"100px;\" alt=\"Eduardo Ibanez\"/><br /><sub><b>Eduardo Ibanez</b></sub></a><br /><a href=\"https://github.com/sbidy/pywizlight/commits?author=eibanez\" title=\"Documentation\">📖</a></td>\n      <td align=\"center\" valign=\"top\" width=\"14.28%\"><a href=\"https://github.com/angadsingh\"><img src=\"https://avatars.githubusercontent.com/u/1623026?v=4?s=100\" width=\"100px;\" alt=\"Angad Singh\"/><br /><sub><b>Angad Singh</b></sub></a><br /><a href=\"https://github.com/sbidy/pywizlight/commits?author=angadsingh\" title=\"Code\">💻</a></td>\n      <td align=\"center\" valign=\"top\" width=\"14.28%\"><a href=\"http://fabian-affolter.ch/blog/\"><img src=\"https://avatars.githubusercontent.com/u/116184?v=4?s=100\" width=\"100px;\" alt=\"Fabian Affolter\"/><br /><sub><b>Fabian Affolter</b></sub></a><br /><a href=\"https://github.com/sbidy/pywizlight/commits?author=fabaff\" title=\"Documentation\">📖</a> <a href=\"https://github.com/sbidy/pywizlight/commits?author=fabaff\" title=\"Code\">💻</a></td>\n      <td align=\"center\" valign=\"top\" width=\"14.28%\"><a href=\"https://redaxmedia.com\"><img src=\"https://avatars.githubusercontent.com/u/1835397?v=4?s=100\" width=\"100px;\" alt=\"Henry Ruhs\"/><br /><sub><b>Henry Ruhs</b></sub></a><br /><a href=\"https://github.com/sbidy/pywizlight/commits?author=redaxmedia\" title=\"Code\">💻</a></td>\n      <td align=\"center\" valign=\"top\" width=\"14.28%\"><a href=\"https://www.panu.it/\"><img src=\"https://avatars.githubusercontent.com/u/2248402?v=4?s=100\" width=\"100px;\" alt=\"Alberto Panu\"/><br /><sub><b>Alberto Panu</b></sub></a><br /><a href=\"https://github.com/sbidy/pywizlight/commits?author=bigjohnson\" title=\"Code\">💻</a></td>\n    </tr>\n    <tr>\n      <td align=\"center\" valign=\"top\" width=\"14.28%\"><a href=\"https://github.com/skitterrusty\"><img src=\"https://avatars.githubusercontent.com/u/71942600?v=4?s=100\" width=\"100px;\" alt=\"skitterrusty\"/><br /><sub><b>skitterrusty</b></sub></a><br /><a href=\"https://github.com/sbidy/pywizlight/commits?author=skitterrusty\" title=\"Code\">💻</a></td>\n      <td align=\"center\" valign=\"top\" width=\"14.28%\"><a href=\"https://github.com/mots\"><img src=\"https://avatars.githubusercontent.com/u/26517?v=4?s=100\" width=\"100px;\" alt=\"Mathias Roth\"/><br /><sub><b>Mathias Roth</b></sub></a><br /><a href=\"https://github.com/sbidy/pywizlight/commits?author=mots\" title=\"Code\">💻</a></td>\n      <td align=\"center\" valign=\"top\" width=\"14.28%\"><a href=\"https://github.com/durnezj\"><img src=\"https://avatars.githubusercontent.com/u/11504333?v=4?s=100\" width=\"100px;\" alt=\"durnezj\"/><br /><sub><b>durnezj</b></sub></a><br /><a href=\"https://github.com/sbidy/pywizlight/commits?author=durnezj\" title=\"Code\">💻</a></td>\n      <td align=\"center\" valign=\"top\" width=\"14.28%\"><a href=\"https://github.com/Dirty-No\"><img src=\"https://avatars.githubusercontent.com/u/54525684?v=4?s=100\" width=\"100px;\" alt=\"Noëlle\"/><br /><sub><b>Noëlle</b></sub></a><br /><a href=\"https://github.com/sbidy/pywizlight/commits?author=Dirty-No\" title=\"Documentation\">📖</a></td>\n      <td align=\"center\" valign=\"top\" width=\"14.28%\"><a href=\"https://linkedin.com/in/scriptsrc\"><img src=\"https://avatars.githubusercontent.com/u/8009126?v=4?s=100\" width=\"100px;\" alt=\"Patrick Kelley\"/><br /><sub><b>Patrick Kelley</b></sub></a><br /><a href=\"https://github.com/sbidy/pywizlight/commits?author=scriptsrc\" title=\"Documentation\">📖</a></td>\n      <td align=\"center\" valign=\"top\" width=\"14.28%\"><a href=\"http://ellismichael.com\"><img src=\"https://avatars.githubusercontent.com/u/1312141?v=4?s=100\" width=\"100px;\" alt=\"Ellis Michael\"/><br /><sub><b>Ellis Michael</b></sub></a><br /><a href=\"https://github.com/sbidy/pywizlight/commits?author=emichael\" title=\"Code\">💻</a></td>\n      <td align=\"center\" valign=\"top\" width=\"14.28%\"><a href=\"https://github.com/SvbZ3r0\"><img src=\"https://avatars.githubusercontent.com/u/57280279?v=4?s=100\" width=\"100px;\" alt=\"Gughan Ravikumar\"/><br /><sub><b>Gughan Ravikumar</b></sub></a><br /><a href=\"https://github.com/sbidy/pywizlight/commits?author=SvbZ3r0\" title=\"Code\">💻</a></td>\n    </tr>\n    <tr>\n      <td align=\"center\" valign=\"top\" width=\"14.28%\"><a href=\"https://github.com/CharlotteCross1998\"><img src=\"https://avatars.githubusercontent.com/u/29734551?v=4?s=100\" width=\"100px;\" alt=\"Charlotte\"/><br /><sub><b>Charlotte</b></sub></a><br /><a href=\"https://github.com/sbidy/pywizlight/commits?author=CharlotteCross1998\" title=\"Code\">💻</a></td>\n      <td align=\"center\" valign=\"top\" width=\"14.28%\"><a href=\"https://akx.github.io/\"><img src=\"https://avatars.githubusercontent.com/u/58669?v=4?s=100\" width=\"100px;\" alt=\"Aarni Koskela\"/><br /><sub><b>Aarni Koskela</b></sub></a><br /><a href=\"https://github.com/sbidy/pywizlight/commits?author=akx\" title=\"Code\">💻</a></td>\n      <td align=\"center\" valign=\"top\" width=\"14.28%\"><a href=\"https://github.com/UH-60\"><img src=\"https://avatars.githubusercontent.com/u/4968133?v=4?s=100\" width=\"100px;\" alt=\"UH-60\"/><br /><sub><b>UH-60</b></sub></a><br /><a href=\"https://github.com/sbidy/pywizlight/commits?author=UH-60\" title=\"Code\">💻</a></td>\n      <td align=\"center\" valign=\"top\" width=\"14.28%\"><a href=\"https://github.com/bdraco\"><img src=\"https://avatars.githubusercontent.com/u/663432?v=4?s=100\" width=\"100px;\" alt=\"J. Nick Koston\"/><br /><sub><b>J. Nick Koston</b></sub></a><br /><a href=\"https://github.com/sbidy/pywizlight/commits?author=bdraco\" title=\"Code\">💻</a></td>\n      <td align=\"center\" valign=\"top\" width=\"14.28%\"><a href=\"https://shreve.io\"><img src=\"https://avatars.githubusercontent.com/u/253634?v=4?s=100\" width=\"100px;\" alt=\"Violet Shreve\"/><br /><sub><b>Violet Shreve</b></sub></a><br /><a href=\"https://github.com/sbidy/pywizlight/commits?author=shreve\" title=\"Code\">💻</a></td>\n      <td align=\"center\" valign=\"top\" width=\"14.28%\"><a href=\"https://github.com/arturpragacz\"><img src=\"https://avatars.githubusercontent.com/u/49985303?v=4?s=100\" width=\"100px;\" alt=\"Artur Pragacz\"/><br /><sub><b>Artur Pragacz</b></sub></a><br /><a href=\"https://github.com/sbidy/pywizlight/commits?author=arturpragacz\" title=\"Code\">💻</a></td>\n    </tr>\n  </tbody>\n</table>\n\n<!-- markdownlint-restore -->\n<!-- prettier-ignore-end -->\n\n<!-- ALL-CONTRIBUTORS-LIST:END -->\n\n## Discover bulbs via CLI\n\nTo find bulbs via cli you can use the following:\n```bash\npython -m pywizlight.cli discover\n```\n\n## Example\n\n```python\nimport asyncio\n\nfrom pywizlight import wizlight, PilotBuilder, discovery\n\nasync def main():\n    \"\"\"Sample code to work with bulbs.\"\"\"\n    # Discover all bulbs in the network via broadcast datagram (UDP)\n    # function takes the discovery object and returns a list of wizlight objects.\n    bulbs = await discovery.discover_lights(broadcast_space=\"192.168.1.255\")\n    # Print the IP address of the bulb on index 0\n    print(f\"Bulb IP address: {bulbs[0].ip}\")\n\n    # Iterate over all returned bulbs\n    for bulb in bulbs:\n        print(bulb.__dict__)\n        # Turn off all available bulbs\n        # await bulb.turn_off()\n\n    # Set up a standard light\n    light = wizlight(\"192.168.1.27\")\n    # Set up the light with a custom port\n    #light = wizlight(\"your bulb's IP address\", port=12345)\n\n    # The following calls need to be done inside an asyncio coroutine\n    # to run them from normal synchronous code, you can wrap them with\n    # asyncio.run(..).\n\n    # Turn the light on into \"rhythm mode\"\n    await light.turn_on(PilotBuilder())\n    # Set bulb brightness\n    await light.turn_on(PilotBuilder(brightness = 255))\n\n    # Set bulb brightness (with async timeout)\n    timeout = 10\n    await asyncio.wait_for(light.turn_on(PilotBuilder(brightness = 255)), timeout)\n\n    # Set bulb to warm white\n    await light.turn_on(PilotBuilder(warm_white = 255))\n\n    # Set RGB values\n    # red to 0 = 0%, green to 128 = 50%, blue to 255 = 100%\n    await light.turn_on(PilotBuilder(rgb = (0, 128, 255)))\n\n    # Get the current color temperature, RGB values\n    state = await light.updateState()\n    print(state.get_colortemp())\n    red, green, blue = state.get_rgb()\n    print(f\"red {red}, green {green}, blue {blue}\")\n\n    # Start a scene\n    await light.turn_on(PilotBuilder(scene = 4)) # party\n\n    # Get the name of the current scene\n    state = await light.updateState()\n    print(state.get_scene())\n\n    # Get the features of the bulb\n    bulb_type = await bulbs[0].get_bulbtype()\n    print(bulb_type.features.brightness) # returns True if brightness is supported\n    print(bulb_type.features.color) # returns True if color is supported\n    print(bulb_type.features.color_tmp) # returns True if color temperatures are supported\n    print(bulb_type.features.effect) # returns True if effects are supported\n    print(bulb_type.kelvin_range.max) # returns max kelvin in INT\n    print(bulb_type.kelvin_range.min) # returns min kelvin in INT\n    print(bulb_type.name) # returns the module name of the bulb\n\n    # Turn the light off\n    await light.turn_off()\n\n    # Do operations on multiple lights in parallel\n    #bulb1 = wizlight(\"<your bulb1 ip>\")\n    #bulb2 = wizlight(\"<your bulb2 ip>\")\n    # --- DEPRECATED in 3.10 see [#140](https://github.com/sbidy/pywizlight/issues/140)\n    # await asyncio.gather(bulb1.turn_on(PilotBuilder(brightness = 255)),\n    #    bulb2.turn_on(PilotBuilder(warm_white = 255)))\n    # --- For >3.10 await asyncio.gather() from another coroutine\n    # async def turn_bulbs_on(bulb1, bulb2):\n    #    await asyncio.gather(bulb1.turn_on(PilotBuilder(warm_white=255)), bulb2.turn_on(PilotBuilder(warm_white=255)))\n    #  def main:\n    #    asyncio.run(async turn_bulbs_on(bulb1, bulb2))\n\nloop = asyncio.get_event_loop()\nloop.run_until_complete(main())\n```\n\n## CLI\n\n`wizlight` is a command-line tool to perform basic interactions with bulbs.\n\n```console\n$ wizlight\nUsage: wizlight [OPTIONS] COMMAND [ARGS]...\n\n  Simple command-line tool to interact with Wizlight bulbs.\n\nOptions:\n  --version  Show the version and exit.\n  --help     Show this message and exit.\n\nCommands:\n  discover   Discover bulb in the local network.\n  off        Turn the bulb off.\n  on         Turn the bulb on.\n  set-state  Set the current state of a given bulb.\n  state      Get the current state from the given bulb.\n```\n\n### Examples\n\n```\n$ wizlight discover --b 192.168.0.101\nSearch for bulbs in 192.168.0.101 ...\n{'ip_address': '192.168.0.101', 'mac_address': 'a8bs4090193d'}\n\n$ wizlight on --ip 192.168.0.101 --k 3000 --brightness 128\nTurning on 192.168.0.101\n\n$ wizlight off --ip 192.168.0.101\nTurning off 192.168.0.101\n\n$ wizlight state --ip 192.168.0.101\n{'mac': 'a8bs4090193d', 'rssi': -57, 'src': '', 'state': False, 'sceneId': 0, 'temp': 3000, 'dimming': 50}\n```\n\nRun `wizlight COMMAND --help` to see usage and options.\n\n## Discovery\n\nThe discovery works with a UDP Broadcast request and collects all bulbs in the network.\n\n## Bulb paramters (UDP RAW)\n\n- **sceneId** - calls one of the predefined scenes (int from 1 to 35) [List of names in code](https://github.com/sbidy/pywizlight/blob/master/pywizlight/scenes.py)\n- **speed** - sets the color changing speed in percent\n- **dimming** - sets the dimmer of the bulb in percent\n- **temp** - sets the color temperature in kelvins\n- **r** - red color range 0-255\n- **g** - green color range 0-255\n- **b** - blue color range 0-255\n- **c** - cold white range 0-255\n- **w** - warm white range 0-255\n- **id** - the bulb id\n- **state** - whether it's on or off\n- **schdPsetId** - rhythm id of the room\n\n## Async I/O\n\nFor async I/O this component uses Python's built-in asyncio DatagramTransport, which allows completely non-blocking UDP transport.\n\n## Classes\n\n`wizlight(ip)`: Creates an instance of a WiZ Light Bulb. Constructed with the IP addCancel changesress of the bulb.\n\n### Instance variables\n\nFirst you need to fetch the state by calling `light.updateState()`.\nAfter that all states can be fetched from `light.state`, which is a `PilotParser` object.\n\n`PilotParser.get_brightness()`gets the value of the brightness 0-255\n\n`PilotParser.get_rgb()` gets the rgbW color state of the bulb\n\n`PilotParser.get_colortemp()` gets the color temperature of the bulb\n\n`PilotParser.get_warm_white/get_cold_white()` gets the current warm/cold setting (not supported by original Philips Wiz bulbs)\n\n`PilotParser.get_scene()` gets the current scene name\n\n`PilotParser.get_state()` returns True/False. True = on, False = off\n\n### Methods\n\n`getBulbConfig(self)` returns the hardware configuration of the bulb\n\n`updateState(self)` gets the current bulb state from the light using `sendUDPMessage` and sets it to `self.state`\n\n`lightSwitch(self)` toggles the light bulb on or off like a switch\n\n`getMAC(self)` returns the MAC address of the bulb. Can be used as a unique ID\n\n`sendUDPMessage(self, message, timeout = 60, send_interval = 0.5, max_send_datagrams = 100):` sends the UDP message to the bulb. Since UDP can lose packets, and your light might be a long distance away from the router, we continuously keep sending the UDP command datagram until there is a response from the bulb. In tests this worked way better than just sending once and waiting for a timeout. You can set the async operation timeout using `timeout`, set the time interval to sleep between continuous UDP sends using `send_interval` and the maximum number of continuous pings to send using `max_send_datagrams`. It is already hardcoded to a lower value for `setPilot` (set light state) vs `getPilot` (fetch light state) to avoid flickering the light.\n\n`turn_off(self)` turns the light off\n\n`turn_on(PilotBuilder)` turns the light on. This takes a `PilotBuilder` object, which can be used to set all the parameters programmatically - rgb, color temperature, brightness, etc. To set the light to rhythm mode, create an empty `PilotBuilder`.\n\n`get_power(self)` returns the current power consumption of a Smart Plug with Metering.\n\n## Bulb methods (UDP native):\n\n- **getSystemConfig** - gets the current system configuration - no parameters required\n- **syncPilot** - sent by the bulb as heartbeats\n- **getPilot** - gets the current bulb state - no parameters required\n- **setPilot** - used to tell the bulb to change color/temp/state\n- **Pulse** - uncertain of purpose\n- **Registration** - used to \"register\" with the bulb: This notifies the bulb if you want it to send you heartbeat sync packets\n\n### Sync functions:\n\n- syncUserConfig\n- syncPilot - {\"method\":\"syncPilot\",\"env\":\"pro\",\"params\":{\"mac\":\"ABCABCABC\",\"rssi\":-71,\"src\":\"udp\",\"state\":true,\"sceneId\":0,\"temp\":6500,\"dimming\":62}}\n- syncSchdPset\n- syncBroadcastPilot\n- syncSystemConfig\n- syncConfig\n- syncAlarm\n\n### Set functions:\n\n- pulse - {\"method\":\"pulse\", \"params\":{\"delta\":-15,\"duration\":300}}\n- registration - {\"method\":\"registration\",\"id\":105, \"params\":{\"phoneIp\":\"10.0.0.0\",\"phoneMac\":\"aaaaaaaaaaaa\",\"register\":true}}\n- setUserConfig\n- setSystemConfig\n- setDevInfo\n- setSchd\n- setSchdPset\n- setWifiConfig\n- reset\n- setFavs\n- setState\n- setPilot\n\n### Get functions\n\n- getPilot\n- getUserConfig\n- getSystemConfig\n- getWifiConfig\n- reboot\n- getDevInfo\n\n### Error States and Returns\n\n- Parse error\n- Invalid Request\n- Method not found\n- Invalid params\n- Internal error\n- Success\n\n## Example UDP requests\n\nSend message to the bulb:\n`{\"method\":\"setPilot\",\"params\":{\"r\":255,\"g\":255,\"b\":255,\"dimming\":50}}`\nResponse: `{\"method\":\"setPilot\",\"env\":\"pro\",\"result\":{\"success\":true}}`\n\nGet state of the bulb:\n`{\"method\":\"getPilot\",\"params\":{}}`\nResponses:\n\ncustom color mode:\n\n`{'method': 'getPilot', 'env': 'pro', 'result': {'mac': 'a8bb50a4f94d', 'rssi': -60, 'src': '', 'state': True, 'sceneId': 0, 'temp': 5075, 'dimming': 47}}`\n\nscene mode:\n\n`{'method': 'getPilot', 'env': 'pro', 'result': {'mac': 'a8bb50a4f94d', 'rssi': -65, 'src': '', 'state': True, 'sceneId': 12, 'speed': 100, 'temp': 4200, 'dimming': 47}}`\n\nrhythm mode:\n\n`{'method': 'getPilot', 'env': 'pro', 'result': {'mac': 'a8bb50a4f94d', 'rssi': -63, 'src': '', 'state': True, 'sceneId': 14, 'speed': 100, 'dimming': 100, 'schdPsetId': 9}}`\n\n[code-coverage]: https://codecov.io/gh/sbidy/pywizlight\n[code-cover-shield]: https://codecov.io/gh/sbidy/pywizlight/branch/master/graph/badge.svg\n",
      "docs/BroadcastProtocol.md": "# BroadcastProtocol\n\n\nProtocol that sends an UDP broadcast message for bulb discovery. \n\n## Methods\n\n\n### __init__\n\n\nInit discovery function. \n\n#### Parameters\nname | description | default\n--- | --- | ---\nself |  | \nloop |  | \nregistry |  | \nbroadcast_address |  | \n\n\n\n\n\n### connection_made\n\n\nInit connection to socket and register broadcasts. \n\n#### Parameters\nname | description | default\n--- | --- | ---\nself |  | \ntransport |  | \n\n\n\n\n\n### broadcast_registration\n\n\nSend a registration method as UDP broadcast. \n\n#### Parameters\nname | description | default\n--- | --- | ---\nself |  | \n\n\n\n\n\n### datagram_received\n\n\nReceive data from broadcast. \n\n#### Parameters\nname | description | default\n--- | --- | ---\nself |  | \ndata |  | \naddr |  | \n\n\n\n\n\n### connection_lost\n\n\nReturn connection error. \n\n#### Parameters\nname | description | default\n--- | --- | ---\nself |  | \nexc |  | \n\n\n\n\n",
      "docs/BulbLib.md": "# BulbLib\n\n\nProvides all existing bulbs. \n\n## Methods\n\n\n### getBulbList\n\n\nRetrun the list of known bulbs as BulbType list. \n\n#### Parameters\nname | description | default\n--- | --- | ---\nself |  | \n\n\n\n\n",
      "docs/BulbRegistry.md": "# BulbRegistry\n\n\nRepresentation of the bulb registry. \n\n## Methods\n\n\n### __init__\n\n\nInitialize the bulb registry. \n\n#### Parameters\nname | description | default\n--- | --- | ---\nself |  | \n\n\n\n\n\n### register\n\n\nRegister a new bulb. \n\n#### Parameters\nname | description | default\n--- | --- | ---\nself |  | \nbulb |  | \n\n\n\n\n\n### bulbs\n\n\nGet all present bulbs. \n\n#### Parameters\nname | description | default\n--- | --- | ---\nself |  | \n\n\n\n\n",
      "docs/BulbType.md": "# BulbType\n\n\nBulbType object to define functions and features of the bulb. \n\n## Methods\n\n\n### __init__\n\n\nCreate a bulb object with different features. \n\n#### Parameters\nname | description | default\n--- | --- | ---\nself |  | \nfeatures |  | \nname |  | \nkelvin_range |  | \n\n\n\n\n",
      "docs/DiscoveredBulb.md": "# DiscoveredBulb\n\n\nRepresentation of discovered bulb. \n\n## Methods\n\n\n### __init__\n\n\nInitialize the discovered bulb. \n\n#### Parameters\nname | description | default\n--- | --- | ---\nself |  | \nip_address |  | \nmac_address |  | \n\n\n\n\n\n### create_bulb_from_message\n\n\nCreate announce message. \n\n#### Parameters\nname | description | default\n--- | --- | ---\nraw_addr |  | \nannounce_message |  | \n\n\n\n\n",
      "docs/Features.md": "# Features\n\n\nDefines the supported features. \n\n## Methods\n\n\n### __init__\n\n\nInit the features with type. \n\n#### Parameters\nname | description | default\n--- | --- | ---\nself |  | \ncolor |  | \ncolor_tmp |  | \neffect |  | \nbrightness |  | \n\n\n\n\n",
      "docs/KelvinRange.md": "# KelvinRange\n\n\nDeines the kelvin range. \n\n## Methods\n\n\n### __init__\n\n\nInit for the kelvin range class. \n\n#### Parameters\nname | description | default\n--- | --- | ---\nself |  | \nmax |  | \nmin |  | \n\n\n\n\n",
      "docs/PilotBuilder.md": "# PilotBuilder\n\n\nGet information from the bulb. \n\n## Methods\n\n\n### __init__\n\n\nSet the parameter. \n\n#### Parameters\nname | description | default\n--- | --- | ---\nself |  | \nwarm_white |  | None\ncold_white |  | None\nspeed |  | None\nscene |  | None\nrgb |  | None\nbrightness |  | None\ncolortemp |  | None\nstate |  | True\n\n\n\n\n\n### set_pilot_message\n\n\nReturn the pilot message. \n\n#### Parameters\nname | description | default\n--- | --- | ---\nself |  | \n\n\n\n\n\n### set_state_message\n\n\nReturn the setState message. It doesn't change the current status of the light. \n\n#### Parameters\nname | description | default\n--- | --- | ---\nself |  | \nstate |  | \n\n\n\n\n\n### _set_warm_white\n\n\nSet the value of the cold white led. \n\n#### Parameters\nname | description | default\n--- | --- | ---\nself |  | \nvalue |  | \n\n\n\n\n\n### _set_cold_white\n\n\nSet the value of the cold white led. \n\n#### Parameters\nname | description | default\n--- | --- | ---\nself |  | \nvalue |  | \n\n\n\n\n\n### _set_speed\n\n\nSet the color changing speed in precent (0-100).   \nThis applies only to changing effects. \n\n#### Parameters\nname | description | default\n--- | --- | ---\nself |  | \nvalue |  | \n\n\n\n\n\n### _set_scene\n\n\nSet the scene by id. \n\n#### Parameters\nname | description | default\n--- | --- | ---\nself |  | \nscene_id |  | \n\n\n\n\n\n### _set_rgb\n\n\nSet the RGB color state of the bulb. \n\n#### Parameters\nname | description | default\n--- | --- | ---\nself |  | \nvalues |  | \n\n\n\n\n\n### _set_brightness\n\n\nSet the value of the brightness 0-255. \n\n#### Parameters\nname | description | default\n--- | --- | ---\nself |  | \nvalue |  | \n\n\n\n\n\n### _set_colortemp\n\n\nSet the color temperature for the white led in the bulb. \n\n#### Parameters\nname | description | default\n--- | --- | ---\nself |  | \nkelvin |  | \n\n\n\n\n\n### hex_to_percent\n\n\nConvert hex 0-255 values to percent. \n\n#### Parameters\nname | description | default\n--- | --- | ---\nself |  | \nhex |  | \n\n\n\n\n",
      "docs/PilotParser.md": "# PilotParser\n\n\nInterpret the message from the bulb. \n\n## Methods\n\n\n### __init__\n\n\nInit the class. \n\n#### Parameters\nname | description | default\n--- | --- | ---\nself |  | \npilotResult |  | \n\n\n\n\n\n### get_state\n\n\nReturn the state of the bulb. \n\n#### Parameters\nname | description | default\n--- | --- | ---\nself |  | \n\n\n\n\n\n### get_mac\n\n\nReturn MAC from the bulb. \n\n#### Parameters\nname | description | default\n--- | --- | ---\nself |  | \n\n\n\n\n\n### get_warm_white\n\n\nGet the value of the warm white led. \n\n#### Parameters\nname | description | default\n--- | --- | ---\nself |  | \n\n\n\n\n\n### get_white_range\n\n\nGet the value of the whiteRange property. \n\n#### Parameters\nname | description | default\n--- | --- | ---\nself |  | \n\n\n\n\n\n### get_extended_white_range\n\n\nGet the value of the extende whiteRange property. \n\n#### Parameters\nname | description | default\n--- | --- | ---\nself |  | \n\n\n\n\n\n### get_speed\n\n\nGet the color changing speed. \n\n#### Parameters\nname | description | default\n--- | --- | ---\nself |  | \n\n\n\n\n\n### get_scene\n\n\nGet the current scene name. \n\n#### Parameters\nname | description | default\n--- | --- | ---\nself |  | \n\n\n\n\n\n### get_cold_white\n\n\nGet the value of the cold white led. \n\n#### Parameters\nname | description | default\n--- | --- | ---\nself |  | \n\n\n\n\n\n### get_rgb\n\n\nGet the RGB color state of the bulb and turns it on. \n\n#### Parameters\nname | description | default\n--- | --- | ---\nself |  | \n\n\n\n\n\n### get_brightness\n\n\nGet the value of the brightness 0-255. \n\n#### Parameters\nname | description | default\n--- | --- | ---\nself |  | \n\n\n\n\n\n### get_colortemp\n\n\nGet the color temperatur from the bulb. \n\n#### Parameters\nname | description | default\n--- | --- | ---\nself |  | \n\n\n\n\n\n### percent_to_hex\n\n\nConvert percent values 0-100 into hex 0-255. \n\n#### Parameters\nname | description | default\n--- | --- | ---\nself |  | \npercent |  | \n\n\n\n\n",
      "docs/README.md": "# Python Documentation\n\n## Classes\n\n**[Features](Features.md)**: Defines the supported features. \n\n**[KelvinRange](KelvinRange.md)**: Deines the kelvin range. \n\n**[BulbType](BulbType.md)**: BulbType object to define functions and features of the bulb. \n\n**[BulbLib](BulbLib.md)**: Provides all existing bulbs. \n\n**[DiscoveredBulb](DiscoveredBulb.md)**: Representation of discovered bulb. \n\n**[BulbRegistry](BulbRegistry.md)**: Representation of the bulb registry. \n\n**[BroadcastProtocol](BroadcastProtocol.md)**: Protocol that sends an UDP broadcast message for bulb discovery. \n\n**[WizLightError](WizLightError.md)**: General WizLightError exception occurred. \n\n**[WizLightConnectionError](WizLightConnectionError.md)**: When a connection error is encountered. \n\n**[WizLightTimeOutError](WizLightTimeOutError.md)**: When a connection error is encountered. \n\n**[WizLightNotKnownBulb](WizLightNotKnownBulb.md)**: The bulb type is not known to the pywizlight. \n\n**[PilotBuilder](PilotBuilder.md)**: Get information from the bulb. \n\n**[PilotParser](PilotParser.md)**: Interpret the message from the bulb. \n\n**[wizlight](wizlight.md)**: Create an instance of a WiZ Light Bulb. \n\n**[TestBulb](TestBulb.md)**: Bulb test class. \n\n\n## Functions\n\n### get_version\n\n\nDefine the version number. \n\n\n\n\n### coro\n\n\nAllow to use async in click. \n#### Parameters\nname | description | default\n--- | --- | ---\nf |  | \n\n\n\n\n\n### main\n\n\nCommand-line tool to interact with Wizlight bulbs. \n\n\n\n\n### udp_fake_bulb\n\n\nStart a fake bulb instance. \n\n\n\n\n### startup_bulb\n\n\nStart up the bulb. \n#### Parameters\nname | description | default\n--- | --- | ---\nmodule_name |  | \"ESP01_SHRGB_03\"\n\n\n\n\n",
      "docs/TestBulb.md": "# TestBulb\n\n\nBulb test class. \n\n## Methods\n\n\n### pytest_namespace\n\n\nDefine the global var. \n\n#### Parameters\nname | description | default\n--- | --- | ---\nself |  | \n\n\n\n\n\n### data\n\n\nInit the bad and good bulbs. \n\n#### Parameters\nname | description | default\n--- | --- | ---\nself |  | \n\n\n\n\n\n### setup_class\n\n\nStartup the class. \n\n#### Parameters\nname | description | default\n--- | --- | ---\ncls |  | \n\n\n\n\n",
      "docs/WizLightConnectionError.md": "# WizLightConnectionError\n\n\nWhen a connection error is encountered. \n\n## Methods\n\n",
      "docs/WizLightError.md": "# WizLightError\n\n\nGeneral WizLightError exception occurred. \n\n## Methods\n\n",
      "docs/WizLightNotKnownBulb.md": "# WizLightNotKnownBulb\n\n\nThe bulb type is not known to the pywizlight. \n\n## Methods\n\n",
      "docs/WizLightTimeOutError.md": "# WizLightTimeOutError\n\n\nWhen a connection error is encountered. \n\n## Methods\n\n",
      "docs/wizlight.md": "# wizlight\n\n\nCreate an instance of a WiZ Light Bulb. \n\n## Methods\n\n\n### __init__\n\n\nCreate instance with the IP address of the bulb. \n\n#### Parameters\nname | description | default\n--- | --- | ---\nself |  | \nip |  | \nconnect_on_init |  | False\nport |  | 38899\nmac |  | None\n\n\n\n\n\n### status\n\n\nReturn the status of the bulb: true = on, false = off. \n\n#### Parameters\nname | description | default\n--- | --- | ---\nself |  | \n\n\n\n\n\n### _check_connection\n\n\nCheck the connection to the bulb. \n\n#### Parameters\nname | description | default\n--- | --- | ---\nself |  | \n\n\n\n\n\n### get_id_from_scene_name\n\n\nRetrun the id of an given scene name.   \n:param scene: Name of the scene :type scene: str :raises ValueError: Retrun if not in scene list :return: ID of the scene :rtype: int \n\n#### Parameters\nname | description | default\n--- | --- | ---\nself |  | \nscene |  | \n\n\n\n\n"
    },
    "latest_release_at": "2025-06-10T18:53:52+00:00",
    "bot_like_contribs": 3,
    "human_contribs": 26,
    "run_ts": "2025-10-01T04:31:23.149913+00:00"
  },
  {
    "full_name": "Yidadaa/shuangpin",
    "html_url": "https://github.com/Yidadaa/shuangpin",
    "description": "纸砚双拼，可能是最好用的双拼练习工具，支持声母 / 韵母 / 长句模式、自定义双拼方案、进度统计、深色模式、成就系统。",
    "language": "Vue",
    "stars": 499,
    "forks": 59,
    "open_issues": 11,
    "owner_type": "User",
    "created_at": "2022-06-29T17:46:15+00:00",
    "pushed_at": "2024-08-05T15:54:52+00:00",
    "default_branch": "main",
    "docs": {
      "README.md": "<div align=\"center\">\n<img src=\"./screenshots/cover.png\" alt=\"预览\"/>\n\n<h1 align=\"center\">纸砚</h1>\n\n可能是最好用的双拼练习工具，帮助你快速掌握双拼输入法。\n\n[开始使用](https://shuangpin.simplenaive.cn) / [反馈问题](https://github.com/yidadaa/shuangpin/issues)\n\n</div>\n\n\n## 主要功能\n- 多种练习模式：随机模式、声母模式、韵母模式、长句模式\n- 多种预置双拼输入模式，支持自定义双拼模式\n- 自定义输入文章\n- 一目了然的进度统计\n- 持续激励的成就系统 [WIP]\n\n## 截图\n\n<div align=\"center\">随机模式</div>\n\n![随机模式](./screenshots/random.png)\n\n<div align=\"center\">韵母模式</div>\n\n![韵母模式](./screenshots/lead-mode.png)\n\n\n<div align=\"center\">长句模式</div>\n\n![长句模式](./screenshots/p-mode.png)\n\n\n<div align=\"center\">设置</div>\n\n![设置](./screenshots/setting.png)\n\n## 常见问题\n### 如何贡献一个新的双拼方案？\n直接编辑这个[文件](./src/utils/spconfig.json)，仿照已有的配置格式新增即可，编辑完毕后发起 Pull Request，请在 Pull Request 中说明方案来源。\n\n配置文件格式：\n```json\n{\n  \"双拼名称\": {\n    \"keyMap\": { // 按键配置\n      \"q/iu/q\", // 键盘按键/韵母/声母\n      ...\n      \"t/ue,ve/t\", // 如果有多个韵母，请使用英文逗号隔开\n      ...\n    },\n    \"zeroMap\": { // 零声母配置\n      \"aa/a\", // 双拼/拼音\n      ...\n    }\n  }\n}\n```\n\n如果只是想练习自己的自定义方案，请直接在设置 -> 当前模式 -> 新增双拼中，增加本地自定义方案。\n\n### 为什么多音字展示不全？\n当某些文字的多音字列表过长时，会进行截断处理，此时虽然提示列表中没有展示，但是依然可以正常判定。\n\n### 为什么自定义双拼模式下，某些拼音无法识别？\n请检查自定义方案是否出现了一对多的双拼映射关系，比如单个双拼输入对应到了多个可能的拼音，这样会导致双拼输入的重码率上升，所以并未对此类方案做兼容。\n\n## 说明\n- 本项目灵感来源自：[双拼练习](https://github.com/BlueSky-07/Shuang)，感谢作者 [@BlueSky-07](https://github.com/BlueSky-07) 制作的工具帮助我入门双拼；\n- 如果本项目帮到了你，请将节省的时间用于享受生活，善待自己。\n\n## LICENSE\n- 本项目使用 [MIT License](https://en.wikipedia.org/wiki/MIT_License) 开源协议；\n- 本项目使用 [Anti 996 License](https://github.com/kattgu7/Anti-996-License/blob/master/LICENSE_CN_EN) 作为补充开源协议。\n"
    },
    "latest_release_at": null,
    "bot_like_contribs": 0,
    "human_contribs": 4,
    "run_ts": "2025-10-01T04:31:23.149913+00:00"
  },
  {
    "full_name": "btholt/complete-intro-to-react-v9",
    "html_url": "https://github.com/btholt/complete-intro-to-react-v9",
    "description": "The Complete Intro to React v9 as taught for Frontend Masters by Brian Holt",
    "language": "JavaScript",
    "stars": 496,
    "forks": 71,
    "open_issues": 2,
    "owner_type": "User",
    "created_at": "2024-08-26T22:00:37+00:00",
    "pushed_at": "2025-08-28T20:59:49+00:00",
    "default_branch": "main",
    "docs": {
      "README.md": "<p align=\"center\"><a href=\"fem\"><img alt=\"react logo\" title=\"React\" src=\"./public/images/course-icon.png\" /></a></p>\n\n[![Frontend Masters](https://static.frontendmasters.com/assets/brand/logos/full.png)][fem]\n\n[Please click here][course] to head to the course website.\n\n# Issues and Pull Requests\n\nPlease file issues and open pull requests here! Thank you! For issues with project files, either file issues on _this_ repo _or_ open a pull request on the projects repos. This repo itself is the course website.\n\n# Project Files\n\n[Please go here][project] for the project files.\n\n# License\n\nThe content of this workshop is licensed under CC-BY-NC-4.0. Feel free to share freely but do not resell my content.\n\nThe code, including the code of the site itself and the code in the exercises, are licensed under Apache 2.0.\n\n[fem]: https://frontendmasters.com/workshops/complete-react-v9/\n[course]: https://react-v9.holt.courses\n[project]: https://github.com/btholt/citr-v9-project/\n\n[React icons created by Pixel perfect - Flaticon](https://www.flaticon.com/free-icons/react)\n"
    },
    "latest_release_at": null,
    "bot_like_contribs": 0,
    "human_contribs": 7,
    "run_ts": "2025-10-01T04:31:23.149913+00:00"
  }
]