[
  {
    "full_name": "dmarkham/enumer",
    "asof": "2025-09-01T00:00:00+00:00",
    "run_ts": "2025-10-01T14:08:27.247447+00:00",
    "comment_dump_index": {
      "repo_index": "mined/comments_365d/shard_04/dmarkham__enumer/index.json",
      "shard_manifest": "mined/comments_365d/shard_04.comments.index.json",
      "counts": {
        "issue": 41,
        "review": 32,
        "total": 73
      },
      "pr_count_dumped": 17
    },
    "readme_words": 1408,
    "docs_md_count": 0,
    "has_contributing": false,
    "has_coc": false,
    "has_issue_template": false,
    "has_pr_template": false,
    "has_codeowners": false,
    "has_maintainers": false,
    "has_governance": false,
    "has_workflows": true,
    "workflows_count": 2,
    "discussions_enabled": false,
    "onboarding_surfaces_count": 1,
    "pr_merge_rate_90": null,
    "denom_prs_90": 0,
    "censor_days": 7,
    "maintainer_first_reply_median_hrs_365": 130.79055555555556,
    "pr_with_human_maint_comment_rate_365": 0.143,
    "maintainer_to_author_comment_ratio_365": 0.367,
    "links_per_comment_365": 0.096,
    "denom_prs_comment_window_365": 14,
    "count_prs_with_maint_comment_365": 2,
    "count_maintainer_comments_365": 11,
    "count_author_comments_365": 30,
    "count_human_comments_365": 52,
    "count_links_365": 5,
    "convo_readability_feats": {
      "n_words": 2066,
      "n_sents": 127,
      "flesch_reading_ease": 60.35,
      "avg_sentence_len": 16.27,
      "code_block_count": 4,
      "heading_count": 2,
      "passive_hits": 15
    },
    "convo_broken_link_ratio_365": 0.4,
    "R_convo_rule_365": 4.3,
    "newcomers_strict_window": 5,
    "total_prs_in_window": 14,
    "conversion_1m": 0.4,
    "denom_conv_1m": 5,
    "conversion_3m": 0.5,
    "denom_conv_3m": 4,
    "conversion_6m": 0.667,
    "denom_conv_6m": 3,
    "additional_prs_1m": {
      "sum": 2,
      "avg": 0.4,
      "median": 0.0
    },
    "additional_prs_3m": {
      "sum": 3,
      "avg": 0.75,
      "median": 0.5
    },
    "additional_prs_6m": {
      "sum": 4,
      "avg": 1.333,
      "median": 2.0
    },
    "retention_1m": 0.2,
    "denom_ret_1m": 5,
    "retention_3m": 0.25,
    "denom_ret_3m": 4,
    "retention_6m": 0.0,
    "denom_ret_6m": 3,
    "newcomer_became_merger_ever_rate": null,
    "newcomer_became_merger_ever_count": 0,
    "denom_newcomer_became_merger_ever": 0
  },
  {
    "full_name": "drwl/annotaterb",
    "asof": "2025-09-01T00:00:00+00:00",
    "run_ts": "2025-10-01T14:08:27.247447+00:00",
    "comment_dump_index": {
      "repo_index": "mined/comments_365d/shard_04/drwl__annotaterb/index.json",
      "shard_manifest": "mined/comments_365d/shard_04.comments.index.json",
      "counts": {
        "issue": 116,
        "review": 25,
        "total": 141
      },
      "pr_count_dumped": 85
    },
    "readme_words": 1306,
    "docs_md_count": 0,
    "has_contributing": true,
    "has_coc": false,
    "has_issue_template": true,
    "has_pr_template": false,
    "has_codeowners": false,
    "has_maintainers": false,
    "has_governance": false,
    "has_workflows": true,
    "workflows_count": 2,
    "discussions_enabled": false,
    "onboarding_surfaces_count": 3,
    "pr_merge_rate_90": null,
    "denom_prs_90": 0,
    "censor_days": 7,
    "maintainer_first_reply_median_hrs_365": 397.9775,
    "pr_with_human_maint_comment_rate_365": 0.388,
    "maintainer_to_author_comment_ratio_365": 1.185,
    "links_per_comment_365": 0.155,
    "denom_prs_comment_window_365": 80,
    "count_prs_with_maint_comment_365": 31,
    "count_maintainer_comments_365": 64,
    "count_author_comments_365": 54,
    "count_human_comments_365": 129,
    "count_links_365": 20,
    "convo_readability_feats": {
      "n_words": 4921,
      "n_sents": 444,
      "flesch_reading_ease": 67.03,
      "avg_sentence_len": 11.08,
      "code_block_count": 16,
      "heading_count": 11,
      "passive_hits": 36
    },
    "convo_broken_link_ratio_365": 0.25,
    "R_convo_rule_365": 4.3,
    "newcomers_strict_window": 34,
    "total_prs_in_window": 70,
    "conversion_1m": 0.133,
    "denom_conv_1m": 30,
    "conversion_3m": 0.174,
    "denom_conv_3m": 23,
    "conversion_6m": 0.308,
    "denom_conv_6m": 13,
    "additional_prs_1m": {
      "sum": 4,
      "avg": 0.133,
      "median": 0.0
    },
    "additional_prs_3m": {
      "sum": 6,
      "avg": 0.261,
      "median": 0.0
    },
    "additional_prs_6m": {
      "sum": 7,
      "avg": 0.538,
      "median": 0.0
    },
    "retention_1m": 0.067,
    "denom_ret_1m": 30,
    "retention_3m": 0.087,
    "denom_ret_3m": 23,
    "retention_6m": 0.154,
    "denom_ret_6m": 13,
    "newcomer_became_merger_ever_rate": null,
    "newcomer_became_merger_ever_count": 0,
    "denom_newcomer_became_merger_ever": 0
  },
  {
    "full_name": "rstudio/hex-stickers",
    "asof": "2025-09-01T00:00:00+00:00",
    "run_ts": "2025-10-01T14:08:27.247447+00:00",
    "comment_dump_index": {
      "repo_index": "mined/comments_365d/shard_04/rstudio__hex-stickers/index.json",
      "shard_manifest": "mined/comments_365d/shard_04.comments.index.json",
      "counts": {
        "issue": 15,
        "review": 0,
        "total": 15
      },
      "pr_count_dumped": 17
    },
    "readme_words": 4910,
    "docs_md_count": 0,
    "has_contributing": false,
    "has_coc": false,
    "has_issue_template": false,
    "has_pr_template": false,
    "has_codeowners": false,
    "has_maintainers": false,
    "has_governance": false,
    "has_workflows": true,
    "workflows_count": 1,
    "discussions_enabled": false,
    "onboarding_surfaces_count": 1,
    "pr_merge_rate_90": null,
    "denom_prs_90": 0,
    "censor_days": 7,
    "maintainer_first_reply_median_hrs_365": 42.49444444444445,
    "pr_with_human_maint_comment_rate_365": 0.438,
    "maintainer_to_author_comment_ratio_365": 1.75,
    "links_per_comment_365": 0.182,
    "denom_prs_comment_window_365": 16,
    "count_prs_with_maint_comment_365": 7,
    "count_maintainer_comments_365": 7,
    "count_author_comments_365": 4,
    "count_human_comments_365": 11,
    "count_links_365": 2,
    "convo_readability_feats": {
      "n_words": 108,
      "n_sents": 20,
      "flesch_reading_ease": 83.07,
      "avg_sentence_len": 5.4,
      "code_block_count": 0,
      "heading_count": 0,
      "passive_hits": 1
    },
    "convo_broken_link_ratio_365": 0.5,
    "R_convo_rule_365": 4.0,
    "newcomers_strict_window": 3,
    "total_prs_in_window": 14,
    "conversion_1m": 0.0,
    "denom_conv_1m": 2,
    "conversion_3m": 0.5,
    "denom_conv_3m": 2,
    "conversion_6m": 1.0,
    "denom_conv_6m": 1,
    "additional_prs_1m": {
      "sum": 0,
      "avg": 0.0,
      "median": 0.0
    },
    "additional_prs_3m": {
      "sum": 1,
      "avg": 0.5,
      "median": 0.5
    },
    "additional_prs_6m": {
      "sum": 1,
      "avg": 1.0,
      "median": 1.0
    },
    "retention_1m": 0.5,
    "denom_ret_1m": 2,
    "retention_3m": 0.5,
    "denom_ret_3m": 2,
    "retention_6m": 1.0,
    "denom_ret_6m": 1,
    "newcomer_became_merger_ever_rate": 1.0,
    "newcomer_became_merger_ever_count": 2,
    "denom_newcomer_became_merger_ever": 2
  },
  {
    "full_name": "OE4T/meta-tegra",
    "asof": "2025-09-01T00:00:00+00:00",
    "run_ts": "2025-10-01T14:08:27.247447+00:00",
    "comment_dump_index": {
      "repo_index": "mined/comments_365d/shard_04/OE4T__meta-tegra/index.json",
      "shard_manifest": "mined/comments_365d/shard_04.comments.index.json",
      "counts": {
        "issue": 217,
        "review": 74,
        "total": 291
      },
      "pr_count_dumped": 143
    },
    "readme_words": 351,
    "docs_md_count": 0,
    "has_contributing": true,
    "has_coc": false,
    "has_issue_template": false,
    "has_pr_template": false,
    "has_codeowners": false,
    "has_maintainers": false,
    "has_governance": false,
    "has_workflows": false,
    "workflows_count": 0,
    "discussions_enabled": true,
    "onboarding_surfaces_count": 2,
    "pr_merge_rate_90": null,
    "denom_prs_90": 0,
    "censor_days": 7,
    "maintainer_first_reply_median_hrs_365": 10.404166666666667,
    "pr_with_human_maint_comment_rate_365": 0.463,
    "maintainer_to_author_comment_ratio_365": 1.136,
    "links_per_comment_365": 0.258,
    "denom_prs_comment_window_365": 136,
    "count_prs_with_maint_comment_365": 63,
    "count_maintainer_comments_365": 125,
    "count_author_comments_365": 110,
    "count_human_comments_365": 240,
    "count_links_365": 62,
    "convo_readability_feats": {
      "n_words": 10338,
      "n_sents": 843,
      "flesch_reading_ease": 59.23,
      "avg_sentence_len": 12.26,
      "code_block_count": 29,
      "heading_count": 2,
      "passive_hits": 61
    },
    "convo_broken_link_ratio_365": 0.15,
    "R_convo_rule_365": 3.3,
    "newcomers_strict_window": 23,
    "total_prs_in_window": 121,
    "conversion_1m": 0.286,
    "denom_conv_1m": 21,
    "conversion_3m": 0.421,
    "denom_conv_3m": 19,
    "conversion_6m": 0.533,
    "denom_conv_6m": 15,
    "additional_prs_1m": {
      "sum": 6,
      "avg": 0.286,
      "median": 0.0
    },
    "additional_prs_3m": {
      "sum": 8,
      "avg": 0.421,
      "median": 0.0
    },
    "additional_prs_6m": {
      "sum": 8,
      "avg": 0.533,
      "median": 1.0
    },
    "retention_1m": 0.048,
    "denom_ret_1m": 21,
    "retention_3m": 0.053,
    "denom_ret_3m": 19,
    "retention_6m": 0.067,
    "denom_ret_6m": 15,
    "newcomer_became_merger_ever_rate": null,
    "newcomer_became_merger_ever_count": 0,
    "denom_newcomer_became_merger_ever": 0
  },
  {
    "full_name": "runebookai/tome",
    "asof": "2025-09-01T00:00:00+00:00",
    "run_ts": "2025-10-01T14:08:27.247447+00:00",
    "comment_dump_index": {
      "repo_index": "mined/comments_365d/shard_04/runebookai__tome/index.json",
      "shard_manifest": "mined/comments_365d/shard_04.comments.index.json",
      "counts": {
        "issue": 16,
        "review": 22,
        "total": 38
      },
      "pr_count_dumped": 120
    },
    "readme_words": 874,
    "docs_md_count": 0,
    "has_contributing": false,
    "has_coc": false,
    "has_issue_template": false,
    "has_pr_template": false,
    "has_codeowners": false,
    "has_maintainers": false,
    "has_governance": false,
    "has_workflows": true,
    "workflows_count": 1,
    "discussions_enabled": false,
    "onboarding_surfaces_count": 1,
    "pr_merge_rate_90": null,
    "denom_prs_90": 0,
    "censor_days": 7,
    "maintainer_first_reply_median_hrs_365": 3.0619444444444444,
    "pr_with_human_maint_comment_rate_365": 0.108,
    "maintainer_to_author_comment_ratio_365": 2.0,
    "links_per_comment_365": 0.184,
    "denom_prs_comment_window_365": 120,
    "count_prs_with_maint_comment_365": 13,
    "count_maintainer_comments_365": 24,
    "count_author_comments_365": 12,
    "count_human_comments_365": 38,
    "count_links_365": 7,
    "convo_readability_feats": {
      "n_words": 1608,
      "n_sents": 113,
      "flesch_reading_ease": 70.96,
      "avg_sentence_len": 14.23,
      "code_block_count": 10,
      "heading_count": 0,
      "passive_hits": 3
    },
    "convo_broken_link_ratio_365": 0.714,
    "R_convo_rule_365": 4.3,
    "newcomers_strict_window": 6,
    "total_prs_in_window": 106,
    "conversion_1m": 0.667,
    "denom_conv_1m": 6,
    "conversion_3m": 1.0,
    "denom_conv_3m": 3,
    "conversion_6m": null,
    "denom_conv_6m": 0,
    "additional_prs_1m": {
      "sum": 45,
      "avg": 7.5,
      "median": 2.0
    },
    "additional_prs_3m": {
      "sum": 86,
      "avg": 28.667,
      "median": 11.0
    },
    "additional_prs_6m": {
      "sum": 0,
      "avg": null,
      "median": null
    },
    "retention_1m": 0.5,
    "denom_ret_1m": 6,
    "retention_3m": 0.667,
    "denom_ret_3m": 3,
    "retention_6m": null,
    "denom_ret_6m": 0,
    "newcomer_became_merger_ever_rate": 0.667,
    "newcomer_became_merger_ever_count": 2,
    "denom_newcomer_became_merger_ever": 3
  }
]