[
  {
    "full_name": "poljar/weechat-matrix",
    "language": "Python",
    "owner_type": "User",
    "stars": 981,
    "pushed_at": "2023-07-23T09:41:39+00:00",
    "latest_release_at": null,
    "bot_like_contribs": 0,
    "human_contribs": 48,
    "R": 3.5,
    "A": 2.5,
    "C": 2.7,
    "score": 2.96,
    "readability_feats": {
      "n_words": 1766,
      "n_sents": 205,
      "flesch_reading_ease": 56.63,
      "avg_sentence_len": 8.61,
      "code_block_count": 46,
      "heading_count": 18,
      "passive_hits": 25
    },
    "completeness_sections": {
      "overview": true,
      "install": true,
      "quickstart": false,
      "dev_setup": false,
      "testing": true,
      "contrib": false,
      "coc": false,
      "troubleshooting": false,
      "release": false
    },
    "broken_link_ratio": 0.167,
    "rationale": {
      "readability": "Flesch=56.63 ASL=8.61 code_blocks=46",
      "actuality": "broken_link_ratio=0.167, months_since_push=25.3",
      "completeness": "sections_present=['install', 'overview', 'testing']"
    },
    "run_ts": "2025-10-02T02:44:28.890535+00:00"
  },
  {
    "full_name": "KelvinTegelaar/CIPP",
    "language": "JavaScript",
    "owner_type": "User",
    "stars": 987,
    "pushed_at": "2025-10-01T19:34:51+00:00",
    "latest_release_at": "2025-08-20T22:12:31+00:00",
    "bot_like_contribs": 0,
    "human_contribs": 60,
    "R": 3.0,
    "A": 4.0,
    "C": 2.7,
    "score": 3.21,
    "readability_feats": {
      "n_words": 447,
      "n_sents": 36,
      "flesch_reading_ease": 36.39,
      "avg_sentence_len": 12.42,
      "code_block_count": 0,
      "heading_count": 7,
      "passive_hits": 2
    },
    "completeness_sections": {
      "overview": true,
      "install": false,
      "quickstart": false,
      "dev_setup": false,
      "testing": false,
      "contrib": true,
      "coc": true,
      "troubleshooting": false,
      "release": false
    },
    "broken_link_ratio": 0.0,
    "rationale": {
      "readability": "Flesch=36.39 ASL=12.42 code_blocks=0",
      "actuality": "broken_link_ratio=0.0, months_since_push=-1.02",
      "completeness": "sections_present=['coc', 'contrib', 'overview']"
    },
    "run_ts": "2025-10-02T02:44:28.890535+00:00"
  },
  {
    "full_name": "SamiPerttu/fundsp",
    "language": "Rust",
    "owner_type": "User",
    "stars": 985,
    "pushed_at": "2024-11-18T18:18:52+00:00",
    "latest_release_at": null,
    "bot_like_contribs": 0,
    "human_contribs": 17,
    "R": 3.5,
    "A": 2.5,
    "C": 3.5,
    "score": 3.2,
    "readability_feats": {
      "n_words": 12289,
      "n_sents": 1251,
      "flesch_reading_ease": 59.28,
      "avg_sentence_len": 9.82,
      "code_block_count": 57,
      "heading_count": 59,
      "passive_hits": 87
    },
    "completeness_sections": {
      "overview": true,
      "install": true,
      "quickstart": false,
      "dev_setup": false,
      "testing": true,
      "contrib": true,
      "coc": false,
      "troubleshooting": false,
      "release": true
    },
    "broken_link_ratio": 0.15,
    "rationale": {
      "readability": "Flesch=59.28 ASL=9.82 code_blocks=57",
      "actuality": "broken_link_ratio=0.15, months_since_push=9.4",
      "completeness": "sections_present=['contrib', 'install', 'overview', 'release', 'testing']"
    },
    "run_ts": "2025-10-02T02:44:28.890535+00:00"
  },
  {
    "full_name": "tqwewe/kameo",
    "language": "Rust",
    "owner_type": "User",
    "stars": 985,
    "pushed_at": "2025-09-29T09:58:54+00:00",
    "latest_release_at": "2025-09-11T05:33:38+00:00",
    "bot_like_contribs": 1,
    "human_contribs": 18,
    "R": 3.5,
    "A": 3.5,
    "C": 4.7,
    "score": 3.86,
    "readability_feats": {
      "n_words": 2630,
      "n_sents": 266,
      "flesch_reading_ease": 40.6,
      "avg_sentence_len": 9.89,
      "code_block_count": 21,
      "heading_count": 39,
      "passive_hits": 16
    },
    "completeness_sections": {
      "overview": true,
      "install": true,
      "quickstart": true,
      "dev_setup": false,
      "testing": true,
      "contrib": true,
      "coc": true,
      "troubleshooting": true,
      "release": true
    },
    "broken_link_ratio": 0.2,
    "rationale": {
      "readability": "Flesch=40.6 ASL=9.89 code_blocks=21",
      "actuality": "broken_link_ratio=0.2, months_since_push=-0.95",
      "completeness": "sections_present=['coc', 'contrib', 'install', 'overview', 'quickstart', 'release', 'testing', 'troubleshooting']"
    },
    "run_ts": "2025-10-02T02:44:28.890535+00:00"
  },
  {
    "full_name": "orhun/ratzilla",
    "language": "Rust",
    "owner_type": "User",
    "stars": 1001,
    "pushed_at": "2025-09-30T13:06:36+00:00",
    "latest_release_at": "2025-09-28T14:16:11+00:00",
    "bot_like_contribs": 0,
    "human_contribs": 17,
    "R": 3.5,
    "A": 3.5,
    "C": 3.1,
    "score": 3.38,
    "readability_feats": {
      "n_words": 1058,
      "n_sents": 156,
      "flesch_reading_ease": 47.06,
      "avg_sentence_len": 6.78,
      "code_block_count": 77,
      "heading_count": 17,
      "passive_hits": 0
    },
    "completeness_sections": {
      "overview": false,
      "install": true,
      "quickstart": true,
      "dev_setup": false,
      "testing": false,
      "contrib": true,
      "coc": false,
      "troubleshooting": false,
      "release": true
    },
    "broken_link_ratio": 0.35,
    "rationale": {
      "readability": "Flesch=47.06 ASL=6.78 code_blocks=77",
      "actuality": "broken_link_ratio=0.35, months_since_push=-0.99",
      "completeness": "sections_present=['contrib', 'install', 'quickstart', 'release']"
    },
    "run_ts": "2025-10-02T02:44:28.890535+00:00"
  }
]