[
  {
    "full_name": "RadicalCSG/Chisel.Prototype",
    "html_url": "https://github.com/RadicalCSG/Chisel.Prototype",
    "description": "Work in progress prototype for the Chisel Level Editor, for Unity",
    "language": "C#",
    "stars": 500,
    "forks": 33,
    "open_issues": 119,
    "owner_type": "Org",
    "created_at": "2019-02-05T14:46:02+00:00",
    "pushed_at": "2024-10-05T08:30:46+00:00",
    "default_branch": "master",
    "docs": {
      "README.md": "This repository has been replaced by [com.chisel](https://github.com/RadicalCSG/com.chisel) which can be installed through the Unity package manager\n\n# [Chisel.Prototype](https://github.com/RadicalCSG/Chisel.Prototype)\n\nChisel is an extension for **Unity** that allows for _rapid_, iterative, **non destructive** level editing!\n\n![Example](Documentation/Images/chisel_example.png)\n\n---\n* [Click here for information on how to get started](GettingStarted.md)\n* Want to help out? [We have some good first issues here](https://github.com/RadicalCSG/Chisel.Prototype/labels/good%20first%20issue)\n* If you have questions be sure to ask in the discord! **[Click here for to join the official Discord server!](https://discord.gg/zttNkPQ)**\n\nNotes:\n- Chisel requires Unity 2022.1.0b11 or newer\n- UX is still under development\n- CSG algorithm is still under development\n- It is *not yet* ready for production, but please feel free to try it out, or better yet, help out!\n\nFeatures (incomplete)\n* [Constructive Solid Geometry Algorithm](http://www.youtube.com/watch?v=Iqmg4gblreo) that generates geometry in real-time\n* Add and remove geometry to your level using CSG allows for fluid, interactive, non destructive workflows\n* Higher level \"generators\" that create more complicated geometry to perform CSG with, while retaining context of what it is you're creating (if you create stairs, these will remain stairs that you can edit and tweak)\n* Hierarchical Constructive Solid Geometry, allows for generators and brushes to be act as if they're one whole (composite), to perform CSG on other objects with\n* Works well with prefabs, drag and drop windows onto walls including their holes\n* Draw 2D shapes (possible to turn straight lines into curves) on existing CSG surfaces and extrude them\n* Precise snapping to surfaces, edges, vertices and grid lines\n* Rotatable & movable grid\n\nPlanned Features (incomplete, and in random order):\n* [Debug Visualizations](https://github.com/RadicalCSG/Chisel.Prototype/issues/118) to see shadow only surfaces, collider surfaces etc.  (partially implemented)\n* [Double sided surfaces](https://github.com/RadicalCSG/Chisel.Prototype/issues/226)\n* [Extrusion from existing surface](https://github.com/RadicalCSG/Chisel.Prototype/issues/19)\n* [Subtractive Workflow](https://github.com/RadicalCSG/Chisel.Prototype/issues/14)\n* [Clip Tool](https://github.com/RadicalCSG/Chisel.Prototype/issues/15)\n* [Normal smoothing](https://github.com/RadicalCSG/Chisel.Prototype/issues/184)\n* [Node Based Generators](https://github.com/RadicalCSG/Chisel.Prototype/issues/94) for easy procedural content generation\n* [2D shape editor](https://github.com/RadicalCSG/Chisel.Prototype/issues/260)\n* [Hotspot mapping](https://github.com/RadicalCSG/Chisel.Prototype/issues/173)\n* [Sub-Models](https://github.com/RadicalCSG/Chisel.Prototype/issues/259)\n* [Trim Decals](https://github.com/RadicalCSG/Chisel.Prototype/issues/117)\n* [Grid Objects](https://github.com/RadicalCSG/Chisel.Prototype/issues/121)\n\n\nPackages overview:\n* `com.chisel.core` Low-level API and functionality (based on DOTS technology)\n* `com.chisel.editor` Unity Scene Editor functionality and API, tools and UI\n* `com.chisel.components` Unity Monobehaviour runtime API (to allow for possible ECS replacement in future)\n* `com.scene.handles.extensions` Custom scene handle extensions\n\nExtensions:\n* [Source Engine 2006 Map Importer for Chisel Editor]( https://github.com/Henry00IS/Chisel.Import.Source)\n  * [Decal support for importer](https://github.com/Henry00IS/Chisel.Decals)\n* [Quake1 Importer](https://github.com/Quixotic7/Chisel.Import.Quake1)\n\nKnown issues:\n* [There are some cases where triangulation fails](https://github.com/RadicalCSG/Chisel.Prototype/issues/187)\n* There are some cases where overlapping surfaces create overlapping polygons\n\nIf you find any failure cases, if possible please provide us with a reproducible scene so we can more easily fix it!\n\nThe core technology is based on the algorithm explained in [this GDC 2020 talk](http://www.youtube.com/watch?v=Iqmg4gblreo)\n\n[![GDC Video](http://img.youtube.com/vi/Iqmg4gblreo/0.jpg)](http://www.youtube.com/watch?v=Iqmg4gblreo \"Geometry in Milliseconds: Real-Time Constructive Solid Geometry\")\n"
    },
    "latest_release_at": null,
    "bot_like_contribs": 0,
    "human_contribs": 9,
    "run_ts": "2025-10-01T15:08:16.212007+00:00"
  },
  {
    "full_name": "google/adk-docs",
    "html_url": "https://github.com/google/adk-docs",
    "description": "An open-source, code-first Python toolkit for building, evaluating, and deploying sophisticated AI agents with flexibility and control.",
    "language": "HTML",
    "stars": 496,
    "forks": 337,
    "open_issues": 92,
    "owner_type": "Org",
    "created_at": "2025-04-01T20:44:41+00:00",
    "pushed_at": "2025-09-30T23:54:48+00:00",
    "default_branch": "main",
    "docs": {
      "README.md": "# Agent Development Kit (ADK)\n\n[![License](https://img.shields.io/badge/License-Apache_2.0-blue.svg)](LICENSE)\n[![PyPI](https://img.shields.io/pypi/v/google-adk)](https://pypi.org/project/google-adk/)\n[![Maven Central](https://img.shields.io/maven-central/v/com.google.adk/google-adk)](https://search.maven.org/artifact/com.google.adk/google-adk)\n\n<html>\n  <h2 align=\"center\">\n    <img src=\"docs/assets/agent-development-kit.png\" width=\"150\"/>\n  </h2>\n</html>\n\n**An open-source, code-first toolkit for building, evaluating, and\ndeploying sophisticated AI agents with flexibility and control.**\n\nAgent Development Kit (ADK) is a flexible and modular framework for **developing\nand deploying AI agents**. While optimized for Gemini and the Google ecosystem,\nADK is **model-agnostic**, **deployment-agnostic**, and is built for\n**compatibility with other frameworks**. ADK was designed to make agent\ndevelopment feel more like software development, to make it easier for\ndevelopers to create, deploy, and orchestrate agentic architectures that range\nfrom simple tasks to complex workflows.\n\n---\n\n## ✨ Key Features\n\n- **Rich Tool Ecosystem**: Utilize pre-built tools, custom functions,\n  OpenAPI specs, or integrate existing tools to give agents diverse\n  capabilities, all for tight integration with the Google ecosystem.\n\n- **Code-First Development**: Define agent logic, tools, and orchestration\n  directly in Python and Java for ultimate flexibility, testability, and versioning.\n\n- **Modular Multi-Agent Systems**: Design scalable applications by composing\n  multiple specialized agents into flexible hierarchies.\n\n- **Tracing and Monitoring**: Built-in agent observability for debugging and optimizing\n  workflows with support from external providers like [AgentOps](https://www.agentops.ai).\n\n- **Deploy Anywhere**: Easily containerize and deploy agents on Cloud Run or\n  scale seamlessly with Vertex AI Agent Engine.\n\n## 🚀 Installation\n\nYou can install the Agent Development Kit (ADK) using your preferred package manager for Python or build tool for Java.\n\n### For Python (pip)\n\n```bash\npip install google-adk\n```\n\n### For Java (Maven)\n\n```xml\n<dependency>\n    <groupId>com.google.adk</groupId>\n    <artifactId>google-adk</artifactId>\n    <version>0.1.0</version>\n</dependency>\n```\n\n### For Java (Gradle)\n\n```groovy\ndependencies {\n    implementation 'com.google.adk:google-adk:0.1.0'\n}\n```\n\n## 📚 Documentation\n\nExplore the full documentation for detailed guides on building, evaluating, and\ndeploying agents:\n\n* **[Documentation](https://google.github.io/adk-docs)**\n\n## 🤝 Contributing\n\nWe welcome contributions from the community! Whether it's bug reports, feature\nrequests, documentation improvements, or code contributions, please see our\n[**Contributing Guidelines**](./CONTRIBUTING.md) to get started.\n\n## 📄 License\n\nThis project is licensed under the Apache 2.0 License - see the\n[LICENSE](LICENSE) file for details.\n\n---\n\n*Happy Agent Building!*\n",
      "CONTRIBUTING.md": "# How to contribute\n\nThank you for your interest in contributing! We appreciate your willingness to\nshare your patches and improvements with the project.\n\n## Getting Started\n\nBefore you contribute, please take a moment to review the following:\n\n### 1. Sign our Contributor License Agreement\n\nContributions to this project must be accompanied by a\n[Contributor License Agreement](https://cla.developers.google.com/about) (CLA).\nYou (or your employer) retain the copyright to your contribution; this simply\ngives us permission to use and redistribute your contributions as part of the\nproject.\n\nIf you or your current employer have already signed the Google CLA (even if it\nwas for a different project), you probably don't need to do it again.\n\nVisit <https://cla.developers.google.com/> to see your current agreements or to\nsign a new one.\n\n### 2. Review Community Guidelines\n\nWe adhere to [Google's Open Source Community Guidelines](https://opensource.google/conduct/).\nPlease familiarize yourself with these guidelines to ensure a positive and\ncollaborative environment for everyone.\n\n## Contribution Workflow\n\n### Finding Something to Work On\n\nCheck the [GitHub Issues](https://github.com/google/adk-docs/issues) for bug\nreports or feature requests. Feel free to pick up an existing issue or open\na new one if you have an idea or find a bug.\n\n### Development Setup\n\n1.  **Clone the repository:**\n\n    ```shell\n    git clone git@github.com:google/adk-docs.git\n    cd adk-docs\n    ```\n\n2.  **Create and activate a virtual environment:**\n\n    ```shell\n    python -m venv venv\n    source venv/bin/activate\n    ```\n\n3.  **Install dependencies:**\n\n    ```shell\n    pip install -r requirements.txt\n    ```\n\n4.  **Run the local development server:**\n\n    ```shell\n    mkdocs serve\n    ```\n\n    This command starts a local server, typically at `http://127.0.0.1:8000/`.\n\n    The site will automatically reload when you save changes to the documentation files.\n    For more details on the site configuration, see the mkdocs.yml file.\n\n### Code Reviews\n\nAll contributions, including those from project members, undergo a review process.\n\n1.  **Create a Pull Request:** We use GitHub Pull Requests (PRs) for code review.\n    Please refer to GitHub Help if you're unfamiliar with PRs.\n2.  **Review Process:** Project maintainers will review your PR, providing feedback\n    or requesting changes if necessary.\n3.  **Merging:** Once the PR is approved and passes any required checks, it will be\n    merged into the main branch.\n\nConsult [GitHub Help](https://help.github.com/articles/about-pull-requests/) for\nmore information on using pull requests. We look forward to your contributions!\n",
      "docs/community.md": "# Community Resources\n\nWelcome! This page highlights resources maintained by the Agent Development Kit\ncommunity.\n\n!!! info\n\n    Google and the ADK team do not provide support for the content linked in\n    these external community resources.\n\n## Translations\n\nCommunity-provided translations of the ADK documentation.\n\n*   **[adk.wiki - ADK Documentation (Chinese)](https://adk.wiki/)**\n\n    > adk.wiki is the Chinese version of the Agent Development Kit\n    > documentation, maintained by an individual. The documentation is\n    > continuously updated and translated to provide a localized reading\n    > experience for developers in China.\n\n*   **[ADK Documentation (Korean, 한국어)](https://adk-labs.github.io/adk-docs/ko/)**\n\n    > the Korean version of the Agent Development Kit\n    > documentation, maintained by an individual. The documentation is\n    > continuously updated and translated to provide a localized reading\n    > experience for developers in South Korea.\n\n*   **[ADK Documentation (Japanese, 日本語)](https://adk-labs.github.io/adk-docs/ja/)**\n\n    > the Japanese version of the Agent Development Kit\n    > documentation, maintained by an individual. The documentation is\n    > continuously updated and translated to provide a localized reading\n    > experience for developers in Japan.\n\n## Tutorials, Guides & Blog Posts\n\n*Find community-written guides covering ADK features, use cases, and\nintegrations here.*\n\n*   **[Build an e-commerce recommendation AI agents with ADK + Vector Search](https://github.com/google/adk-docs/blob/main/examples/python/notebooks/shop_agent.ipynb)**\n\n    > In this tutorial, we will explore how to build a simple multi-agent system for an \n    > e-commerce site, designed to offer the \"Generative Recommendations\" you find in the \n    > [Shopper's Concierge demo](https://www.youtube.com/watch?v=LwHPYyw7u6U).\n\n* **[Google ADK + Vertex AI Live API](https://medium.com/google-cloud/google-adk-vertex-ai-live-api-125238982d5e)**\n\n    > Going Beyond the ADK CLI by Building Streaming Experiences with the Agent Development Kit and the Vertex AI Live API.\n\n## Videos & Screencasts\n\nDiscover video walkthroughs, talks, and demos showcasing ADK.\n\n<div class=\"video-grid\">\n  <div class=\"video-item\">\n    <div class=\"video-container\">\n      <iframe src=\"https://www.youtube-nocookie.com/embed/zgrOwow_uTQ?si=1xVxuZyW022Rq5ZC\" title=\"YouTube video player\" frameborder=\"0\" allow=\"accelerometer; autoplay; clipboard-write; encrypted-media; gyroscope; picture-in-picture; web-share\" referrerpolicy=\"strict-origin-when-cross-origin\" allowfullscreen></iframe>\n    </div>\n  </div>\n\n  <div class=\"video-item\">\n    <div class=\"video-container\">\n      <iframe src=\"https://www.youtube-nocookie.com/embed/44C8u0CDtSo?si=EkZu_m5O-fQPzORk\" title=\"YouTube video player\" frameborder=\"0\" allow=\"accelerometer; autoplay; clipboard-write; encrypted-media; gyroscope; picture-in-picture; web-share\" referrerpolicy=\"strict-origin-when-cross-origin\" allowfullscreen></iframe>\n    </div>\n  </div>\n\n  <div class=\"video-item\">\n    <div class=\"video-container\">\n      <iframe src=\"https://www.youtube-nocookie.com/embed/efcUXoMX818?si=Dwez2zH8OSwf7Ktg\" title=\"YouTube video player\" frameborder=\"0\" allow=\"accelerometer; autoplay; clipboard-write; encrypted-media; gyroscope; picture-in-picture; web-share\" referrerpolicy=\"strict-origin-when-cross-origin\" allowfullscreen></iframe>\n    </div>\n  </div>\n\n  <div class=\"video-item\">\n    <div class=\"video-container\">\n      <iframe src=\"https://www.youtube-nocookie.com/embed/hPzjkQFV5yI?si=GNbDQ1iqP4fok-SY\" title=\"YouTube video player\" frameborder=\"0\" allow=\"accelerometer; autoplay; clipboard-write; encrypted-media; gyroscope; picture-in-picture; web-share\" referrerpolicy=\"strict-origin-when-cross-origin\" allowfullscreen></iframe>\n    </div>\n  </div>\n\n  <div class=\"video-item\">\n    <div class=\"video-container\">\n      <iframe src=\"https://www.youtube-nocookie.com/embed/LwHPYyw7u6U\" title=\"YouTube video player\" frameborder=\"0\" allow=\"accelerometer; autoplay; clipboard-write; encrypted-media; gyroscope; picture-in-picture; web-share\" referrerpolicy=\"strict-origin-when-cross-origin\" allowfullscreen></iframe>\n    </div>\n  </div>\n\n  <div class=\"video-item\">\n    <div class=\"video-container\">\n      <iframe src=\"https://www.youtube-nocookie.com/embed/5ZmaWY7UX6k\" title=\"ADK Tools Walkthrough\" frameborder=\"0\" allow=\"accelerometer; autoplay; clipboard-write; encrypted-media; gyroscope; picture-in-picture; web-share\" referrerpolicy=\"strict-origin-when-cross-origin\" allowfullscreen></iframe>\n    </div>\n  </div>\n\n</div>\n\n*   **[Agent Development Kit (ADK) Masterclass: Build AI Agents & Automate Workflows (Beginner to Pro)](https://www.youtube.com/watch?v=P4VFL9nIaIA)**\n\n    > A comprehensive crash course that takes you from beginner to expert in Google's Agent Development Kit. \n    > Covers 12 hands-on examples progressing from single agent setup to advanced multi-agent workflows.\n    > Includes step-by-step code walkthroughs and downloadable source code for all examples.\n\n## Contributing Your Resource\n\nHave an ADK resource to share (tutorial, translation, tool, video, example)?\n\nRefer to the steps in the [Contributing Guide](contributing-guide.md) for more\ninformation on how to get involved!\n\nThank you for your contributions to Agent Development Kit! ❤️\n",
      "docs/contributing-guide.md": "Thank you for your interest in contributing to the Agent Development Kit (ADK)! We welcome contributions to both the core framework (Python and Java) and its documentation.\n\nThis guide provides information on how to get involved.\n\n## 1. [`google/adk-python`](https://github.com/google/adk-python) { #google-adk-python }\n\nContains the core Python library source code.\n\n## 2. [`google/adk-java`](https://github.com/google/adk-java) { #google-adk-java }\n\nContains the core Java library source code.\n\n## 3. [`google/adk-docs`](https://github.com/google/adk-docs) { #google-adk-docs }\n\nContains the source for the documentation site you are currently reading.\n\n## 4. [`google/adk-web`](https://github.com/google/adk-web) { #google-adk-web }\n\nContains the source for the `adk web` dev UI.\n\n## Before you begin\n\n### ✏️ Sign our Contributor License Agreement\n\nContributions to this project must be accompanied by a\n[Contributor License Agreement](https://cla.developers.google.com/about) (CLA).\nYou (or your employer) retain the copyright to your contribution; this simply\ngives us permission to use and redistribute your contributions as part of the\nproject.\n\nIf you or your current employer have already signed the Google CLA (even if it\nwas for a different project), you probably don't need to do it again.\n\nVisit <https://cla.developers.google.com/> to see your current agreements or to\nsign a new one.\n\n### 📜 Review our community guidelines\n\nThis project follows\n[Google's Open Source Community Guidelines](https://opensource.google/conduct/).\n\n## 💬 Join the Discussion!\n\nHave questions, want to share ideas, or discuss how you're using the ADK? Head over to our **[Python](https://github.com/google/adk-python/discussions)** or **[Java](https://github.com/google/adk-java/discussions)** Discussions!\n\nThis is the primary place for:\n\n* Asking questions and getting help from the community and maintainers.\n* Sharing your projects or use cases (`Show and Tell`).\n* Discussing potential features or improvements before creating a formal issue.\n* General conversation about the ADK.\n\n## How to Contribute\n\nThere are several ways you can contribute to the ADK:\n\n### 1. Reporting Issues (Bugs & Errors) { #reporting-issues-bugs-errors }\n\nIf you find a bug in the framework or an error in the documentation:\n\n* **Framework Bugs:** Open an issue in [`google/adk-python`](https://github.com/google/adk-python/issues/new) or in [`google/adk-java`](https://github.com/google/adk-java/issues/new)\n* **Documentation Errors:** [Open an issue in `google/adk-docs` (use bug template)](https://github.com/google/adk-docs/issues/new?template=bug_report.md)\n\n### 2. Suggesting Enhancements { #suggesting-enhancements }\n\nHave an idea for a new feature or an improvement to an existing one?\n\n* **Framework Enhancements:** Open an issue in [`google/adk-python`](https://github.com/google/adk-python/issues/new) or in [`google/adk-java`](https://github.com/google/adk-java/issues/new)\n* **Documentation Enhancements:** [Open an issue in `google/adk-docs`](https://github.com/google/adk-docs/issues/new)\n\n### 3. Improving Documentation { #improving-documentation }\n\nFound a typo, unclear explanation, or missing information? Submit your changes directly:\n\n* **How:** Submit a Pull Request (PR) with your suggested improvements.\n* **Where:** [Create a Pull Request in `google/adk-docs`](https://github.com/google/adk-docs/pulls)\n\n### 4. Writing Code { #writing-code }\n\nHelp fix bugs, implement new features or contribute code samples for the documentation:\n\n**How:** Submit a Pull Request (PR) with your code changes.\n\n* **Python Framework:** [Create a Pull Request in `google/adk-python`](https://github.com/google/adk-python/pulls)\n* **Java Framework:** [Create a Pull Request in `google/adk-java`](https://github.com/google/adk-java/pulls)\n* **Documentation:** [Create a Pull Request in `google/adk-docs`](https://github.com/google/adk-docs/pulls)\n\n### Code Reviews\n\n* All contributions, including those from project members, undergo a review process.\n\n* We use GitHub Pull Requests (PRs) for code submission and review. Please ensure your PR clearly describes the changes you are making.\n\n## License\n\nBy contributing, you agree that your contributions will be licensed under the project's [Apache 2.0 License](https://github.com/google/adk-docs/blob/main/LICENSE).\n\n## Questions?\n\nIf you get stuck or have questions, feel free to open an issue on the relevant repository's issue tracker.\n",
      "docs/index.md": "---\nhide:\n  - toc\n---\n\n!!! tip \"What's new\"\n    Build agents without code. Check out the\n    [Agent Config](/adk-docs/agents/config/) feature.\n\n<div style=\"text-align: center;\">\n  <div class=\"centered-logo-text-group\">\n    <img src=\"assets/agent-development-kit.png\" alt=\"Agent Development Kit Logo\" width=\"100\">\n    <h1>Agent Development Kit</h1>\n  </div>\n</div>\n\n## What is Agent Development Kit?\n\nAgent Development Kit (ADK) is a flexible and modular framework for **developing\nand deploying AI agents**. While optimized for Gemini and the Google ecosystem,\nADK is **model-agnostic**, **deployment-agnostic**, and is built for\n**compatibility with other frameworks**. ADK was designed to make agent\ndevelopment feel more like software development, to make it easier for\ndevelopers to create, deploy, and orchestrate agentic architectures that range\nfrom simple tasks to complex workflows.\n\n<div id=\"centered-install-tabs\" class=\"install-command-container\" markdown=\"1\">\n\n<p class=\"get-started-text\" style=\"text-align: center;\">Get started:</p>\n\n=== \"Python\"\n    <br>\n    <p style=\"text-align: center;\">\n    <code>pip install google-adk</code>\n    </p>\n\n=== \"Java\"\n\n    ```xml title=\"pom.xml\"\n    <dependency>\n        <groupId>com.google.adk</groupId>\n        <artifactId>google-adk</artifactId>\n        <version>0.2.0</version>\n    </dependency>\n    ```\n\n    ```gradle title=\"build.gradle\"\n    dependencies {\n        implementation 'com.google.adk:google-adk:0.2.0'\n    }\n    ```\n</div>\n\n\n<p style=\"text-align:center;\">\n  <a href=\"get-started/quickstart/\" class=\"md-button\" style=\"margin:3px\">Quickstart</a>\n  <a href=\"tutorials/\" class=\"md-button\" style=\"margin:3px\">Tutorials</a>\n  <a href=\"http://github.com/google/adk-samples\" class=\"md-button\" target=\"_blank\" style=\"margin:3px\">Sample Agents</a>\n  <a href=\"api-reference/\" class=\"md-button\" style=\"margin:3px\">API Reference</a>\n  <a href=\"contributing-guide/\" class=\"md-button\" style=\"margin:3px\">Contribute ❤️</a>\n</p>\n\n---\n\n## Learn more\n\n[:fontawesome-brands-youtube:{.youtube-red-icon} Watch \"Introducing Agent Development Kit\"!](https://www.youtube.com/watch?v=zgrOwow_uTQ target=\"_blank\" rel=\"noopener noreferrer\")\n\n<div class=\"grid cards\" markdown>\n\n-   :material-transit-connection-variant: **Flexible Orchestration**\n\n    ---\n\n    Define workflows using workflow agents (`Sequential`, `Parallel`, `Loop`)\n    for predictable pipelines, or leverage LLM-driven dynamic routing\n    (`LlmAgent` transfer) for adaptive behavior.\n\n    [**Learn about agents**](agents/index.md)\n\n-   :material-graph: **Multi-Agent Architecture**\n\n    ---\n\n    Build modular and scalable applications by composing multiple specialized\n    agents in a hierarchy. Enable complex coordination and delegation.\n\n    [**Explore multi-agent systems**](agents/multi-agents.md)\n\n-   :material-toolbox-outline: **Rich Tool Ecosystem**\n\n    ---\n\n    Equip agents with diverse capabilities: use pre-built tools (Search, Code\n    Exec), create custom functions, integrate 3rd-party libraries (LangChain,\n    CrewAI), or even use other agents as tools.\n\n    [**Browse tools**](tools/index.md)\n\n-   :material-rocket-launch-outline: **Deployment Ready**\n\n    ---\n\n    Containerize and deploy your agents anywhere – run locally, scale with\n    Vertex AI Agent Engine, or integrate into custom infrastructure using Cloud\n    Run or Docker.\n\n    [**Deploy agents**](deploy/index.md)\n\n-   :material-clipboard-check-outline: **Built-in Evaluation**\n\n    ---\n\n    Systematically assess agent performance by evaluating both the final\n    response quality and the step-by-step execution trajectory against\n    predefined test cases.\n\n    [**Evaluate agents**](evaluate/index.md)\n\n-   :material-console-line: **Building Safe and Secure Agents**\n\n    ---\n\n    Learn how to building powerful and trustworthy agents by implementing\n    security and safety patterns and best practices into your agent's design.\n\n    [**Safety and Security**](safety/index.md)\n\n</div>\n"
    },
    "latest_release_at": null,
    "bot_like_contribs": 1,
    "human_contribs": 59,
    "run_ts": "2025-10-01T15:08:16.212007+00:00"
  },
  {
    "full_name": "easybuilders/easybuild",
    "html_url": "https://github.com/easybuilders/easybuild",
    "description": "EasyBuild - building software with ease",
    "language": "Shell",
    "stars": 496,
    "forks": 147,
    "open_issues": 112,
    "owner_type": "Org",
    "created_at": "2012-10-16T15:07:00+00:00",
    "pushed_at": "2025-09-30T15:29:07+00:00",
    "default_branch": "develop",
    "docs": {
      "README.rst": ".. image:: https://github.com/easybuilders/easybuild/raw/develop/logo/png/easybuild_logo_2022_horizontal_dark_bg_transparent.png\n   :align: center\n   :height: 400px\n\n.. image:: https://github.com/easybuilders/easybuild/actions/workflows/doc_build.yml/badge.svg\n    :target: https://github.com/easybuilders/easybuild/actions/workflows/doc_build.yml\n\n`EasyBuild <https://easybuild.io>`_ is a software build\nand installation framework that allows you to manage (scientific) software\non High Performance Computing (HPC) systems in an efficient way.\n\nSources\n~~~~~~~\n\nThe EasyBuild sources are spread across different GitHub repositories:\n\n* the `main easybuild repository <https://github.com/easybuilders/easybuild>`_ hosts the documentation and the `easybuild` Python metapackage\n* the `easybuild-framework repository <https://github.com/easybuilders/easybuild-framework>`_ hosts the source code of the EasyBuild `framework`\n* the `easybuild-easyblocks repository <https://github.com/easybuilders/easybuild-easyblocks>`_ hosts `easyblocks`, i.e. implementations of install procedures\n* the `easybuild-easyconfigs repository <https://github.com/easybuilders/easybuild-easyconfigs>`_ hosts `easyconfigs`, i.e. EasyBuild specification files\n\nCorresponding Python packages are available via PyPi:\n\n* https://pypi.python.org/pypi/easybuild\n* https://pypi.python.org/pypi/easybuild-framework\n* https://pypi.python.org/pypi/easybuild-easyblocks\n* https://pypi.python.org/pypi/easybuild-easyconfigs\n\nDocumentation\n~~~~~~~~~~~~~\n\nRead the fine manual (RTFM!) at http://docs.easybuild.io .\n\nGetting started\n~~~~~~~~~~~~~~~\n\nThe recommended way of installing EasyBuild is `using pip <https://docs.easybuild.io/en/latest/Installation.html>`_.\nYou should `configure <http://docs.easybuild.io/en/latest/Configuration.html>`_\nEasyBuild to behave as you prefer, subsequently.\n\nThat is all that is needed to get started with installing (scientific) software with ease.\nTake a look at the `typical workflow <http://docs.easybuild.io/en/latest/Typical_workflow_example_with_WRF.html>`_\nexample in the EasyBuild documentation that shows how to make EasyBuild build and **install WRF with a single command**.\n\nQuick demo for the impatient\n~~~~~~~~~~~~~~~~~~~~~~~~~~~~\n\nAfter `installing EasyBuild <http://docs.easybuild.io/en/latest/Installation.html>`_,\nyou can build and install **HPL** on top of a compiler toolchain that consists of open source\ncomponents (GCC, OpenMPI, etc.) by running the following commands::\n\n  $ module load EasyBuild\n  $ export EASYBUILD_PREFIX=/tmp/$USER  # example installation prefix\n  $ eb HPL-2.3-foss-2019b.eb --robot\n\nThis should install a module file for HPL which you can load to start using it::\n\n  $ export MODULEPATH=$EASYBUILD_PREFIX/modules/all:$MODULEPATH\n  $ module load HPL\n\nFor more information on using EasyBuild, see the\n`EasyBuild documentation <http://docs.easybuild.io/>`_\n\nContact info\n~~~~~~~~~~~~\n\nYou can get in contact with the EasyBuild community in different ways:\n\nMailing list\n^^^^^^^^^^^^\n\nAn EasyBuild mailinglist easybuild@lists.ugent.be is available to subscribe to.\n\nThis list is used by both users and developers of EasyBuild, so if you\nhave any questions or suggestions, you can post them there.\n\nOnly members can post to this mailinglist. To request membership, see\nhttps://lists.ugent.be/wws/info/easybuild.\n\nSlack\n^^^^^\n\nContact the EasyBuild community via Slack: https://easybuild.slack.com,\nself-request an invite via https://easybuild.io/join-slack.\n\nTwitter\n^^^^^^^\n\nThe EasyBuild team also has a Twitter feed:\n`@easy\\_build <http://twitter.com/easy_build>`_.\n\nDisclaimer\n~~~~~~~~~~\n\nEasyBuild has mostly been used and tested on x86_64-based Linux systems (RedHat-based, Debian, SuSE, ...),\nbut can be easily extended for other platforms.\nLimited provisions for other Unix-based operating systems (e.g., Mac OS X) are also available.\n\nLicense\n~~~~~~~\n\nEasyBuild was created by the `High-Performance Computing team at Ghent\nUniversity <https://ugent.be/hpc>`_, is currently maintained by the\n`EasyBuild community <https://github.com/easybuilders>`_,\nand is made available under the GNU General Public License (GPL) version 2.\n\nAcknowledgements\n~~~~~~~~~~~~~~~~\n\nEasyBuild was created with support of `Ghent University <http://www.ugent.be/en>`_ ,\n`the Flemish Supercomputer Centre (VSC) <https://www.vscentrum.be>`_ ,\n`the Hercules foundation <http://www.herculesstichting.be/in_English>`_ and\n`the Department of Economy, Science and Innovation (EWI) <http://www.ewi-vlaanderen.be/en>`_ .\n\n",
      "docs/README.md": "# Old location of sources for EasyBuild docs\n\nThe sources for the [EasyBuild documentation](https://docs.easybuild.io) used to be located here\n(in reStructuredText format, rendered using Sphinx).\n\nNow they are located at <https://github.com/easybuilders/easybuild-docs> (in MarkDown format, rendered using\n[Material for MkDocs](https://squidfunk.github.io/mkdocs-material)).\n"
    },
    "latest_release_at": "2025-09-26T15:08:07+00:00",
    "bot_like_contribs": 0,
    "human_contribs": 49,
    "run_ts": "2025-10-01T15:08:16.212007+00:00"
  },
  {
    "full_name": "kubeflow/mpi-operator",
    "html_url": "https://github.com/kubeflow/mpi-operator",
    "description": "Kubernetes Operator for MPI-based applications (distributed training, HPC, etc.)",
    "language": "Go",
    "stars": 496,
    "forks": 227,
    "open_issues": 100,
    "owner_type": "Org",
    "created_at": "2018-05-26T18:34:47+00:00",
    "pushed_at": "2025-09-22T13:19:03+00:00",
    "default_branch": "master",
    "docs": {
      "README.md": "# MPI Operator\n\n[![Build Status](https://github.com/kubeflow/mpi-operator/workflows/build/badge.svg)](https://github.com/kubeflow/mpi-operator/actions?query=event%3Apush+branch%3Amaster)\n[![Docker Pulls](https://img.shields.io/docker/pulls/mpioperator/mpi-operator)](https://hub.docker.com/r/mpioperator/mpi-operator)\n\nThe MPI Operator makes it easy to run allreduce-style distributed training on Kubernetes. Please check out [this blog post](https://medium.com/kubeflow/introduction-to-kubeflow-mpi-operator-and-industry-adoption-296d5f2e6edc) for an introduction to MPI Operator and its industry adoption.\n\n## Installation\n\nYou can deploy the operator with default settings by running the following commands:\n\n- Latest Development Version\n\n```shell\nkubectl apply --server-side -f https://raw.githubusercontent.com/kubeflow/mpi-operator/master/deploy/v2beta1/mpi-operator.yaml\n```\n\n- Release Version\n\n```shell\nkubectl apply --server-side -f https://raw.githubusercontent.com/kubeflow/mpi-operator/v0.6.0/deploy/v2beta1/mpi-operator.yaml\n```\n\nAlternatively, follow the [getting started guide](https://www.kubeflow.org/docs/started/getting-started/) to deploy Kubeflow.\n\nAn alpha version of MPI support was introduced with Kubeflow 0.2.0. You must be using a version of Kubeflow newer than 0.2.0.\n\nYou can check whether the MPI Job custom resource is installed via:\n\n```\nkubectl get crd\n```\n\nThe output should include `mpijobs.kubeflow.org` like the following:\n\n```\nNAME                                       AGE\n...\nmpijobs.kubeflow.org                       4d\n...\n```\n\nIf it is not included, you can add it as follows using [kustomize](https://github.com/kubernetes-sigs/kustomize):\n\n```bash\ngit clone https://github.com/kubeflow/mpi-operator\ncd mpi-operator\nkustomize build manifests/overlays/kubeflow | kubectl apply -f -\n```\n\nNote that since Kubernetes v1.14, `kustomize` became a subcommand in `kubectl` so you can also run the following command instead:\n\nSince Kubernetes v1.21, you can use:\n\n```bash\nkubectl apply -k manifests/overlays/kubeflow\n```\n\n```bash\nkubectl kustomize base | kubectl apply -f -\n```\n\n## Creating an MPI Job\n\nYou can create an MPI job by defining an `MPIJob` config file. See [TensorFlow benchmark example](examples/v2beta1/tensorflow-benchmarks/tensorflow-benchmarks.yaml) config file for launching a multi-node TensorFlow benchmark training job. You may change the config file based on your requirements.\n\n```\ncat examples/v2beta1/tensorflow-benchmarks/tensorflow-benchmarks.yaml\n```\n\nDeploy the `MPIJob` resource to start training:\n\n```\nkubectl apply -f examples/v2beta1/tensorflow-benchmarks/tensorflow-benchmarks.yaml\n```\n\n## Monitoring an MPI Job\n\nOnce the `MPIJob` resource is created, you should now be able to see the created pods matching the specified number of GPUs. You can also monitor the job status from the status section. Here is sample output when the job is successfully completed.\n\n```\nkubectl get -o yaml mpijobs tensorflow-benchmarks\n```\n\n```\napiVersion: kubeflow.org/v2beta1\nkind: MPIJob\nmetadata:\n  creationTimestamp: \"2019-07-09T22:15:51Z\"\n  generation: 1\n  name: tensorflow-benchmarks\n  namespace: default\n  resourceVersion: \"5645868\"\n  selfLink: /apis/kubeflow.org/v1alpha2/namespaces/default/mpijobs/tensorflow-benchmarks\n  uid: 1c5b470f-a297-11e9-964d-88d7f67c6e6d\nspec:\n  runPolicy:\n    cleanPodPolicy: Running\n  mpiReplicaSpecs:\n    Launcher:\n      replicas: 1\n      template:\n        spec:\n          containers:\n          - command:\n            - mpirun\n            - --allow-run-as-root\n            - -np\n            - \"2\"\n            - -bind-to\n            - none\n            - -map-by\n            - slot\n            - -x\n            - NCCL_DEBUG=INFO\n            - -x\n            - LD_LIBRARY_PATH\n            - -x\n            - PATH\n            - -mca\n            - pml\n            - ob1\n            - -mca\n            - btl\n            - ^openib\n            - python\n            - scripts/tf_cnn_benchmarks/tf_cnn_benchmarks.py\n            - --model=resnet101\n            - --batch_size=64\n            - --variable_update=horovod\n            image: mpioperator/tensorflow-benchmarks:latest\n            name: tensorflow-benchmarks\n    Worker:\n      replicas: 1\n      template:\n        spec:\n          containers:\n          - image: mpioperator/tensorflow-benchmarks:latest\n            name: tensorflow-benchmarks\n            resources:\n              limits:\n                nvidia.com/gpu: 2\n  slotsPerWorker: 2\nstatus:\n  completionTime: \"2019-07-09T22:17:06Z\"\n  conditions:\n  - lastTransitionTime: \"2019-07-09T22:15:51Z\"\n    lastUpdateTime: \"2019-07-09T22:15:51Z\"\n    message: MPIJob default/tensorflow-benchmarks is created.\n    reason: MPIJobCreated\n    status: \"True\"\n    type: Created\n  - lastTransitionTime: \"2019-07-09T22:15:54Z\"\n    lastUpdateTime: \"2019-07-09T22:15:54Z\"\n    message: MPIJob default/tensorflow-benchmarks is running.\n    reason: MPIJobRunning\n    status: \"False\"\n    type: Running\n  - lastTransitionTime: \"2019-07-09T22:17:06Z\"\n    lastUpdateTime: \"2019-07-09T22:17:06Z\"\n    message: MPIJob default/tensorflow-benchmarks successfully completed.\n    reason: MPIJobSucceeded\n    status: \"True\"\n    type: Succeeded\n  replicaStatuses:\n    Launcher:\n      succeeded: 1\n    Worker: {}\n  startTime: \"2019-07-09T22:15:51Z\"\n```\n\nTraining should run for 100 steps and takes a few minutes on a GPU cluster. You can inspect the logs to see the training progress. When the job starts, access the logs from the `launcher` pod:\n\n```\nPODNAME=$(kubectl get pods -l training.kubeflow.org/job-name=tensorflow-benchmarks,training.kubeflow.org/job-role=launcher -o name)\nkubectl logs -f ${PODNAME}\n```\n\n```\nTensorFlow:  1.14\nModel:       resnet101\nDataset:     imagenet (synthetic)\nMode:        training\nSingleSess:  False\nBatch size:  128 global\n             64 per device\nNum batches: 100\nNum epochs:  0.01\nDevices:     ['horovod/gpu:0', 'horovod/gpu:1']\nNUMA bind:   False\nData format: NCHW\nOptimizer:   sgd\nVariables:   horovod\n\n...\n\n40\timages/sec: 154.4 +/- 0.7 (jitter = 4.0)\t8.280\n40\timages/sec: 154.4 +/- 0.7 (jitter = 4.1)\t8.482\n50\timages/sec: 154.8 +/- 0.6 (jitter = 4.0)\t8.397\n50\timages/sec: 154.8 +/- 0.6 (jitter = 4.2)\t8.450\n60\timages/sec: 154.5 +/- 0.5 (jitter = 4.1)\t8.321\n60\timages/sec: 154.5 +/- 0.5 (jitter = 4.4)\t8.349\n70\timages/sec: 154.5 +/- 0.5 (jitter = 4.0)\t8.433\n70\timages/sec: 154.5 +/- 0.5 (jitter = 4.4)\t8.430\n80\timages/sec: 154.8 +/- 0.4 (jitter = 3.6)\t8.199\n80\timages/sec: 154.8 +/- 0.4 (jitter = 3.8)\t8.404\n90\timages/sec: 154.6 +/- 0.4 (jitter = 3.7)\t8.418\n90\timages/sec: 154.6 +/- 0.4 (jitter = 3.6)\t8.459\n100\timages/sec: 154.2 +/- 0.4 (jitter = 4.0)\t8.372\n100\timages/sec: 154.2 +/- 0.4 (jitter = 4.0)\t8.542\n----------------------------------------------------------------\ntotal images/sec: 308.27\n```\n\nFor a sample that uses Intel MPI, see:\n\n```bash\ncat examples/pi/pi-intel.yaml\n```\n\nFor a sample that uses MPICH, see:\n\n```bash\ncat examples/pi/pi-mpich.yaml\n```\n\n## Exposed Metrics\n\n| Metric name | Metric type | Description | Labels |\n| ----------- | ----------- | ----------- | ------ |\n|mpi\\_operator\\_jobs\\_created\\_total | Counter  | Counts number of MPI jobs created | |\n|mpi\\_operator\\_jobs\\_successful\\_total | Counter  | Counts number of MPI jobs successful | |\n|mpi\\_operator\\_jobs\\_failed\\_total | Counter  | Counts number of MPI jobs failed| |\n|mpi\\_operator\\_job\\_info | Gauge | Information about MPIJob | `launcher`=&lt;launcher-pod-name&gt; <br> `namespace`=&lt;job-namespace&gt; |\n\n### Join Metrics\n\nWith [kube-state-metrics](https://github.com/kubernetes/kube-state-metrics), one can join metrics by labels.\nFor example `kube_pod_info * on(pod,namespace) group_left label_replace(mpi_operator_job_infos, \"pod\", \"$0\", \"launcher\", \".*\")`\n\n## Docker Images\n\nWe push Docker images of [mpioperator on Dockerhub](https://hub.docker.com/u/mpioperator) for every release.\nYou can use the following Dockerfile to build the image yourself:\n\n- [mpi-operator](https://github.com/kubeflow/mpi-operator/blob/master/Dockerfile)\n\nAlternative, you can build the image using make:\n\n```bash\nmake RELEASE_VERSION=dev IMAGE_NAME=registry.example.com/mpi-operator images\n```\n\nThis will produce an image with the tag `registry.example.com/mpi-operator:dev`.\n\n## Contributing\n\nLearn more in [CONTRIBUTING](https://github.com/kubeflow/mpi-operator/blob/master/CONTRIBUTING.md).\n",
      "CONTRIBUTING.md": "# Kubeflow Contributor Guide\n\nWelcome to the Kubeflow/MPI-Operator project! We'd love to accept your patches and \ncontributions to this project. Please read the \n[contributor's guide in our docs](https://www.kubeflow.org/docs/about/contributing/).\n\nThe contributor's guide\n\n* shows you where to find the Contributor License Agreement (CLA) that you need \n  to sign,\n* helps you get started with your first contribution to Kubeflow,\n* and describes the pull request and review workflow in detail, including the\n  OWNERS files and automated workflow tool.\n\n## Set Up Development Environment\n\nIf you haven't done so, please follow the instructions [here](https://help.github.com/en/github/getting-started-with-github/fork-a-repo) to fork and clone the repository, and then configure the remote repository for the repository you just cloned locally. Note that you'd probably want to clone your forked repository to be under your [`GOPATH`](https://github.com/golang/go/wiki/GOPATH), for example:\n\n```bash\nmkdir -p ${GOPATH}/src/github.com/kubeflow\ncd ${GOPATH}/src/github.com/kubeflow\ngit clone https://github.com/${GITHUB_USER}/mpi-operator.git\n```\n\n## Install Dependencies\n\nWe use Go v1.20+ for development and use [Go Modules](https://blog.golang.org/using-go-modules) to download and install the dependencies.\n\n## Run tests\n\n### Unit and integration tests\n\nYou can execute all the unit and integration tests via `make test`.\n\nYou can find the unit tests in the same folders as the functional code.\n\nYou can find the integration tests in a separate directory, `test/integration`.\nIntegration tests make use of a real kube-apiserver to test the interaction of\nthe controller with a real Kubernetes API. In these tests, other components\nare not running, including `kubelet` or `kube-controller-manager`.\n\nConsider adding an integration test if your feature makes new API calls.\n\n### E2E tests\n\nE2E tests run against a real cluster. In our tests, we create a cluster using\n[kind](https://kind.sigs.k8s.io/docs/user/quick-start/).\n\nYou can run the tests with `make test_e2e`.\n\nIf desired, you can run the tests against any existing cluster. Just make sure\nthat credentials for the cluster are present in `${HOME}/.kube/config` and run:\n\n```bash\nUSE_EXISTING_CLUSTER=true make test_e2e\n```\n\n## Check Code Style\n\nWe use [golangci-lint](https://github.com/golangci/golangci-lint) to check issues on code style.\nPlease also check out [this wiki](https://github.com/golang/go/wiki/CodeReviewComments) for some additional instructions on code review.\n\nYou can run formatter and linter with:\n\n```bash\nmake fmt lint\n```\n\n## Run\n\nYou have to build the image and deploy the standalone YAMLs in a cluster.\n\n```bash\nmake images dev_manifest\nkubectl apply -k manifests/overlays/dev\n```\n\nThe controller handles MPIJobs with API version v2beta1 or newer.\n\nIf you need to use a different registry, or a different tag, you can do:\n\n```bash\nmake IMAGE_NAME=example.com/mpi-operator RELEASE_VERSION=dev make images dev_manifest\n```\n\nTo look at the controller's logs, you can do:\n\n```shell\nkubectl logs -n mpi-operator -f deployment/mpi-operator\n```"
    },
    "latest_release_at": "2024-10-16T15:06:29+00:00",
    "bot_like_contribs": 1,
    "human_contribs": 59,
    "run_ts": "2025-10-01T15:08:16.212007+00:00"
  },
  {
    "full_name": "elementary/code",
    "html_url": "https://github.com/elementary/code",
    "description": "Code editor designed for elementary OS",
    "language": "Vala",
    "stars": 498,
    "forks": 113,
    "open_issues": 168,
    "owner_type": "Org",
    "created_at": "2017-05-04T15:12:24+00:00",
    "pushed_at": "2025-09-29T19:55:57+00:00",
    "default_branch": "master",
    "docs": {
      "README.md": "# Code\n[![Translation status](https://l10n.elementary.io/widgets/code/-/svg-badge.svg)](https://l10n.elementary.io/projects/code/?utm_source=widget)\n\n![Screenshot](data/screenshot.png?raw=true)\n\n## Building, Testing, and Installation\n\nYou'll need the following dependencies:\n* meson\n* libeditorconfig-dev\n* libgail-3-dev\n* libgee-0.8-dev\n* libgit2-glib-1.0-dev\n* libgtksourceview-4-dev\n* libgtkspell3-3-dev\n* libgranite-dev >= 6.0.0\n* libhandy-1-dev >= 0.90.0\n* libpeas-2-dev\n* libsoup-3.0-dev\n* libvala-0.48-dev (or higher)\n* libvte-2.91-dev\n* valac\n\nRun `meson build` to configure the build environment. Change to the build directory and run `ninja test` to build\n\n    meson build --prefix=/usr\n    cd build\n    ninja test\n\nTo install, use `ninja install`, then execute with `io.elementary.code`\n\n    sudo ninja install\n    io.elementary.code\n"
    },
    "latest_release_at": "2025-09-07T16:44:08+00:00",
    "bot_like_contribs": 1,
    "human_contribs": 59,
    "run_ts": "2025-10-01T15:08:16.212007+00:00"
  }
]