[
  {
    "full_name": "Ullaakut/nmap",
    "asof": "2025-09-01T00:00:00+00:00",
    "run_ts": "2025-10-02T13:38:33.468453+00:00",
    "comment_dump_index": {
      "repo_index": "mined/comments_365d/shard_10/Ullaakut__nmap/index.json",
      "shard_manifest": "mined/comments_365d/shard_10.comments.index.json",
      "counts": {
        "issue": 14,
        "review": 19,
        "total": 33
      },
      "pr_count_dumped": 8
    },
    "readme_words": 861,
    "docs_md_count": 0,
    "has_contributing": false,
    "has_coc": false,
    "has_issue_template": false,
    "has_pr_template": false,
    "has_codeowners": false,
    "has_maintainers": false,
    "has_governance": false,
    "has_workflows": true,
    "workflows_count": 2,
    "discussions_enabled": false,
    "onboarding_surfaces_count": 1,
    "pr_merge_rate_90": null,
    "denom_prs_90": 0,
    "censor_days": 7,
    "maintainer_first_reply_median_hrs_365": 12.195555555555556,
    "pr_with_human_maint_comment_rate_365": 0.667,
    "maintainer_to_author_comment_ratio_365": 1.4,
    "links_per_comment_365": 0.167,
    "denom_prs_comment_window_365": 6,
    "count_prs_with_maint_comment_365": 4,
    "count_maintainer_comments_365": 14,
    "count_author_comments_365": 10,
    "count_human_comments_365": 24,
    "count_links_365": 4,
    "convo_readability_feats": {
      "n_words": 967,
      "n_sents": 87,
      "flesch_reading_ease": 69.66,
      "avg_sentence_len": 11.11,
      "code_block_count": 9,
      "heading_count": 0,
      "passive_hits": 4
    },
    "convo_broken_link_ratio_365": 0.0,
    "R_convo_rule_365": 4.3,
    "newcomers_strict_window": 2,
    "total_prs_in_window": 6,
    "conversion_1m": 0.0,
    "denom_conv_1m": 2,
    "conversion_3m": 0.0,
    "denom_conv_3m": 2,
    "conversion_6m": 0.0,
    "denom_conv_6m": 2,
    "additional_prs_1m": {
      "sum": 0,
      "avg": 0.0,
      "median": 0.0
    },
    "additional_prs_3m": {
      "sum": 0,
      "avg": 0.0,
      "median": 0.0
    },
    "additional_prs_6m": {
      "sum": 0,
      "avg": 0.0,
      "median": 0.0
    },
    "retention_1m": 0.0,
    "denom_ret_1m": 2,
    "retention_3m": 0.0,
    "denom_ret_3m": 2,
    "retention_6m": 0.0,
    "denom_ret_6m": 2,
    "newcomer_became_merger_ever_rate": null,
    "newcomer_became_merger_ever_count": 0,
    "denom_newcomer_became_merger_ever": 0
  },
  {
    "full_name": "moononournation/Arduino_GFX",
    "asof": "2025-09-01T00:00:00+00:00",
    "run_ts": "2025-10-02T13:38:33.468453+00:00",
    "comment_dump_index": {
      "repo_index": "mined/comments_365d/shard_10/moononournation__Arduino_GFX/index.json",
      "shard_manifest": "mined/comments_365d/shard_10.comments.index.json",
      "counts": {
        "issue": 33,
        "review": 0,
        "total": 33
      },
      "pr_count_dumped": 12
    },
    "readme_words": 3195,
    "docs_md_count": 0,
    "has_contributing": false,
    "has_coc": false,
    "has_issue_template": false,
    "has_pr_template": false,
    "has_codeowners": false,
    "has_maintainers": false,
    "has_governance": false,
    "has_workflows": false,
    "workflows_count": 0,
    "discussions_enabled": true,
    "onboarding_surfaces_count": 1,
    "pr_merge_rate_90": null,
    "denom_prs_90": 0,
    "censor_days": 7,
    "maintainer_first_reply_median_hrs_365": 23.9375,
    "pr_with_human_maint_comment_rate_365": 0.583,
    "maintainer_to_author_comment_ratio_365": 1.2,
    "links_per_comment_365": 0.485,
    "denom_prs_comment_window_365": 12,
    "count_prs_with_maint_comment_365": 7,
    "count_maintainer_comments_365": 18,
    "count_author_comments_365": 15,
    "count_human_comments_365": 33,
    "count_links_365": 16,
    "convo_readability_feats": {
      "n_words": 1165,
      "n_sents": 100,
      "flesch_reading_ease": 66.48,
      "avg_sentence_len": 11.65,
      "code_block_count": 2,
      "heading_count": 0,
      "passive_hits": 6
    },
    "convo_broken_link_ratio_365": 0.688,
    "R_convo_rule_365": 4.3,
    "newcomers_strict_window": 9,
    "total_prs_in_window": 12,
    "conversion_1m": 0.0,
    "denom_conv_1m": 9,
    "conversion_3m": 0.167,
    "denom_conv_3m": 6,
    "conversion_6m": 0.0,
    "denom_conv_6m": 5,
    "additional_prs_1m": {
      "sum": 0,
      "avg": 0.0,
      "median": 0.0
    },
    "additional_prs_3m": {
      "sum": 1,
      "avg": 0.167,
      "median": 0.0
    },
    "additional_prs_6m": {
      "sum": 0,
      "avg": 0.0,
      "median": 0.0
    },
    "retention_1m": 0.0,
    "denom_ret_1m": 9,
    "retention_3m": 0.0,
    "denom_ret_3m": 6,
    "retention_6m": 0.0,
    "denom_ret_6m": 5,
    "newcomer_became_merger_ever_rate": null,
    "newcomer_became_merger_ever_count": 0,
    "denom_newcomer_became_merger_ever": 0
  },
  {
    "full_name": "TheOrcDev/8bitcn-ui",
    "asof": "2025-09-01T00:00:00+00:00",
    "run_ts": "2025-10-02T13:38:33.468453+00:00",
    "comment_dump_index": {
      "repo_index": "mined/comments_365d/shard_10/TheOrcDev__8bitcn-ui/index.json",
      "shard_manifest": "mined/comments_365d/shard_10.comments.index.json",
      "counts": {
        "issue": 605,
        "review": 262,
        "total": 867
      },
      "pr_count_dumped": 345
    },
    "readme_words": 80,
    "docs_md_count": 0,
    "has_contributing": false,
    "has_coc": false,
    "has_issue_template": false,
    "has_pr_template": false,
    "has_codeowners": true,
    "has_maintainers": false,
    "has_governance": false,
    "has_workflows": false,
    "workflows_count": 0,
    "discussions_enabled": true,
    "onboarding_surfaces_count": 2,
    "pr_merge_rate_90": null,
    "denom_prs_90": 0,
    "censor_days": 7,
    "maintainer_first_reply_median_hrs_365": 4.551666666666667,
    "pr_with_human_maint_comment_rate_365": 0.087,
    "maintainer_to_author_comment_ratio_365": 1.317,
    "links_per_comment_365": 0.146,
    "denom_prs_comment_window_365": 345,
    "count_prs_with_maint_comment_365": 30,
    "count_maintainer_comments_365": 54,
    "count_author_comments_365": 41,
    "count_human_comments_365": 96,
    "count_links_365": 14,
    "convo_readability_feats": {
      "n_words": 1881,
      "n_sents": 164,
      "flesch_reading_ease": 47.13,
      "avg_sentence_len": 11.47,
      "code_block_count": 4,
      "heading_count": 0,
      "passive_hits": 13
    },
    "convo_broken_link_ratio_365": 0.643,
    "R_convo_rule_365": 3.3,
    "newcomers_strict_window": 22,
    "total_prs_in_window": 295,
    "conversion_1m": 0.579,
    "denom_conv_1m": 19,
    "conversion_3m": 0.647,
    "denom_conv_3m": 17,
    "conversion_6m": null,
    "denom_conv_6m": 0,
    "additional_prs_1m": {
      "sum": 109,
      "avg": 5.737,
      "median": 1.0
    },
    "additional_prs_3m": {
      "sum": 182,
      "avg": 10.706,
      "median": 1.0
    },
    "additional_prs_6m": {
      "sum": 0,
      "avg": null,
      "median": null
    },
    "retention_1m": 0.053,
    "denom_ret_1m": 19,
    "retention_3m": 0.059,
    "denom_ret_3m": 17,
    "retention_6m": null,
    "denom_ret_6m": 0,
    "newcomer_became_merger_ever_rate": 1.0,
    "newcomer_became_merger_ever_count": 1,
    "denom_newcomer_became_merger_ever": 1
  },
  {
    "full_name": "rsl/stringex",
    "asof": "2025-09-01T00:00:00+00:00",
    "run_ts": "2025-10-02T13:38:33.468453+00:00",
    "comment_dump_index": {
      "repo_index": "mined/comments_365d/shard_10/rsl__stringex/index.json",
      "shard_manifest": "mined/comments_365d/shard_10.comments.index.json",
      "counts": {
        "issue": 1,
        "review": 4,
        "total": 5
      },
      "pr_count_dumped": 3
    },
    "readme_words": 1269,
    "docs_md_count": 0,
    "has_contributing": false,
    "has_coc": false,
    "has_issue_template": false,
    "has_pr_template": false,
    "has_codeowners": false,
    "has_maintainers": false,
    "has_governance": false,
    "has_workflows": false,
    "workflows_count": 0,
    "discussions_enabled": false,
    "onboarding_surfaces_count": 1,
    "pr_merge_rate_90": null,
    "denom_prs_90": 0,
    "censor_days": 7,
    "maintainer_first_reply_median_hrs_365": null,
    "pr_with_human_maint_comment_rate_365": 0.0,
    "maintainer_to_author_comment_ratio_365": null,
    "links_per_comment_365": 0.0,
    "denom_prs_comment_window_365": 2,
    "count_prs_with_maint_comment_365": 0,
    "count_maintainer_comments_365": 0,
    "count_author_comments_365": 0,
    "count_human_comments_365": 0,
    "count_links_365": 0,
    "convo_readability_feats": {
      "n_words": 0,
      "n_sents": 1,
      "flesch_reading_ease": 0.0,
      "avg_sentence_len": 0.0,
      "code_block_count": 0,
      "heading_count": 0,
      "passive_hits": 0
    },
    "convo_broken_link_ratio_365": 0.0,
    "R_convo_rule_365": 3.0,
    "newcomers_strict_window": 2,
    "total_prs_in_window": 2,
    "conversion_1m": 0.0,
    "denom_conv_1m": 2,
    "conversion_3m": 0.0,
    "denom_conv_3m": 2,
    "conversion_6m": 0.0,
    "denom_conv_6m": 2,
    "additional_prs_1m": {
      "sum": 0,
      "avg": 0.0,
      "median": 0.0
    },
    "additional_prs_3m": {
      "sum": 0,
      "avg": 0.0,
      "median": 0.0
    },
    "additional_prs_6m": {
      "sum": 0,
      "avg": 0.0,
      "median": 0.0
    },
    "retention_1m": 0.0,
    "denom_ret_1m": 2,
    "retention_3m": 0.0,
    "denom_ret_3m": 2,
    "retention_6m": 0.0,
    "denom_ret_6m": 2,
    "newcomer_became_merger_ever_rate": null,
    "newcomer_became_merger_ever_count": 0,
    "denom_newcomer_became_merger_ever": 0
  },
  {
    "full_name": "brutella/hkcam",
    "asof": "2025-09-01T00:00:00+00:00",
    "run_ts": "2025-10-02T13:38:33.468453+00:00",
    "comment_dump_index": {
      "repo_index": "mined/comments_365d/shard_10/brutella__hkcam/index.json",
      "shard_manifest": "mined/comments_365d/shard_10.comments.index.json",
      "counts": {
        "issue": 0,
        "review": 0,
        "total": 0
      },
      "pr_count_dumped": 1
    },
    "readme_words": 2233,
    "docs_md_count": 0,
    "has_contributing": false,
    "has_coc": false,
    "has_issue_template": false,
    "has_pr_template": false,
    "has_codeowners": false,
    "has_maintainers": false,
    "has_governance": false,
    "has_workflows": false,
    "workflows_count": 0,
    "discussions_enabled": false,
    "onboarding_surfaces_count": 1,
    "pr_merge_rate_90": null,
    "denom_prs_90": 0,
    "censor_days": 7,
    "maintainer_first_reply_median_hrs_365": null,
    "pr_with_human_maint_comment_rate_365": 0.0,
    "maintainer_to_author_comment_ratio_365": null,
    "links_per_comment_365": 0.0,
    "denom_prs_comment_window_365": 1,
    "count_prs_with_maint_comment_365": 0,
    "count_maintainer_comments_365": 0,
    "count_author_comments_365": 0,
    "count_human_comments_365": 0,
    "count_links_365": 0,
    "convo_readability_feats": {
      "n_words": 0,
      "n_sents": 1,
      "flesch_reading_ease": 0.0,
      "avg_sentence_len": 0.0,
      "code_block_count": 0,
      "heading_count": 0,
      "passive_hits": 0
    },
    "convo_broken_link_ratio_365": 0.0,
    "R_convo_rule_365": 3.0,
    "newcomers_strict_window": 1,
    "total_prs_in_window": 1,
    "conversion_1m": 0.0,
    "denom_conv_1m": 1,
    "conversion_3m": 0.0,
    "denom_conv_3m": 1,
    "conversion_6m": 0.0,
    "denom_conv_6m": 1,
    "additional_prs_1m": {
      "sum": 0,
      "avg": 0.0,
      "median": 0.0
    },
    "additional_prs_3m": {
      "sum": 0,
      "avg": 0.0,
      "median": 0.0
    },
    "additional_prs_6m": {
      "sum": 0,
      "avg": 0.0,
      "median": 0.0
    },
    "retention_1m": 0.0,
    "denom_ret_1m": 1,
    "retention_3m": 0.0,
    "denom_ret_3m": 1,
    "retention_6m": 0.0,
    "denom_ret_6m": 1,
    "newcomer_became_merger_ever_rate": null,
    "newcomer_became_merger_ever_count": 0,
    "denom_newcomer_became_merger_ever": 0
  }
]