[
  {
    "full_name": "mjbots/moteus",
    "asof": "2025-09-01T00:00:00+00:00",
    "run_ts": "2025-10-02T15:44:52.848541+00:00",
    "comment_dump_index": {
      "repo_index": "mined/comments_365d/shard_13/mjbots__moteus/index.json",
      "shard_manifest": "mined/comments_365d/shard_13.comments.index.json",
      "counts": {
        "issue": 37,
        "review": 42,
        "total": 79
      },
      "pr_count_dumped": 8
    },
    "readme_words": 336,
    "docs_md_count": 5,
    "has_contributing": false,
    "has_coc": false,
    "has_issue_template": false,
    "has_pr_template": false,
    "has_codeowners": false,
    "has_maintainers": false,
    "has_governance": false,
    "has_workflows": true,
    "workflows_count": 1,
    "discussions_enabled": false,
    "onboarding_surfaces_count": 2,
    "pr_merge_rate_90": null,
    "denom_prs_90": 0,
    "censor_days": 7,
    "maintainer_first_reply_median_hrs_365": 6.641666666666667,
    "pr_with_human_maint_comment_rate_365": 0.714,
    "maintainer_to_author_comment_ratio_365": 1.586,
    "links_per_comment_365": 0.2,
    "denom_prs_comment_window_365": 7,
    "count_prs_with_maint_comment_365": 5,
    "count_maintainer_comments_365": 46,
    "count_author_comments_365": 29,
    "count_human_comments_365": 75,
    "count_links_365": 15,
    "convo_readability_feats": {
      "n_words": 2831,
      "n_sents": 222,
      "flesch_reading_ease": 71.34,
      "avg_sentence_len": 12.75,
      "code_block_count": 3,
      "heading_count": 0,
      "passive_hits": 25
    },
    "convo_broken_link_ratio_365": 0.333,
    "R_convo_rule_365": 4.3,
    "newcomers_strict_window": 3,
    "total_prs_in_window": 7,
    "conversion_1m": 0.333,
    "denom_conv_1m": 3,
    "conversion_3m": 0.5,
    "denom_conv_3m": 2,
    "conversion_6m": 0.0,
    "denom_conv_6m": 1,
    "additional_prs_1m": {
      "sum": 1,
      "avg": 0.333,
      "median": 0.0
    },
    "additional_prs_3m": {
      "sum": 1,
      "avg": 0.5,
      "median": 0.5
    },
    "additional_prs_6m": {
      "sum": 0,
      "avg": 0.0,
      "median": 0.0
    },
    "retention_1m": 0.333,
    "denom_ret_1m": 3,
    "retention_3m": 0.0,
    "denom_ret_3m": 2,
    "retention_6m": 0.0,
    "denom_ret_6m": 1,
    "newcomer_became_merger_ever_rate": null,
    "newcomer_became_merger_ever_count": 0,
    "denom_newcomer_became_merger_ever": 0
  },
  {
    "full_name": "microsoft/PythonProgrammingPuzzles",
    "asof": "2025-09-01T00:00:00+00:00",
    "run_ts": "2025-10-02T15:44:52.848541+00:00",
    "comment_dump_index": {
      "repo_index": "mined/comments_365d/shard_13/microsoft__PythonProgrammingPuzzles/index.json",
      "shard_manifest": "mined/comments_365d/shard_13.comments.index.json",
      "counts": {
        "issue": 1,
        "review": 0,
        "total": 1
      },
      "pr_count_dumped": 1
    },
    "readme_words": 2312,
    "docs_md_count": 0,
    "has_contributing": false,
    "has_coc": true,
    "has_issue_template": false,
    "has_pr_template": false,
    "has_codeowners": false,
    "has_maintainers": false,
    "has_governance": false,
    "has_workflows": true,
    "workflows_count": 1,
    "discussions_enabled": true,
    "onboarding_surfaces_count": 2,
    "pr_merge_rate_90": null,
    "denom_prs_90": 0,
    "censor_days": 7,
    "maintainer_first_reply_median_hrs_365": null,
    "pr_with_human_maint_comment_rate_365": 0.0,
    "maintainer_to_author_comment_ratio_365": 0.0,
    "links_per_comment_365": 0.0,
    "denom_prs_comment_window_365": 1,
    "count_prs_with_maint_comment_365": 0,
    "count_maintainer_comments_365": 0,
    "count_author_comments_365": 1,
    "count_human_comments_365": 1,
    "count_links_365": 0,
    "convo_readability_feats": {
      "n_words": 2,
      "n_sents": 1,
      "flesch_reading_ease": -260.49,
      "avg_sentence_len": 2.0,
      "code_block_count": 0,
      "heading_count": 0,
      "passive_hits": 0
    },
    "convo_broken_link_ratio_365": 0.0,
    "R_convo_rule_365": 3.0,
    "newcomers_strict_window": 1,
    "total_prs_in_window": 1,
    "conversion_1m": 0.0,
    "denom_conv_1m": 1,
    "conversion_3m": null,
    "denom_conv_3m": 0,
    "conversion_6m": null,
    "denom_conv_6m": 0,
    "additional_prs_1m": {
      "sum": 0,
      "avg": 0.0,
      "median": 0.0
    },
    "additional_prs_3m": {
      "sum": 0,
      "avg": null,
      "median": null
    },
    "additional_prs_6m": {
      "sum": 0,
      "avg": null,
      "median": null
    },
    "retention_1m": 0.0,
    "denom_ret_1m": 1,
    "retention_3m": null,
    "denom_ret_3m": 0,
    "retention_6m": null,
    "denom_ret_6m": 0,
    "newcomer_became_merger_ever_rate": null,
    "newcomer_became_merger_ever_count": 0,
    "denom_newcomer_became_merger_ever": 0
  },
  {
    "full_name": "mongomock/mongomock",
    "asof": "2025-09-01T00:00:00+00:00",
    "run_ts": "2025-10-02T15:44:52.848541+00:00",
    "comment_dump_index": {
      "repo_index": "mined/comments_365d/shard_13/mongomock__mongomock/index.json",
      "shard_manifest": "mined/comments_365d/shard_13.comments.index.json",
      "counts": {
        "issue": 79,
        "review": 17,
        "total": 96
      },
      "pr_count_dumped": 38
    },
    "readme_words": 1531,
    "docs_md_count": 0,
    "has_contributing": false,
    "has_coc": false,
    "has_issue_template": false,
    "has_pr_template": false,
    "has_codeowners": false,
    "has_maintainers": false,
    "has_governance": false,
    "has_workflows": true,
    "workflows_count": 2,
    "discussions_enabled": false,
    "onboarding_surfaces_count": 1,
    "pr_merge_rate_90": null,
    "denom_prs_90": 0,
    "censor_days": 7,
    "maintainer_first_reply_median_hrs_365": 104.85388888888889,
    "pr_with_human_maint_comment_rate_365": 0.143,
    "maintainer_to_author_comment_ratio_365": 0.25,
    "links_per_comment_365": 0.333,
    "denom_prs_comment_window_365": 21,
    "count_prs_with_maint_comment_365": 3,
    "count_maintainer_comments_365": 3,
    "count_author_comments_365": 12,
    "count_human_comments_365": 18,
    "count_links_365": 6,
    "convo_readability_feats": {
      "n_words": 319,
      "n_sents": 26,
      "flesch_reading_ease": 68.41,
      "avg_sentence_len": 12.27,
      "code_block_count": 0,
      "heading_count": 0,
      "passive_hits": 7
    },
    "convo_broken_link_ratio_365": 0.5,
    "R_convo_rule_365": 4.0,
    "newcomers_strict_window": 10,
    "total_prs_in_window": 20,
    "conversion_1m": 0.333,
    "denom_conv_1m": 9,
    "conversion_3m": 0.286,
    "denom_conv_3m": 7,
    "conversion_6m": 0.333,
    "denom_conv_6m": 3,
    "additional_prs_1m": {
      "sum": 5,
      "avg": 0.556,
      "median": 0.0
    },
    "additional_prs_3m": {
      "sum": 3,
      "avg": 0.429,
      "median": 0.0
    },
    "additional_prs_6m": {
      "sum": 1,
      "avg": 0.333,
      "median": 0.0
    },
    "retention_1m": 0.0,
    "denom_ret_1m": 9,
    "retention_3m": 0.0,
    "denom_ret_3m": 7,
    "retention_6m": 0.0,
    "denom_ret_6m": 3,
    "newcomer_became_merger_ever_rate": 1.0,
    "newcomer_became_merger_ever_count": 1,
    "denom_newcomer_became_merger_ever": 1
  },
  {
    "full_name": "synth-inc/onit",
    "asof": "2025-09-01T00:00:00+00:00",
    "run_ts": "2025-10-02T15:44:52.848541+00:00",
    "comment_dump_index": {
      "repo_index": "mined/comments_365d/shard_13/synth-inc__onit/index.json",
      "shard_manifest": "mined/comments_365d/shard_13.comments.index.json",
      "counts": {
        "issue": 172,
        "review": 1817,
        "total": 1989
      },
      "pr_count_dumped": 277
    },
    "readme_words": 739,
    "docs_md_count": 0,
    "has_contributing": false,
    "has_coc": false,
    "has_issue_template": false,
    "has_pr_template": false,
    "has_codeowners": false,
    "has_maintainers": false,
    "has_governance": false,
    "has_workflows": true,
    "workflows_count": 1,
    "discussions_enabled": false,
    "onboarding_surfaces_count": 1,
    "pr_merge_rate_90": null,
    "denom_prs_90": 0,
    "censor_days": 7,
    "maintainer_first_reply_median_hrs_365": 22.56388888888889,
    "pr_with_human_maint_comment_rate_365": 0.394,
    "maintainer_to_author_comment_ratio_365": 1.185,
    "links_per_comment_365": 0.102,
    "denom_prs_comment_window_365": 277,
    "count_prs_with_maint_comment_365": 109,
    "count_maintainer_comments_365": 494,
    "count_author_comments_365": 417,
    "count_human_comments_365": 912,
    "count_links_365": 93,
    "convo_readability_feats": {
      "n_words": 18919,
      "n_sents": 1456,
      "flesch_reading_ease": 58.85,
      "avg_sentence_len": 12.99,
      "code_block_count": 158,
      "heading_count": 4,
      "passive_hits": 121
    },
    "convo_broken_link_ratio_365": 0.6,
    "R_convo_rule_365": 3.3,
    "newcomers_strict_window": 5,
    "total_prs_in_window": 277,
    "conversion_1m": 0.8,
    "denom_conv_1m": 5,
    "conversion_3m": 0.8,
    "denom_conv_3m": 5,
    "conversion_6m": 0.75,
    "denom_conv_6m": 4,
    "additional_prs_1m": {
      "sum": 43,
      "avg": 8.6,
      "median": 8.0
    },
    "additional_prs_3m": {
      "sum": 104,
      "avg": 20.8,
      "median": 17.0
    },
    "additional_prs_6m": {
      "sum": 169,
      "avg": 42.25,
      "median": 32.0
    },
    "retention_1m": 0.8,
    "denom_ret_1m": 5,
    "retention_3m": 0.8,
    "denom_ret_3m": 5,
    "retention_6m": 0.5,
    "denom_ret_6m": 4,
    "newcomer_became_merger_ever_rate": 1.0,
    "newcomer_became_merger_ever_count": 4,
    "denom_newcomer_became_merger_ever": 4
  },
  {
    "full_name": "v8/v8.dev",
    "asof": "2025-09-01T00:00:00+00:00",
    "run_ts": "2025-10-02T15:44:52.848541+00:00",
    "comment_dump_index": {
      "repo_index": "mined/comments_365d/shard_13/v8__v8.dev/index.json",
      "shard_manifest": "mined/comments_365d/shard_13.comments.index.json",
      "counts": {
        "issue": 60,
        "review": 76,
        "total": 136
      },
      "pr_count_dumped": 49
    },
    "readme_words": 118,
    "docs_md_count": 0,
    "has_contributing": true,
    "has_coc": false,
    "has_issue_template": false,
    "has_pr_template": false,
    "has_codeowners": false,
    "has_maintainers": false,
    "has_governance": false,
    "has_workflows": true,
    "workflows_count": 2,
    "discussions_enabled": false,
    "onboarding_surfaces_count": 2,
    "pr_merge_rate_90": null,
    "denom_prs_90": 0,
    "censor_days": 7,
    "maintainer_first_reply_median_hrs_365": 2.625,
    "pr_with_human_maint_comment_rate_365": 0.324,
    "maintainer_to_author_comment_ratio_365": 3.611,
    "links_per_comment_365": 0.12,
    "denom_prs_comment_window_365": 37,
    "count_prs_with_maint_comment_365": 12,
    "count_maintainer_comments_365": 65,
    "count_author_comments_365": 18,
    "count_human_comments_365": 83,
    "count_links_365": 10,
    "convo_readability_feats": {
      "n_words": 2840,
      "n_sents": 182,
      "flesch_reading_ease": 56.08,
      "avg_sentence_len": 15.6,
      "code_block_count": 28,
      "heading_count": 0,
      "passive_hits": 31
    },
    "convo_broken_link_ratio_365": 0.4,
    "R_convo_rule_365": 3.3,
    "newcomers_strict_window": 16,
    "total_prs_in_window": 35,
    "conversion_1m": 0.091,
    "denom_conv_1m": 11,
    "conversion_3m": 0.111,
    "denom_conv_3m": 9,
    "conversion_6m": 0.0,
    "denom_conv_6m": 5,
    "additional_prs_1m": {
      "sum": 2,
      "avg": 0.182,
      "median": 0.0
    },
    "additional_prs_3m": {
      "sum": 2,
      "avg": 0.222,
      "median": 0.0
    },
    "additional_prs_6m": {
      "sum": 0,
      "avg": 0.0,
      "median": 0.0
    },
    "retention_1m": 0.0,
    "denom_ret_1m": 11,
    "retention_3m": 0.0,
    "denom_ret_3m": 9,
    "retention_6m": 0.0,
    "denom_ret_6m": 5,
    "newcomer_became_merger_ever_rate": 1.0,
    "newcomer_became_merger_ever_count": 3,
    "denom_newcomer_became_merger_ever": 3
  }
]