[
  {
    "full_name": "ggeop/Python-ai-assistant",
    "html_url": "https://github.com/ggeop/Python-ai-assistant",
    "description": "Python AI assistant 🧠",
    "language": "Python",
    "stars": 991,
    "forks": 246,
    "open_issues": 37,
    "owner_type": "User",
    "created_at": "2019-05-16T20:38:31+00:00",
    "pushed_at": "2024-11-17T19:30:20+00:00",
    "default_branch": "develop",
    "docs": {
      "README.md": "[![CodeFactor](https://www.codefactor.io/repository/github/ggeop/python-ai-assistant/badge)](https://www.codefactor.io/repository/github/ggeop/Python-ai-assistant)\n[![Maintainability](https://api.codeclimate.com/v1/badges/8c90305e22186cc2c9d5/maintainability)](https://codeclimate.com/github/ggeop/Python-ai-assistant/maintainability)\n[![License: MIT](https://img.shields.io/badge/License-MIT-yellow.svg)](https://opensource.org/licenses/MIT)\n[![Build Status](https://app.travis-ci.com/ggeop/Python-ai-assistant.svg?branch=master)](https://app.travis-ci.com/ggeop/Python-ai-assistant)\n\n![alt text](https://github.com/ggeop/Python-ai-assistant/blob/master/imgs/jarvis_logo.png)\n\n# About Jarvis - An Intelligent AI Consciousness 🧠\nJarvis is a voice commanding assistant service in [Python 3.8](https://www.python.org/downloads/release/python-360/)\nIt can recognize human speech, talk to user and execute basic commands.\n\n#### Requirements\n\n* Operation system: **Ubuntu 20.04 (Focal Fossa)**\n* Python Version: **3.8.x**\n\n\n#### Assistant Skills \n*   **Opens a web page** (e.g 'Jarvis open youtube')\n*   **Play music in Youtube** (e.g 'Jarvis play mozart')\n*   **Increase/decrease** the speakers master volume (also can set max/mute speakers volume) ** (e.g 'Jarvis volume up!')\n*   **Opens libreoffice suite applications (calc, writer, impress)** (e.g 'Jarvis open calc')\n*   **Tells about something**, by searching on the internet (e.g 'Jarvis tells me about oranges')\n*   **Tells the weather** for a place (e.g 'Jarvis tell_the_skills me the weather in London')\n*   **Tells the current time and/or date** (e.g 'Jarvis tell me time or date')\n*   **Set an alarm** (e.g 'Jarvis create a new alarm')\n*   **Tells the internet speed (ping, uplink and downling)** (e.g 'Jarvis tell_the_skills me the internet speed')\n*   **Tells the internet availability** (e.g 'Jarvis is the internet connection ok?')\n*   **Tells the daily news** (e.g 'Jarvis tell me today news')\n*   **Spells a word** (e.g 'Jarvis spell me the word animal')\n*   **Creates a reminder** (e.g 'Jarvis create a 10 minutes reminder')\n*   **Opens linux applications** (e.g 'Jarvis open bash/firefox')\n*   **Tells everything it can do** (e.g 'Jarvis tell me your skills or tell me what can you do')\n*   **Tells the current location** (e.g 'Jarvis tell me your current location')\n*   **Tells how much memory consumes** (e.g 'Jarvis tell me your memory consumption)\n*   **Tells users commands history** (e.g 'Jarvis tell me my history')\n*   **Write/tell 'remember' and enable learning mode and add new responses on demand!** (e.g 'Jarvis remember')\n*   **Clear bash console** (e.g 'Jarvis clear console')\n*   **Has help command, which prints all the skills with their descriptions** (e.g 'Jarvis help')\n*   **Do basic calculations** (e.g 'Jarvis (5 + 6) * 8' or 'Jarvis one plus one')\n*   **Change settings on runtime** (e.g 'Jarvis change settings')\n\n#### Assistant Features\n*   **Asynchronous command execution & speech recognition and interpretation**\n*   Supports **two different user input modes (text or speech)**, user can write or speek in the mic.\n*   Answers in **general questions** (via call Wolfram API), e.g ('Jarvis tell me the highest building') \n*   **Change input mode on run time**, triggered by a phrase e.g 'Jarvis change settings')\n*   Easy **voice-command customization**\n*   Configurable **assistant name** (e.g 'Jarvis', 'Sofia', 'John' etc.) (change on run time supported)\n*   **Log preview** in console\n*   **Vocal or/and text response**\n*   **Keeps commands history and learned skills** in MongoDB.'\n\n## Getting Started\n### Create KEYs for third party APIs\nJarvis assistant uses third party APIs for speech recognition,web information search, weather forecasting etc.\nAll the following APIs have free no-commercial API calls. Subscribe to the following APIs in order to take FREE access KEYs.\n*   [OpenWeatherMap](https://openweathermap.org/appid): API for weather forecast.\n*   [WolframAlpha](https://developer.wolframalpha.com/portal/myapps/): API for answer questions.\n*   [IPSTACK](https://ipstack.com/signup/free): API for current location.\n### Setup Jarvis in Ubuntu/Debian system\n* Download the Jarvis repo locally:\n```bash\ngit clone https://github.com/ggeop/Jarvis.git --branch master\n```\n\n**For Contribution**:\n```bash\ngit clone https://github.com/ggeop/Jarvis.git --branch develop\n```\n\n*   Change working directory\n```bash\ncd Jarvis\n```\n*   Setup Jarvis and system dependencies:\n```bash\nbash setup.sh\n```\n\n*   Put the Keys in settings\n\n**NOTE:** *For better experience, before you start the application you can put the free KEYs in the settings.py*\n\n```bash\nnano Jarvis/src/jarvis/jarvis/setting.py\n```\n\n### Start voice commanding assistant\n![alt text](https://github.com/ggeop/Jarvis/blob/master/imgs/Jarvis_printscreen.PNG)\n\n*   Start the assistant service:\n```bash\nbash run_jarvis.sh\n```\n\n### How to add a new Skill to assistant\nYou can easily add a new skill in two steps.\n*   Create a new configuration SKILLS in **skills/registry.py**\n```python\n{ \n  'enable': True,\n  'func': Skills.new_skill,\n  'tags': 'tag1, tag2',\n  'description': 'skill description..'\n}               \n```\n*   Create a new skill module in **skills/collection**\n\n### Decision Model\n![alt text](https://github.com/ggeop/Jarvis/blob/master/imgs/desicion_model.png)\n\n### Extract skill\nThe skill extraction implement in a matrix of [TF-IDF features](https://scikit-learn.org/stable/modules/generated/sklearn.feature_extraction.text.TfidfVectorizer.html) for each skill.\nIn the following example he have a dimensional space with three skills.\nThe user input analyzed in this space and by using a similarity metric (e.g cosine) we find the most similar skill.\n![alt text](https://github.com/ggeop/Jarvis/blob/master/imgs/skill_space_desicion.png)\n\n---\n\n## Contributing\n* Pull Requests (PRs) are welcome :relaxed:\n* The process for contribution is the following:\n    * Clone the project\n    * Checkout `develop` branch and create a feature branch e.g `feature_branch`\n    * Open a PR to `develop`\n    * Wait for review and approval !!\n    * `master` branch update and release is automated via [Travis CI/CD](https://app.travis-ci.com/github/ggeop/Python-ai-assistant)\n* Try to follow PEP-8 guidelines and add useful comments!\n\n## CI/CD Flow\n![alt text](https://github.com/ggeop/Python-ai-assistant/blob/master/imgs/TravisFlow.png)\n\n## 🔗 Related Projects\n\nIf you enjoy this virtual assistant, you might also be interested in my other AI-powered project: [DataDialogue](https://github.com/ggeop/DataDialogueLLM)\n\nTransform the way you interact with databases through natural conversations! DataDialogue enables anyone to:\n\n- 💬 **Query databases using natural language**\n- 📊 **Get instant data visualizations**\n- 🔍 **Explore data without SQL knowledge**\n- 🤝 **Bridge the gap between data and business users**\n\n<div align=\"center\">\n<div style=\"position: relative; display: inline-block; width: fit-content;\">\n  <a href=\"https://www.youtube.com/watch?v=breOr5o7r3Y\" style=\"text-decoration: none;\">\n    <img src=\"https://github.com/ggeop/DataDialogueLLM/blob/main/media/imgs/data_dialogue_agent_responses.png\" alt=\"DataDialogue Demo\" width=\"600\" style=\"display: block; border-radius: 8px; box-shadow: 0 4px 14px rgba(0, 0, 0, 0.1);\"/>\n  </a>\n</div>\n</div>\n\n"
    },
    "latest_release_at": "2021-10-11T22:23:03+00:00",
    "bot_like_contribs": 1,
    "human_contribs": 8,
    "run_ts": "2025-10-02T05:35:04.835410+00:00"
  },
  {
    "full_name": "amancevice/docker-superset",
    "html_url": "https://github.com/amancevice/docker-superset",
    "description": "Docker image for Airbnb's Superset",
    "language": "Dockerfile",
    "stars": 984,
    "forks": 418,
    "open_issues": 45,
    "owner_type": "User",
    "created_at": "2016-11-11T12:27:42+00:00",
    "pushed_at": "2025-07-22T18:04:20+00:00",
    "default_branch": "main",
    "docs": {
      "README.md": "# Superset\n\n![version](https://img.shields.io/docker/v/amancevice/superset?color=blue&label=version&logo=docker&logoColor=eee&sort=semver&style=flat-square)\n[![latest](https://img.shields.io/github/actions/workflow/status/amancevice/docker-superset/latest.yml?branch=main&label=latest&logo=github&style=flat-square)](https://github.com/amancevice/docker-superset/actions/workflows/latest.yml)\n\nDocker image for [Superset](https://github.com/ApacheInfra/superset).\n\nThis project is unofficial and not related to Superset or Apache.\n\n## Download\n\nDownload this image from the Docker registry:\n\n```bash\ndocker pull amancevice/superset:<version>\n```\n\n## Building\n\nI **DO NOT** recommend building this image directly from the Dockerfile included in this repository.\n\nIf you wish to extend this image then the best course of action is to write your own Dockerfile that extends this image. Eg,\n\n```Dockerfile\nFROM amancevice/superset:<version>\nUSER root\n# Your changes...\nUSER superset\n```\n\n## Issues\n\nPlease **ONLY** file issues in this project that are related to Docker and **DO** include the Docker commands or compose configuration of your setup when filing issues (be sure to hide any secrets/passwords before submitting).\n\nFile issues/bugs with Superset at the [source](https://github.com/apache/superset).\n\nPlease **DO NOT** files issues like \"Please include `<some-python-pip>` in the Dockerfile,\" open a [pull request](https://github.com/amancevice/superset/pulls) for updates/enhancements.\n\n## Examples\n\nNavigate to the [`examples`](./examples) directory to view examples of how to configure Superset with MySQL, PostgreSQL, or SQLite.\n\n## Versions\n\nThis repo is tagged in parallel with superset. Pulling `amancevice/superset:0.18.5` will fetch the image of this repository running superset version `0.18.5`. It is possible that the `latest` tag includes new features/support libraries but will usually be in sync with the latest semantic version.\n\n## Configuration\n\nFollow the [instructions](https://superset.incubator.apache.org/installation.html#configuration) provided by Apache Superset for writing your own `superset_config.py`. Place this file in a local directory and mount this directory to `/etc/superset` inside the container. This location is included in the image's `PYTHONPATH`. Mounting this file to a different location is possible, but it will need to be in the `PYTHONPATH`.\n\nView the contents of the [`examples`](./examples) directory to see some simple `superset_config.py` samples.\n\n## Volumes\n\nThe image defines two data volumes: one for mounting configuration into the container, and one for data (logs, SQLite DBs, &c).\n\nThe configuration volume is located alternatively at `/etc/superset` or `/home/superset`; either is acceptable. Both of these directories are included in the `PYTHONPATH` of the image. Mount any configuration (specifically the `superset_config.py` file) here to have it read by the app on startup.\n\nThe data volume is located at `/var/lib/superset` and it is where you would mount your SQLite file (if you are using that as your backend), or a volume to collect any logs that are routed there. This location is used as the value of the `SUPERSET_HOME` environmental variable.\n\n## Database Initialization\n\nAfter starting the Superset server, initialize the database with an admin user and Superset tables using the `superset-init` helper script:\n\n```bash\ndocker run --detach --name superset [options] amancevice/superset\ndocker exec -it superset superset-init\n```\n\n## Upgrading\n\nUpgrading to a newer version of superset can be accomplished by re-pulling `amancevice/superset`at a specified superset version or `latest` (see above for more on this). Remove the old container and re-deploy, making sure to use the correct environmental configuration. Finally, ensure the superset database is migrated up to the head:\n\n```bash\n# Pull desired version\ndocker pull amancevice/superset\n\n# Remove the current container\ndocker rm -f superset-old\n\n# Deploy a new container ...\ndocker run --detach --name superset-new [options] amancevice/superset\n\n# Upgrade the DB\ndocker exec superset-new superset db upgrade\n\n# Sync the base permissions\ndocker exec superset-new superset init\n```\n"
    },
    "latest_release_at": "2025-07-22T14:51:36+00:00",
    "bot_like_contribs": 1,
    "human_contribs": 34,
    "run_ts": "2025-10-02T05:35:04.835410+00:00"
  },
  {
    "full_name": "loktar00/react-lazy-load",
    "html_url": "https://github.com/loktar00/react-lazy-load",
    "description": "React component that renders children elements when they enter the viewport.",
    "language": "TypeScript",
    "stars": 984,
    "forks": 165,
    "open_issues": 20,
    "owner_type": "User",
    "created_at": "2015-02-28T23:37:34+00:00",
    "pushed_at": "2024-10-14T15:10:54+00:00",
    "default_branch": "master",
    "docs": {
      "README.md": "React Lazy Load Component\n=========================\n\nReact Lazy Load is an easy-to-use React component which helps you defer loading content in predictable way. It's fast, You can also use component inside scrolling container, such as div with scrollbar. It will be found automatically. Check out an example.\n\n[![build status](https://img.shields.io/travis/loktar00/react-lazy-load.svg?style=flat-square)](https://travis-ci.org/loktar00/react-lazy-load)\n[![npm downloads](https://img.shields.io/npm/dm/react-lazy-load.svg?style=flat-square)](https://www.npmjs.com/package/react-lazy-load)\n\n## 4.0 Update\nConverted to work with React 18, and updated to use the [Intersection Observer API](https://developer.mozilla.org/en-US/docs/Web/API/Intersection_Observer_API).\n\n### Breaking changes\n* No more debunce, or throttle options as they aren't needed\n* Removed individual offset props, offset can be used just like css margin, eg. `offset={'0px 10px 200px 0px'}` or `offset={100}`\n\n### Improvements\nSince we're now using the intersection observer we don't need to watch a user scroll, more importantly we don't have to manually calculate if a user can see the element or not.\nAlso took this oppourtunity to convert over to TS.\n\n## Installation\nReact Lazy Load requires **React 17 or later.**\n\n```\nnpm i -S react-lazy-load\n```\n\n## Examples\n* [In Repo](https://github.com/loktar00/react-lazy-load/tree/master/examples/basic)\n\n## Examples\n\n### Basic Usage\n```jsx\nimport React from 'react';\nimport LazyLoad from 'react-lazy-load';\n\nconst MyComponent = () => (\n  <div>\n    <LazyLoad height={762}>\n      <img src='http://apod.nasa.gov/apod/image/1502/HDR_MVMQ20Feb2015ouellet1024.jpg' />\n    </LazyLoad>\n  </div>\n)\n```\n\n### Loading the image 300px prior to scroll\n\n```jsx\nconst MyComponent = () => (\n  <div>\n    <LazyLoad height={762} offset={300}>\n      <img src='http://apod.nasa.gov/apod/image/1502/HDR_MVMQ20Feb2015ouellet1024.jpg' />\n    </LazyLoad>\n  </div>\n)\n```\n\n### Loading image only when 95% of it is in the viewport. **note** a width must be specified.\n\n```jsx\nconst MyComponent = () => (\n  <div>\n    <LazyLoad height={762} width={400} threshold={0.95}>\n      <img src='http://apod.nasa.gov/apod/image/1502/HDR_MVMQ20Feb2015ouellet1024.jpg' />\n    </LazyLoad>\n  </div>\n)\n```\n\n### Performing a side effect once your image is loaded\n\n```jsx\nconst MyComponent = () => (\n  <div>\n    <LazyLoad height={762} width={400} threshold={0.95} onContentVisible={() => {console.log('loaded!')}}>\n      <img src='http://apod.nasa.gov/apod/image/1502/HDR_MVMQ20Feb2015ouellet1024.jpg' />\n    </LazyLoad>\n  </div>\n)\n```\n\n\n### Example controlling element transition\n\nThere are two primary classes you an use to control the component `LazyLoad` and `is-visible`\n\n\n```css\n/* Example of how to fade our content in */\n\n.LazyLoad {\n  opacity: 0;\n  transition: all 1s ease-in-out;\n}\n\n.is-visible {\n  opacity: 1;\n}\n```\n\n## Props\n\n#### offset\nType: `Number|String` Default: `0`\n\nThe `offset` option allows you to specify how far below, above, to the left, and to the right of the viewport you want to _begin_ displaying your content. If you specify `0`, your content will be displayed as soon as it is visible in the viewport, if you want to load _1000px_ below or above the viewport, use `1000`.\n\n#### threshold\nType: `Number` Default: `0`\n\nThis `threshold` option allows you to specify how much of the element must be shown on the screen prior to loading. This requires a _width_ and _height_ to be set on the `<LazyLoad>` component in order for the browser to calcualte the viewable area.\n\n#### height\nType: `String|Number`\n\nThe `height` option allows you to set the element's height even when it has no content.\n\n#### width\nType: `String|Number`\n\nThe `width` option allows you to set the element's width even when it has no content.\n\n#### onContentVisible\nType `Function`\n\nA callback function to execute when the content appears on the screen.\n\n\n## Building LazyLoad\n\n```\nnpm run build\n```\n\n## Running examples\n\n```\ncd examples/basic\nnpm run dev\n```\n\n\n\n"
    },
    "latest_release_at": "2022-09-01T20:37:36+00:00",
    "bot_like_contribs": 0,
    "human_contribs": 23,
    "run_ts": "2025-10-02T05:35:04.835410+00:00"
  },
  {
    "full_name": "sibson/redbeat",
    "html_url": "https://github.com/sibson/redbeat",
    "description": "RedBeat is a Celery Beat Scheduler that stores the scheduled tasks and runtime metadata in Redis.",
    "language": "Python",
    "stars": 992,
    "forks": 137,
    "open_issues": 30,
    "owner_type": "User",
    "created_at": "2015-08-20T05:10:07+00:00",
    "pushed_at": "2025-07-02T13:08:14+00:00",
    "default_branch": "main",
    "docs": {
      "README.rst": "RedBeat\n=======\n\n.. image:: https://img.shields.io/pypi/pyversions/celery-redbeat.svg\n   :target: https://pypi.python.org/pypi/celery-redbeat\n   :alt: Python Versions\n\n.. image:: https://img.shields.io/pypi/v/celery-redbeat.svg\n   :target: https://pypi.python.org/pypi/celery-redbeat\n   :alt: PyPI Package\n\n.. image:: https://github.com/sibson/redbeat/workflows/RedBeat%20CI/badge.svg\n   :target: https://github.com/sibson/redbeat/actions\n   :alt: Actions Status\n\n.. image:: https://readthedocs.org/projects/redbeat/badge/?version=latest&style=flat\n   :target: https://redbeat.readthedocs.io/en/latest/\n   :alt: ReadTheDocs\n\n.. image:: https://img.shields.io/badge/code%20style-black-000000.svg\n   :target: https://github.com/psf/black\n   :alt: Code style: black\n\n`RedBeat <https://github.com/sibson/redbeat>`_ is a\n`Celery Beat Scheduler <http://celery.readthedocs.org/en/latest/userguide/periodic-tasks.html>`_\nthat stores the scheduled tasks and runtime metadata in `Redis <http://redis.io/>`_.\n\nWhy RedBeat?\n-------------\n\n#. Dynamic live task creation and modification, without lengthy downtime\n#. Externally manage tasks from any language with Redis bindings\n#. Shared data store; Beat isn't tied to a single drive or machine\n#. Fast startup even with a large task count\n#. Prevent accidentally running multiple Beat servers\n\nFor more background on the genesis of RedBeat see this `blog post <https://blog.heroku.com/redbeat-celery-beat-scheduler>`_\n\nGetting Started\n---------------\n\nInstall with pip:\n\n.. code-block:: console\n\n    pip install celery-redbeat\n\nConfigure RedBeat settings in your Celery configuration file:\n\n.. code-block:: python\n\n    redbeat_redis_url = \"redis://localhost:6379/1\"\n\nThen specify the scheduler when running Celery Beat:\n\n.. code-block:: console\n\n    celery beat -A <celery_app_file_path>.<celery_app_instance_name> -S redbeat.RedBeatScheduler\n\nIf using the embedded beat in a worker process (like in development), specify the scheduler like so:\n\n.. code-block:: console\n\n    celery worker --beat --scheduler redbeat.RedBeatScheduler ...\n\nRedBeat uses a distributed lock to prevent multiple instances running.\nTo disable this feature, set:\n\n.. code-block:: python\n\n    redbeat_lock_key = None\n\nMore details available on `Read the Docs <https://redbeat.readthedocs.io/en/latest/>`_\n\nDevelopment\n--------------\nRedBeat is available on `GitHub <https://github.com/sibson/redbeat>`_\n\nOnce you have the source you can run the tests with the following commands::\n\n    pip install -r requirements-dev.txt\n    python -m unittest discover tests\n\nYou can also quickly fire up a sample Beat instance with::\n\n    celery beat --config exampleconf\n"
    },
    "latest_release_at": "2025-07-02T13:08:13+00:00",
    "bot_like_contribs": 0,
    "human_contribs": 31,
    "run_ts": "2025-10-02T05:35:04.835410+00:00"
  },
  {
    "full_name": "yangxy/PASD",
    "html_url": "https://github.com/yangxy/PASD",
    "description": "[ECCV2024] Pixel-Aware Stable Diffusion for Realistic Image Super-Resolution and Personalized Stylization",
    "language": "Python",
    "stars": 997,
    "forks": 69,
    "open_issues": 59,
    "owner_type": "User",
    "created_at": "2023-09-04T14:32:11+00:00",
    "pushed_at": "2024-09-23T02:58:40+00:00",
    "default_branch": "main",
    "docs": {
      "README.md": "# Pixel-Aware Stable Diffusion for Realistic Image Super-Resolution and Personalized Stylization (ECCV2024)\n\n[Paper](https://arxiv.org/abs/2308.14469)\n\n[Tao Yang](https://cg.cs.tsinghua.edu.cn/people/~tyang)<sup>1</sup>, Rongyuan Wu<sup>2</sup>, Peiran Ren<sup>3</sup>, Xuansong Xie<sup>3</sup>, [Lei Zhang](https://www4.comp.polyu.edu.hk/~cslzhang)<sup>2</sup>  \n_<sup>1</sup>ByteDance Inc._  \n_<sup>2</sup>Department of Computing, The Hong Kong Polytechnic University_  \n_<sup>3</sup>DAMO Academy, Alibaba Group_  \n\n## News\n(2024-9-4) [PASD-SDXL](https://huggingface.co/yangtao9009/PASD-SDXL) are now publicly available. Please have a try via ```python3 test_pasd_sdxl.py```!\n\n(2024-8-15) PASD-SDXL will be released soon. It surpasses the PASD-SD1.5 a lot. Stay tuned!\n<img src=\"samples/RealPhoto60_06.png\" width=\"390px\"/> <img src=\"samples/RealPhoto60_22.png\" width=\"390px\"/>\n<img src=\"samples/RealPhoto60_09.png\" width=\"390px\"/> <img src=\"samples/RealPhoto60_56.png\" width=\"390px\"/>\n\n(2024-7-1) Accepted by ECCV2024. A new version of our paper will be updated soon.\n\n(2024-3-18) Please have a try on our colorization model via ```python test_pasd.y --pasd_model_path runs/pasd_color/checkpoint-180000 --control_type grayscale --high_level_info caption --use_pasd_light```. You should use the noise scheduler provided in ```runs/pasd_color/scheduler``` which has been updated to ensure zero-terminal SNR in order to avoid the leaking residual signal from RGB image during training. Please read the updated paper for more details.\n\n(2024-3-18) We have updated the [paper](https://arxiv.org/abs/2308.14469v3). The [weights](https://huggingface.co/yangtao9009/PASD) and [datasets](https://huggingface.co/datasets/yangtao9009/PASD_dataset) are now available on Huggingface.\n\n(2024-1-16) You may also want to check our new updates [SeeSR](https://github.com/cswry/seesr) and [Phantom](https://github.com/dreamoving/Phantom). \n\n(2023-10-20) Add additional noise level via ```--added_noise_level``` and the SR result achieves a great balance between \"extremely-detailed\" and \"over-smoothed\". Very interesting!. You can control the SR's detail level freely. \n\n(2023-10-18) Completely solved the [issues](https://github.com/yangxy/PASD/issues/16) by initializing latents with input LR images. Interestingly, the SR results also become much more stable.\n\n(2023-10-11) [Colab demo](https://colab.research.google.com/drive/1lZ_-rSGcmreLCiRniVT973x6JLjFiC-b?usp=sharing) is now available. Credits to [Masahide Okada](https://github.com/MasahideOkada).\n\n(2023-10-09) Add training dataset.\n\n(2023-09-28) Add tiled latent to allow upscaling ultra high-resolution images. Please carefully set ```latent_tiled_size``` as well as ```--decoder_tiled_size``` when upscaling large images.\n\n(2023-09-12) Add Gradio demo.\n\n(2023-09-11) Upload pre-trained models.\n\n(2023-09-07) Upload source codes.\n\n## Our model can do various tasks. Hope you can enjoy it.\n\n## Realistic Image SR\n<img src=\"samples/frog.gif\" width=\"390px\"/> <img src=\"samples/house.gif\" width=\"390px\"/>\n\n## Old photo restoration\n<img src=\"samples/629e4da70703193b.gif\" width=\"390px\" height=\"520\"/> <img src=\"samples/27d38eeb2dbbe7c9.gif\" width=\"390px\" height=\"520\"/>\n\n## Personalized Stylization\n<img src=\"samples/000020x2.gif\" width=\"390px\"/> <img src=\"samples/000067x2.gif\" width=\"390px\"/>\n\n## Colorization\n<img src=\"samples/000004x2.gif\" width=\"390px\"/> <img src=\"samples/000080x2.gif\" width=\"390px\"/>\n\n## Installation\n### Installation using pip\nThe package is not yet hosted in PyPI, so please install from github:\n```\n#pip install torch  # required by xformers, which is unavailable on Mac\n\npip install git+https://github.com/yangxy/PASD.git\n#or: pip install git+ssh://git@github.com/yangxy/PASD.git\n```\nDownload checkpoint config files from `main` branch to local directory `./checkpoints`:\n```\nwget -O - https://github.com/yangxy/PASD/archive/main.tar.gz | tar xz --strip=1 \"PASD-main/checkpoints\"\n```\nAfter this, download model pickle files to the `./checkpoints` and you'll be able to create models via `from_pretrained()`.\n\n## Development\n- Clone this repository:\n```bash\ngit clone https://github.com/yangxy/PASD.git\ncd PASD\npip install -e .\n```\n\n- Download SD1.5 models from [huggingface](https://huggingface.co/runwayml/stable-diffusion-v1-5) and put them into ``checkpoints/stable-diffusion-v1-5``. \n\n- Prepare training datasets. Please check ``dataloader/localdataset.py`` and ``dataloader/webdataset.py`` carefully and set the paths correctly. We highly recommend to use ``dataloader/webdataset.py``.\n\n- Download our training dataset. [DIV2K_train_HR](http://public-vigen-video.oss-cn-shanghai.aliyuncs.com/robin/data/SR_data/tars/pngtxt/DIV2K_train_HR.tar.gz?OSSAccessKeyId=LTAI4G6bfnyW4TA4wFUXTYBe&Expires=2012200038&Signature=pS4wwrAMm3wdlpU%2BxYKUsOkrgjA%3D) | [DIV8K-0](http://public-vigen-video.oss-cn-shanghai.aliyuncs.com/robin/data/SR_data/tars/pngtxt/DIV8K-0.tar.gz?OSSAccessKeyId=LTAI4G6bfnyW4TA4wFUXTYBe&Expires=2012200091&Signature=JJBUqbfNoOLnzGp9mFNDFJsUh%2Fk%3D) | [DIV8K-1](http://public-vigen-video.oss-cn-shanghai.aliyuncs.com/robin/data/SR_data/tars/pngtxt/DIV8K-1.tar.gz?OSSAccessKeyId=LTAI4G6bfnyW4TA4wFUXTYBe&Expires=2012200121&Signature=ou0ooaSaGVtMx0tFN3rZEx236s8%3D) | [DIV8K-2](http://public-vigen-video.oss-cn-shanghai.aliyuncs.com/robin/data/SR_data/tars/pngtxt/DIV8K-2.tar.gz?OSSAccessKeyId=LTAI4G6bfnyW4TA4wFUXTYBe&Expires=2012200150&Signature=5FQeeqxX%2Fzb9%2FhnwTklz8N34hKI%3D) | [DIV8K-3](http://public-vigen-video.oss-cn-shanghai.aliyuncs.com/robin/data/SR_data/tars/pngtxt/DIV8K-3.tar.gz?OSSAccessKeyId=LTAI4G6bfnyW4TA4wFUXTYBe&Expires=2012200175&Signature=h08kXBnZ9%2FTFpxU%2F5apBQvVMuic%3D) | [DIV8K-4](http://public-vigen-video.oss-cn-shanghai.aliyuncs.com/robin/data/SR_data/tars/pngtxt/DIV8K-4.tar.gz?OSSAccessKeyId=LTAI4G6bfnyW4TA4wFUXTYBe&Expires=2012200201&Signature=6wz8PREaNkykhZ%2BAZeoeGO3Jm4Y%3D) | [DIV8K-5](http://public-vigen-video.oss-cn-shanghai.aliyuncs.com/robin/data/SR_data/tars/pngtxt/DIV8K-5.tar.gz?OSSAccessKeyId=LTAI4G6bfnyW4TA4wFUXTYBe&Expires=2012200226&Signature=uCWbd2jaJsAoYFKtr7nlWQ3WiOY%3D) | [FFHQ_5K](http://public-vigen-video.oss-cn-shanghai.aliyuncs.com/robin/data/SR_data/tars/pngtxt/FFHQ_5K.tar.gz?OSSAccessKeyId=LTAI4G6bfnyW4TA4wFUXTYBe&Expires=2012200266&Signature=GBDovtNCqRR2nNz%2B4UKlmpVfJtE%3D) | [Flickr2K_HR-0](http://public-vigen-video.oss-cn-shanghai.aliyuncs.com/robin/data/SR_data/tars/pngtxt/Flickr2K_HR-0.tar.gz?OSSAccessKeyId=LTAI4G6bfnyW4TA4wFUXTYBe&Expires=2012200304&Signature=vu7uOdZdLB5uSbdBKbsBMnmnjvQ%3D) | [Flickr2K_HR-1](http://public-vigen-video.oss-cn-shanghai.aliyuncs.com/robin/data/SR_data/tars/pngtxt/Flickr2K_HR-1.tar.gz?OSSAccessKeyId=LTAI4G6bfnyW4TA4wFUXTYBe&Expires=2012200331&Signature=9ID3bgjXfR7xt5zUDfNkRG50DQc%3D) | [Flickr2K_HR-2](http://public-vigen-video.oss-cn-shanghai.aliyuncs.com/robin/data/SR_data/tars/pngtxt/Flickr2K_HR-2.tar.gz?OSSAccessKeyId=LTAI4G6bfnyW4TA4wFUXTYBe&Expires=2012200371&Signature=Zww60FOUIX%2Bysg%2FJaaM%2BvdK5ePk%3D) | [OST_animal](http://public-vigen-video.oss-cn-shanghai.aliyuncs.com/robin/data/SR_data/tars/pngtxt/OST_animal.tar.gz?OSSAccessKeyId=LTAI4G6bfnyW4TA4wFUXTYBe&Expires=2012200402&Signature=QnIJVqzwBITZW%2FNTatRxaKiyjaY%3D) | [OST_building](http://public-vigen-video.oss-cn-shanghai.aliyuncs.com/robin/data/SR_data/tars/pngtxt/OST_building.tar.gz?OSSAccessKeyId=LTAI4G6bfnyW4TA4wFUXTYBe&Expires=2012200430&Signature=W9AYnjnoftY8YF2NII6hx9Xf%2B0o%3D) | [OST_grass](http://public-vigen-video.oss-cn-shanghai.aliyuncs.com/robin/data/SR_data/tars/pngtxt/OST_grass.tar.gz?OSSAccessKeyId=LTAI4G6bfnyW4TA4wFUXTYBe&Expires=2012200460&Signature=qoy%2FNAJUxOdVqYb6CpL4gt9aYxo%3D) | [OST_mountain](http://public-vigen-video.oss-cn-shanghai.aliyuncs.com/robin/data/SR_data/tars/pngtxt/OST_mountain.tar.gz?OSSAccessKeyId=LTAI4G6bfnyW4TA4wFUXTYBe&Expires=2012200477&Signature=si3mNDvz2ZxIyoLbyuZmIOvzctE%3D) | [OST_plant](http://public-vigen-video.oss-cn-shanghai.aliyuncs.com/robin/data/SR_data/tars/pngtxt/OST_plant.tar.gz?OSSAccessKeyId=LTAI4G6bfnyW4TA4wFUXTYBe&Expires=2012200510&Signature=jz%2BZeVmeoi6Lu9CQHId6XZhyyk8%3D) | [OST_sky](http://public-vigen-video.oss-cn-shanghai.aliyuncs.com/robin/data/SR_data/tars/pngtxt/OST_sky.tar.gz?OSSAccessKeyId=LTAI4G6bfnyW4TA4wFUXTYBe&Expires=2012200533&Signature=YWdVSXe9gKAVSm2pZgtBr1NQyp4%3D) | [OST_water](http://public-vigen-video.oss-cn-shanghai.aliyuncs.com/robin/data/SR_data/tars/pngtxt/OST_water.tar.gz?OSSAccessKeyId=LTAI4G6bfnyW4TA4wFUXTYBe&Expires=2012200558&Signature=%2FGtrRmYFt6xOURPFR836IqXO7Q0%3D) | [Unsplash2K](http://public-vigen-video.oss-cn-shanghai.aliyuncs.com/robin/data/SR_data/tars/pngtxt/Unsplash2K.tar.gz?OSSAccessKeyId=LTAI4G6bfnyW4TA4wFUXTYBe&Expires=2012200614&Signature=SF1XLJp8swA3O2Rr1eYI%2FLCNg2U%3D)\n\n- Train a PASD.\n```bash\nbash ./train_pasd.sh\n```\nif you want to train pasd_light, use ``--use_pasd_light``.\n\n- Test PASD.\n\nDownload our pre-trained models [pasd](https://public-vigen-video.oss-cn-shanghai.aliyuncs.com/robin/models/PASD/pasd.zip) | [pasd_rrdb](https://public-vigen-video.oss-cn-shanghai.aliyuncs.com/robin/models/PASD/pasd_rrdb.zip) | [pasd_light](https://public-vigen-video.oss-cn-shanghai.aliyuncs.com/robin/models/PASD/pasd_light.zip) | [pasd_light_rrdb](https://public-vigen-video.oss-cn-shanghai.aliyuncs.com/robin/models/PASD/pasd_light_rrdb.zip), and put them into ``runs/``. \n\n```bash\npip install -r requirements-test.txt  # install additional dependencies\npython test_pasd.py # --use_pasd_light --use_personalized_model\n```\nPlease read the arguments in ``test_pasd.py`` carefully. We adopt the tiled vae method proposed by [multidiffusion-upscaler-for-automatic1111](https://github.com/pkuliyi2015/multidiffusion-upscaler-for-automatic1111) to save GPU memory.\n\nPlease try ``--use_personalized_model`` for personalized stylizetion, old photo restoration and real-world SR. Set ``--conditioning_scale`` for different stylized strength. \n\nWe use personalized models including [majicMIX realistic](https://civitai.com/models/43331/)(for SR and restoration), [ToonYou](https://civitai.com/models/30240/)(for stylization) and [modern disney style](https://huggingface.co/nitrosocke/mo-di-diffusion)(``unet`` only, for stylization). You can download more from communities and put them into ``checkpoints/personalized_models``.\n\nIf the default setting does not yield good results, try different ``--pasd_model_path``, ``--seed``, ``--prompt``, ``--upscale``, or ``--high_level_info`` to get better performance.\n\n- Gradio Demo\n```bash\npython gradio_pasd.py\n```\n\n## Main idea\n<img src=\"samples/pasd_arch.png\" width=\"780px\"/>\n\n## Citation\nIf our work is useful for your research, please consider citing:\n\n    @inproceedings{yang2023pasd,\n\t    title={Pixel-Aware Stable Diffusion for Realistic Image Super-Resolution and Personalized Stylization},\n\t    author={Tao Yang, Rongyuan Wu, Peiran Ren, Xuansong Xie, and Lei Zhang},\n\t    booktitle={The European Conference on Computer Vision (ECCV) 2024},\n\t    year={2023}\n    }\n\n## Acknowledgments\nOur project is based on [diffusers](https://github.com/huggingface/diffusers).\n\n## Contact\nIf you have any questions or suggestions about this paper, feel free to reach me at yangtao9009@gmail.com."
    },
    "latest_release_at": null,
    "bot_like_contribs": 0,
    "human_contribs": 4,
    "run_ts": "2025-10-02T05:35:04.835410+00:00"
  }
]