[
  {
    "full_name": "kodecocodes/swift-algorithm-club",
    "asof": "2025-09-01T00:00:00+00:00",
    "run_ts": "2025-10-03T14:51:12.149452+00:00",
    "comment_dump_index": {
      "repo_index": "mined/comments_365d/shard_20/kodecocodes__swift-algorithm-club/index.json",
      "shard_manifest": "mined/comments_365d/shard_20.comments.index.json",
      "counts": {
        "issue": 3,
        "review": 0,
        "total": 3
      },
      "pr_count_dumped": 4
    },
    "readme_words": 0,
    "docs_md_count": 0,
    "has_contributing": true,
    "has_coc": false,
    "has_issue_template": true,
    "has_pr_template": true,
    "has_codeowners": false,
    "has_maintainers": false,
    "has_governance": false,
    "has_workflows": false,
    "workflows_count": 0,
    "discussions_enabled": false,
    "onboarding_surfaces_count": 3,
    "pr_merge_rate_90": null,
    "denom_prs_90": 0,
    "censor_days": 7,
    "maintainer_first_reply_median_hrs_365": 1438.3483333333334,
    "pr_with_human_maint_comment_rate_365": 0.333,
    "maintainer_to_author_comment_ratio_365": 1.0,
    "links_per_comment_365": 0.0,
    "denom_prs_comment_window_365": 3,
    "count_prs_with_maint_comment_365": 1,
    "count_maintainer_comments_365": 1,
    "count_author_comments_365": 0,
    "count_human_comments_365": 3,
    "count_links_365": 0,
    "convo_readability_feats": {
      "n_words": 9,
      "n_sents": 2,
      "flesch_reading_ease": 117.67,
      "avg_sentence_len": 4.5,
      "code_block_count": 0,
      "heading_count": 0,
      "passive_hits": 0
    },
    "convo_broken_link_ratio_365": 0.0,
    "R_convo_rule_365": 4.0,
    "newcomers_strict_window": 3,
    "total_prs_in_window": 3,
    "conversion_1m": 0.0,
    "denom_conv_1m": 3,
    "conversion_3m": 0.0,
    "denom_conv_3m": 3,
    "conversion_6m": 0.0,
    "denom_conv_6m": 2,
    "additional_prs_1m": {
      "sum": 0,
      "avg": 0.0,
      "median": 0.0
    },
    "additional_prs_3m": {
      "sum": 0,
      "avg": 0.0,
      "median": 0.0
    },
    "additional_prs_6m": {
      "sum": 0,
      "avg": 0.0,
      "median": 0.0
    },
    "retention_1m": 0.0,
    "denom_ret_1m": 3,
    "retention_3m": 0.0,
    "denom_ret_3m": 3,
    "retention_6m": 0.0,
    "denom_ret_6m": 2,
    "newcomer_became_merger_ever_rate": null,
    "newcomer_became_merger_ever_count": 0,
    "denom_newcomer_became_merger_ever": 0
  },
  {
    "full_name": "zed-industries/zed",
    "asof": "2025-09-01T00:00:00+00:00",
    "run_ts": "2025-10-03T14:51:12.149452+00:00",
    "comment_dump_index": {
      "repo_index": "mined/comments_365d/shard_20/zed-industries__zed/index.json",
      "shard_manifest": "mined/comments_365d/shard_20.comments.index.json",
      "counts": {
        "issue": 14938,
        "review": 4362,
        "total": 19300
      },
      "pr_count_dumped": 11812
    },
    "readme_words": 349,
    "docs_md_count": 1,
    "has_contributing": true,
    "has_coc": true,
    "has_issue_template": false,
    "has_pr_template": false,
    "has_codeowners": false,
    "has_maintainers": false,
    "has_governance": false,
    "has_workflows": true,
    "workflows_count": 20,
    "discussions_enabled": true,
    "onboarding_surfaces_count": 4,
    "pr_merge_rate_90": null,
    "denom_prs_90": 0,
    "censor_days": 7,
    "maintainer_first_reply_median_hrs_365": 13.383611111111112,
    "pr_with_human_maint_comment_rate_365": 0.225,
    "maintainer_to_author_comment_ratio_365": 0.885,
    "links_per_comment_365": 0.275,
    "denom_prs_comment_window_365": 11525,
    "count_prs_with_maint_comment_365": 2595,
    "count_maintainer_comments_365": 5860,
    "count_author_comments_365": 6623,
    "count_human_comments_365": 14936,
    "count_links_365": 4106,
    "convo_readability_feats": {
      "n_words": 19789,
      "n_sents": 1445,
      "flesch_reading_ease": 69.02,
      "avg_sentence_len": 13.69,
      "code_block_count": 217,
      "heading_count": 1,
      "passive_hits": 101
    },
    "convo_broken_link_ratio_365": 0.45,
    "R_convo_rule_365": 4.3,
    "newcomers_strict_window": 936,
    "total_prs_in_window": 10505,
    "conversion_1m": 0.23,
    "denom_conv_1m": 851,
    "conversion_3m": 0.288,
    "denom_conv_3m": 688,
    "conversion_6m": 0.317,
    "denom_conv_6m": 451,
    "additional_prs_1m": {
      "sum": 570,
      "avg": 0.67,
      "median": 0.0
    },
    "additional_prs_3m": {
      "sum": 1186,
      "avg": 1.724,
      "median": 0.0
    },
    "additional_prs_6m": {
      "sum": 1728,
      "avg": 3.831,
      "median": 0.0
    },
    "retention_1m": 0.087,
    "denom_ret_1m": 851,
    "retention_3m": 0.061,
    "denom_ret_3m": 688,
    "retention_6m": 0.064,
    "denom_ret_6m": 451,
    "newcomer_became_merger_ever_rate": 1.0,
    "newcomer_became_merger_ever_count": 14,
    "denom_newcomer_became_merger_ever": 14
  },
  {
    "full_name": "opentofu/manifesto",
    "asof": "2025-09-01T00:00:00+00:00",
    "run_ts": "2025-10-03T14:51:12.149452+00:00",
    "comment_dump_index": {
      "repo_index": "mined/comments_365d/shard_20/opentofu__manifesto/index.json",
      "shard_manifest": "mined/comments_365d/shard_20.comments.index.json",
      "counts": {
        "issue": 4,
        "review": 0,
        "total": 4
      },
      "pr_count_dumped": 7
    },
    "readme_words": 127,
    "docs_md_count": 0,
    "has_contributing": false,
    "has_coc": false,
    "has_issue_template": false,
    "has_pr_template": false,
    "has_codeowners": false,
    "has_maintainers": false,
    "has_governance": false,
    "has_workflows": true,
    "workflows_count": 1,
    "discussions_enabled": true,
    "onboarding_surfaces_count": 1,
    "pr_merge_rate_90": null,
    "denom_prs_90": 0,
    "censor_days": 7,
    "maintainer_first_reply_median_hrs_365": null,
    "pr_with_human_maint_comment_rate_365": 0.0,
    "maintainer_to_author_comment_ratio_365": 0.0,
    "links_per_comment_365": 0.0,
    "denom_prs_comment_window_365": 3,
    "count_prs_with_maint_comment_365": 0,
    "count_maintainer_comments_365": 0,
    "count_author_comments_365": 2,
    "count_human_comments_365": 2,
    "count_links_365": 0,
    "convo_readability_feats": {
      "n_words": 17,
      "n_sents": 3,
      "flesch_reading_ease": 76.67,
      "avg_sentence_len": 5.67,
      "code_block_count": 0,
      "heading_count": 0,
      "passive_hits": 0
    },
    "convo_broken_link_ratio_365": 0.0,
    "R_convo_rule_365": 4.0,
    "newcomers_strict_window": 2,
    "total_prs_in_window": 3,
    "conversion_1m": 0.0,
    "denom_conv_1m": 2,
    "conversion_3m": 0.0,
    "denom_conv_3m": 2,
    "conversion_6m": 0.0,
    "denom_conv_6m": 2,
    "additional_prs_1m": {
      "sum": 0,
      "avg": 0.0,
      "median": 0.0
    },
    "additional_prs_3m": {
      "sum": 0,
      "avg": 0.0,
      "median": 0.0
    },
    "additional_prs_6m": {
      "sum": 0,
      "avg": 0.0,
      "median": 0.0
    },
    "retention_1m": 0.0,
    "denom_ret_1m": 2,
    "retention_3m": 0.0,
    "denom_ret_3m": 2,
    "retention_6m": 0.0,
    "denom_ret_6m": 2,
    "newcomer_became_merger_ever_rate": null,
    "newcomer_became_merger_ever_count": 0,
    "denom_newcomer_became_merger_ever": 0
  },
  {
    "full_name": "bevyengine/bevy",
    "asof": "2025-09-01T00:00:00+00:00",
    "run_ts": "2025-10-03T14:51:12.149452+00:00",
    "comment_dump_index": {
      "repo_index": "mined/comments_365d/shard_20/bevyengine__bevy/index.json",
      "shard_manifest": "mined/comments_365d/shard_20.comments.index.json",
      "counts": {
        "issue": 13366,
        "review": 17296,
        "total": 30662
      },
      "pr_count_dumped": 4550
    },
    "readme_words": 1122,
    "docs_md_count": 5,
    "has_contributing": true,
    "has_coc": true,
    "has_issue_template": true,
    "has_pr_template": false,
    "has_codeowners": false,
    "has_maintainers": false,
    "has_governance": false,
    "has_workflows": true,
    "workflows_count": 14,
    "discussions_enabled": true,
    "onboarding_surfaces_count": 5,
    "pr_merge_rate_90": null,
    "denom_prs_90": 0,
    "censor_days": 7,
    "maintainer_first_reply_median_hrs_365": 4.573611111111111,
    "pr_with_human_maint_comment_rate_365": 0.555,
    "maintainer_to_author_comment_ratio_365": 1.254,
    "links_per_comment_365": 0.104,
    "denom_prs_comment_window_365": 3857,
    "count_prs_with_maint_comment_365": 2140,
    "count_maintainer_comments_365": 9826,
    "count_author_comments_365": 7836,
    "count_human_comments_365": 21006,
    "count_links_365": 2187,
    "convo_readability_feats": {
      "n_words": 18351,
      "n_sents": 1287,
      "flesch_reading_ease": 55.47,
      "avg_sentence_len": 14.26,
      "code_block_count": 315,
      "heading_count": 3,
      "passive_hits": 115
    },
    "convo_broken_link_ratio_365": 0.5,
    "R_convo_rule_365": 3.3,
    "newcomers_strict_window": 377,
    "total_prs_in_window": 3516,
    "conversion_1m": 0.263,
    "denom_conv_1m": 353,
    "conversion_3m": 0.329,
    "denom_conv_3m": 307,
    "conversion_6m": 0.42,
    "denom_conv_6m": 219,
    "additional_prs_1m": {
      "sum": 257,
      "avg": 0.728,
      "median": 0.0
    },
    "additional_prs_3m": {
      "sum": 384,
      "avg": 1.251,
      "median": 0.0
    },
    "additional_prs_6m": {
      "sum": 470,
      "avg": 2.146,
      "median": 0.0
    },
    "retention_1m": 0.113,
    "denom_ret_1m": 353,
    "retention_3m": 0.088,
    "denom_ret_3m": 307,
    "retention_6m": 0.078,
    "denom_ret_6m": 219,
    "newcomer_became_merger_ever_rate": null,
    "newcomer_became_merger_ever_count": 0,
    "denom_newcomer_became_merger_ever": 0
  },
  {
    "full_name": "nwjs/nw.js",
    "asof": "2025-09-01T00:00:00+00:00",
    "run_ts": "2025-10-03T14:51:12.149452+00:00",
    "comment_dump_index": {
      "repo_index": "mined/comments_365d/shard_20/nwjs__nw.js/index.json",
      "shard_manifest": "mined/comments_365d/shard_20.comments.index.json",
      "counts": {
        "issue": 13,
        "review": 2,
        "total": 15
      },
      "pr_count_dumped": 8
    },
    "readme_words": 989,
    "docs_md_count": 1,
    "has_contributing": false,
    "has_coc": false,
    "has_issue_template": true,
    "has_pr_template": false,
    "has_codeowners": false,
    "has_maintainers": false,
    "has_governance": false,
    "has_workflows": false,
    "workflows_count": 0,
    "discussions_enabled": false,
    "onboarding_surfaces_count": 3,
    "pr_merge_rate_90": null,
    "denom_prs_90": 0,
    "censor_days": 7,
    "maintainer_first_reply_median_hrs_365": null,
    "pr_with_human_maint_comment_rate_365": 0.0,
    "maintainer_to_author_comment_ratio_365": null,
    "links_per_comment_365": 0.0,
    "denom_prs_comment_window_365": 4,
    "count_prs_with_maint_comment_365": 0,
    "count_maintainer_comments_365": 0,
    "count_author_comments_365": 0,
    "count_human_comments_365": 0,
    "count_links_365": 0,
    "convo_readability_feats": {
      "n_words": 0,
      "n_sents": 1,
      "flesch_reading_ease": 0.0,
      "avg_sentence_len": 0.0,
      "code_block_count": 0,
      "heading_count": 0,
      "passive_hits": 0
    },
    "convo_broken_link_ratio_365": 0.0,
    "R_convo_rule_365": 3.0,
    "newcomers_strict_window": 3,
    "total_prs_in_window": 4,
    "conversion_1m": 0.0,
    "denom_conv_1m": 3,
    "conversion_3m": 0.0,
    "denom_conv_3m": 1,
    "conversion_6m": 0.0,
    "denom_conv_6m": 1,
    "additional_prs_1m": {
      "sum": 0,
      "avg": 0.0,
      "median": 0.0
    },
    "additional_prs_3m": {
      "sum": 0,
      "avg": 0.0,
      "median": 0.0
    },
    "additional_prs_6m": {
      "sum": 0,
      "avg": 0.0,
      "median": 0.0
    },
    "retention_1m": 0.0,
    "denom_ret_1m": 3,
    "retention_3m": 0.0,
    "denom_ret_3m": 1,
    "retention_6m": 0.0,
    "denom_ret_6m": 1,
    "newcomer_became_merger_ever_rate": null,
    "newcomer_became_merger_ever_count": 0,
    "denom_newcomer_became_merger_ever": 0
  }
]