[
  {
    "full_name": "zxing/zxing",
    "language": "Java",
    "owner_type": "Org",
    "stars": 33614,
    "pushed_at": "2025-09-29T13:57:42+00:00",
    "latest_release_at": "2024-01-31T00:37:17+00:00",
    "bot_like_contribs": 1,
    "human_contribs": 59,
    "R": 3.0,
    "A": 3.5,
    "C": 3.1,
    "score": 3.18,
    "readability_feats": {
      "n_words": 1028,
      "n_sents": 102,
      "flesch_reading_ease": 53.74,
      "avg_sentence_len": 10.08,
      "code_block_count": 0,
      "heading_count": 18,
      "passive_hits": 15
    },
    "completeness_sections": {
      "overview": true,
      "install": false,
      "quickstart": false,
      "dev_setup": false,
      "testing": true,
      "contrib": true,
      "coc": false,
      "troubleshooting": true,
      "release": false
    },
    "broken_link_ratio": 0.05,
    "rationale": {
      "readability": "Flesch=53.74 ASL=10.08 code_blocks=0",
      "actuality": "broken_link_ratio=0.05, months_since_push=-0.95",
      "completeness": "sections_present=['contrib', 'overview', 'testing', 'troubleshooting']"
    },
    "run_ts": "2025-10-02T23:47:12.001072+00:00"
  },
  {
    "full_name": "microsoft/WSL",
    "language": "C++",
    "owner_type": "Org",
    "stars": 29981,
    "pushed_at": "2025-10-02T21:35:25+00:00",
    "latest_release_at": "2025-08-05T21:36:10+00:00",
    "bot_like_contribs": 2,
    "human_contribs": 58,
    "R": 3.5,
    "A": 3.5,
    "C": 4.3,
    "score": 3.74,
    "readability_feats": {
      "n_words": 1739,
      "n_sents": 150,
      "flesch_reading_ease": 51.21,
      "avg_sentence_len": 11.59,
      "code_block_count": 8,
      "heading_count": 23,
      "passive_hits": 6
    },
    "completeness_sections": {
      "overview": true,
      "install": true,
      "quickstart": false,
      "dev_setup": false,
      "testing": true,
      "contrib": true,
      "coc": true,
      "troubleshooting": true,
      "release": true
    },
    "broken_link_ratio": 0.35,
    "rationale": {
      "readability": "Flesch=51.21 ASL=11.59 code_blocks=8",
      "actuality": "broken_link_ratio=0.35, months_since_push=-1.05",
      "completeness": "sections_present=['coc', 'contrib', 'install', 'overview', 'release', 'testing', 'troubleshooting']"
    },
    "run_ts": "2025-10-02T23:47:12.001072+00:00"
  },
  {
    "full_name": "IceWhaleTech/CasaOS",
    "language": "Go",
    "owner_type": "Org",
    "stars": 31908,
    "pushed_at": "2025-08-06T08:54:04+00:00",
    "latest_release_at": "2025-04-16T06:16:50+00:00",
    "bot_like_contribs": 1,
    "human_contribs": 24,
    "R": 3.5,
    "A": 3.5,
    "C": 4.3,
    "score": 3.74,
    "readability_feats": {
      "n_words": 3300,
      "n_sents": 333,
      "flesch_reading_ease": 44.8,
      "avg_sentence_len": 9.91,
      "code_block_count": 96,
      "heading_count": 25,
      "passive_hits": 14
    },
    "completeness_sections": {
      "overview": true,
      "install": true,
      "quickstart": true,
      "dev_setup": false,
      "testing": false,
      "contrib": true,
      "coc": true,
      "troubleshooting": true,
      "release": true
    },
    "broken_link_ratio": 0.5,
    "rationale": {
      "readability": "Flesch=44.8 ASL=9.91 code_blocks=96",
      "actuality": "broken_link_ratio=0.5, months_since_push=0.82",
      "completeness": "sections_present=['coc', 'contrib', 'install', 'overview', 'quickstart', 'release', 'troubleshooting']"
    },
    "run_ts": "2025-10-02T23:47:12.001072+00:00"
  },
  {
    "full_name": "hyprwm/Hyprland",
    "language": "C++",
    "owner_type": "Org",
    "stars": 30767,
    "pushed_at": "2025-10-02T10:05:55+00:00",
    "latest_release_at": "2025-09-22T20:54:03+00:00",
    "bot_like_contribs": 0,
    "human_contribs": 60,
    "R": 4.5,
    "A": 3.5,
    "C": 3.5,
    "score": 3.9,
    "readability_feats": {
      "n_words": 1536,
      "n_sents": 152,
      "flesch_reading_ease": 60.26,
      "avg_sentence_len": 10.11,
      "code_block_count": 4,
      "heading_count": 20,
      "passive_hits": 6
    },
    "completeness_sections": {
      "overview": true,
      "install": true,
      "quickstart": true,
      "dev_setup": false,
      "testing": false,
      "contrib": true,
      "coc": false,
      "troubleshooting": true,
      "release": false
    },
    "broken_link_ratio": 0.5,
    "rationale": {
      "readability": "Flesch=60.26 ASL=10.11 code_blocks=4",
      "actuality": "broken_link_ratio=0.5, months_since_push=-1.05",
      "completeness": "sections_present=['contrib', 'install', 'overview', 'quickstart', 'troubleshooting']"
    },
    "run_ts": "2025-10-02T23:47:12.001072+00:00"
  },
  {
    "full_name": "mastodon/mastodon",
    "language": "Ruby",
    "owner_type": "Org",
    "stars": 49086,
    "pushed_at": "2025-10-02T15:31:10+00:00",
    "latest_release_at": "2025-09-23T12:33:16+00:00",
    "bot_like_contribs": 4,
    "human_contribs": 56,
    "R": 3.5,
    "A": 3.5,
    "C": 5.0,
    "score": 3.95,
    "readability_feats": {
      "n_words": 2724,
      "n_sents": 238,
      "flesch_reading_ease": 35.86,
      "avg_sentence_len": 11.45,
      "code_block_count": 6,
      "heading_count": 39,
      "passive_hits": 20
    },
    "completeness_sections": {
      "overview": true,
      "install": true,
      "quickstart": true,
      "dev_setup": true,
      "testing": true,
      "contrib": true,
      "coc": true,
      "troubleshooting": true,
      "release": true
    },
    "broken_link_ratio": 0.25,
    "rationale": {
      "readability": "Flesch=35.86 ASL=11.45 code_blocks=6",
      "actuality": "broken_link_ratio=0.25, months_since_push=-1.05",
      "completeness": "sections_present=['coc', 'contrib', 'dev_setup', 'install', 'overview', 'quickstart', 'release', 'testing', 'troubleshooting']"
    },
    "run_ts": "2025-10-02T23:47:12.001072+00:00"
  }
]