[
  {
    "full_name": "zxing/zxing",
    "html_url": "https://github.com/zxing/zxing",
    "description": "ZXing (\"Zebra Crossing\") barcode scanning library for Java, Android",
    "language": "Java",
    "stars": 33614,
    "forks": 9420,
    "open_issues": 6,
    "owner_type": "Org",
    "created_at": "2011-10-12T14:07:27+00:00",
    "pushed_at": "2025-09-29T13:57:42+00:00",
    "default_branch": "master",
    "docs": {
      "README.md": "<img align=\"right\" src=\"https://raw.github.com/wiki/zxing/zxing/zxing-logo.png\"/>\n\n## Project in Maintenance Mode Only; Barcode Scanner not available\n\nThe project is in maintenance mode, meaning, changes are driven by contributed patches.\nOnly bug fixes and minor enhancements will be considered. The Barcode Scanner app can\nno longer be published, so it's unlikely any changes will be accepted for it. \nIt does not work with Android 14 and will not be updated. Please don't file an issue for it.\nThere is otherwise no active development or roadmap for this project. It is \"DIY\".\n\n## Get Started Developing\n\nTo get started, please visit: https://github.com/zxing/zxing/wiki/Getting-Started-Developing\n\nZXing (\"zebra crossing\") is an open-source, multi-format 1D/2D barcode image processing\nlibrary implemented in Java, with ports to other languages.\n\n## Supported Formats\n\n| 1D product            | 1D industrial | 2D             |\n|:----------------------|:--------------|:---------------|\n| UPC-A                 | Code 39       | QR Code        |\n| UPC-E                 | Code 93       | Data Matrix    |\n| EAN-8                 | Code 128      | Aztec          |\n| EAN-13                | Codabar       | PDF 417        |\n| UPC/EAN Extension 2/5 | ITF           | MaxiCode       |\n|                       |               | RSS-14         |\n|                       |               | RSS-Expanded   |\n\n## Components\n\n### Active\n\n| Module              | Description\n| ------------------- | -----------\n| core                | The core image decoding library, and test code\n| javase              | JavaSE-specific client code\n| android             | Android client Barcode Scanner \n| android-integration | Supports integration with Barcode Scanner via `Intent`\n| android-core        | Android-related code shared among `android`, other Android apps\n| zxingorg            | The source behind `zxing.org`\n| zxing.appspot.com   | The source behind web-based barcode generator at `zxing.appspot.com`\n\n### Available in previous releases\n\n| Module | Description\n| ------ | -----------\n| [cpp](https://github.com/zxing/zxing/tree/00f634024ceeee591f54e6984ea7dd666fab22ae/cpp)                   | C++ port\n| [iphone](https://github.com/zxing/zxing/tree/00f634024ceeee591f54e6984ea7dd666fab22ae/iphone)             | iPhone client\n| [objc](https://github.com/zxing/zxing/tree/00f634024ceeee591f54e6984ea7dd666fab22ae/objc)                 | Objective C port\n| [actionscript](https://github.com/zxing/zxing/tree/c1df162b95e07928afbd4830798cc1408af1ac67/actionscript) | Partial ActionScript port\n| [jruby](https://github.com/zxing/zxing/tree/a95a8fee842f67fb43799a8e0e70e4c68b509c43/jruby)               | JRuby wrapper\n\n### ZXing-based third-party open source projects\n\n| Module                                                                                    | Description\n| ----------------------------------------------------------------------------------------- | -----------\n| [Barcode-Lib4J](https://github.com/vws-java/Barcode-Lib4J)                                | Java library for printing and exporting 1D/2D barcodes to vector/raster image formats (CMYK+RGB), high precision, DPI awareness, and GS1 validation.\n| [SCodes](https://github.com/scytheStudio/SCodes)                                          | Qt & Qml wrapper\n| [QZXing](https://github.com/ftylitak/qzxing)                                              | port to Qt framework\n| [glassechidna/zxing-cpp](https://github.com/glassechidna/zxing-cpp)                       | port to C++ (forked from the [deprecated official C++ port](https://github.com/zxing/zxing/tree/00f634024ceeee591f54e6984ea7dd666fab22ae/cpp))\n| [zxing-cpp/zxing-cpp](https://github.com/zxing-cpp/zxing-cpp)                             | latest/active port to C++, includes Android, C, iOS, .NET, Rust, Python, WASM and WinRT wrappers\n| [zxing_cpp.rb](https://github.com/glassechidna/zxing_cpp.rb)                              | bindings for Ruby (not just JRuby), powered by [zxing-cpp](https://github.com/glassechidna/zxing-cpp)\n| [jsqrcode](https://github.com/LazarSoft/jsqrcode)                                         | port to JavaScript\n| [python-zxing](https://github.com/oostendo/python-zxing)                                  | bindings for Python\n| [ZXing .NET](https://github.com/micjahn/ZXing.Net)                                        | port to .NET and C#, and related Windows platform\n| [php-qrcode-detector-decoder](https://github.com/khanamiryan/php-qrcode-detector-decoder) | port to PHP\n| [ZXing Delphi](https://github.com/Spelt/ZXing.Delphi)                                     | Port to native Delphi object pascal, targeted at Firemonkey compatible devices (IOS/Android/Win/OSX) and VCL.\n| [ZXingObjC](https://github.com/zxingify/zxingify-objc)                                    | Port to Objective-C\n| [php-zxing](https://github.com/dsiddharth2/php-zxing)                                     | PHP wrapper to Zxing Java library\n| [zxing-js/library](https://github.com/zxing-js/library)                                   | TypeScript port of ZXing library\n| [pyzxing](https://github.com/ChenjieXu/pyzxing)                                           | Python wrapper to ZXing library\n| [zxing-dart](https://github.com/shirne/zxing-dart)                                        | Port to dart\n| [rxing](https://github.com/rxing-core/rxing)                                                | Port to rust\n\n### Other related third-party open source projects\n\n| Module                                         | Description\n| ---------------------------------------------- | -----------\n| [Barcode4J](http://barcode4j.sourceforge.net/) | Generator library in Java\n| [BoofCV](https://boofcv.org) | Generator and reader library in Java\n| [ZBar](http://zbar.sourceforge.net/)           | Reader library in C99\n| [OkapiBarcode](https://github.com/woo-j/OkapiBarcode)  | Generator library in Java |\n\n## Links\n\n  * [Online Decoder](https://zxing.org/w/decode.jspx)\n  * [QR Code Generator](https://zxing.appspot.com/generator)\n  * [Javadoc](https://zxing.github.io/zxing/apidocs/)\n  * [Documentation Site](https://zxing.github.io/zxing/)\n\n## Etcetera\n\n[![codecov](https://codecov.io/gh/zxing/zxing/branch/master/graph/badge.svg?token=6RrJHvUMDl)](https://codecov.io/gh/zxing/zxing)\n\nQR code is trademarked by Denso Wave, inc. Thanks to Haase & Martin OHG for contributing the logo.\n\nOptimized with [![JProfiler](https://www.ej-technologies.com/images/banners/jprofiler_small.png)](https://www.ej-technologies.com/products/jprofiler/overview.html)\n",
      ".github/CONTRIBUTING.md": "## Contributing\n\nThe project is in maintenance mode, meaning, changes are driven by contributed patches.\nOnly bug fixes. The Barcode Scanner app can\nno longer be published, so almost no fixes will be accepted for it.\nThere is otherwise no development or roadmap for this project.\n\nOnly proposed changes in the form of a pull request are likely to be acted on, but,\nthese will be acted on promptly.\n\n### Feature Requests\n\nFeature requests are not accepted.\n\n### Bug Reports\n\nBug reports must have enough detail to understand and reproduce the problem.\nBug reports without an associated pull request will generally be closed.\nHowever, bug reports with a pull request are likely to be merged promptly.\n\n## FAQ\n\nPlease search previous issues for an answer before opening a pull request. A few common ones\nare listed here.\n\n### This doesn't work on later Androids\n\nThe Barcode Scanner app cannot be updated or published further, and will not be updated.\nIt does not work on Android 14+ and will not.\n\n### I get a compilation error\n\nWhile you can check the build status on Github to confirm,\nthe project correctly builds and passes tests at all times.\n90% of the time it's due to using an old version of Java. Version 3.4+ require Java 8.\nUse earlier versions with Java 7 and earlier.\n\n### This barcode doesn't decode\n\nNot all images will decode. All else equal, more is better, but this is not accepted as a bug\nreport. A pull request that makes changes to make the barcode decode without decreasing the net\nnumber of barcodes recognized in the unit tests may be considered.\n\n## Licensing\n\nContributions via GitHub pull requests are gladly accepted from their original author.\nAlong with any pull requests, please state that the contribution is your original work and\nthat you license the work to the project under the project's open source license.\nWhether or not you state this explicitly, by submitting any copyrighted material via\npull request, email, or other means you agree to license the material under the project's\nopen source license and warrant that you have the legal authority to do so.\n"
    },
    "latest_release_at": "2024-01-31T00:37:17+00:00",
    "bot_like_contribs": 1,
    "human_contribs": 59,
    "run_ts": "2025-10-02T23:46:50.576636+00:00"
  },
  {
    "full_name": "microsoft/WSL",
    "html_url": "https://github.com/microsoft/WSL",
    "description": "Windows Subsystem for Linux",
    "language": "C++",
    "stars": 29981,
    "forks": 1489,
    "open_issues": 1012,
    "owner_type": "Org",
    "created_at": "2016-04-06T17:32:56+00:00",
    "pushed_at": "2025-10-02T21:35:25+00:00",
    "default_branch": "master",
    "docs": {
      "README.md": "# Welcome to the Windows Subsystem for Linux (WSL) repository\n\n<p align=\"center\">\n  <img src=\"./Images/Square44x44Logo.targetsize-256.png\" alt=\"WSL logo\"/>\n</p>\n\n[Learn more about WSL](https://aka.ms/wsldocs) | [Downloads & Release notes](https://github.com/microsoft/WSL/releases) | [Contributing to WSL](./CONTRIBUTING.md)\n\n## About\n\nWindows Subsystem for Linux (WSL) is a powerful way for you to run your Linux command-line tools, utilities and applications, all unmodified and directly on Windows without the overhead of a traditional virtual machine or dual boot setup.\n\nYou can install WSL right away by running this command inside of your Windows command line:\n\n```powershell\nwsl --install\n```\n\nYou can learn more about [best practices for setup](https://learn.microsoft.com/windows/wsl/setup/environment), [overviews of WSL](https://learn.microsoft.com/windows/wsl/about) and more at our [WSL documentation page](https://learn.microsoft.com/windows/wsl/).\n\n## Related repositories\n\nWSL also has related open source repositories:\n\n- [microsoft/WSL2-Linux-Kernel](https://github.com/microsoft/WSL2-Linux-Kernel) - The Linux kernel shipped with WSL\n- [microsoft/WSLg](https://github.com/microsoft/wslg) - Support for Linux GUI apps in WSL\n- [microsoftdocs/wsl](https://github.com/microsoftdocs/wsl) - WSL documentation at aka.ms/wsldocs\n\n## Contributing\n\nThis project welcomes contributions of all types, including coding features / bug fixes, documentation fixes, design proposals and more. \n\nWe ask that before you start working on a contribution, please read our [Contributor's Guide](./CONTRIBUTING.md).\n\nFor guidance on developing for WSL, please read the [developer docs](./doc/docs/dev-loop.md) for instructions on how to build WSL from source and details on its architecture.\n\n## Code of Conduct\n\nThis project has adopted the [Microsoft Open Source Code of Conduct](./CODE_OF_CONDUCT.md)\n\n## Trademarks\n\nThis project may contain trademarks or logos for projects, products, or services. Authorized use of Microsoft trademarks or logos is subject to and must follow [Microsoft’s Trademark & Brand Guidelines](https://www.microsoft.com/legal/intellectualproperty/trademarks). Use of Microsoft trademarks or logos in modified versions of this project must not cause confusion or imply Microsoft sponsorship. Any use of third-party trademarks or logos are subject to those third-party’s policies.\n\n## Privacy and telemetry\n\nThe application logs basic diagnostic data (telemetry). For more information on privacy and what we collect, see our [data and privacy documentation](DATA_AND_PRIVACY.md).\n\nThe software may collect information about you and your use of the software and send it to Microsoft. Microsoft may use this information to provide services and improve our products and services. You may turn off the telemetry as described in the repository. There are also some features in the software that may enable you and Microsoft to collect data from users of your applications. If you use these features, you must comply with applicable law, including providing appropriate notices to users of your applications together with a copy of Microsoft’s privacy statement. Our privacy statement is located at https://go.microsoft.com/fwlink/?LinkID=824704. You can learn more about data collection and use in the help documentation and our privacy statement. Your use of the software operates as your consent to these practices.",
      "CONTRIBUTING.md": "# WSL contributing guide\n\nThere are a few main ways to contribute to WSL, with guides to each one:\n\n1. [Add a feature or bugfix to WSL](#add-a-feature-or-bugfix-to-wsl)\n2. [File a WSL issue](#file-a-wsl-issue)\n\n## Add a feature or bugfix to WSL\n\nWe welcome any contributions to the WSL source code to add features or fix bugs! Before you start actually working on the feature, please **[file it as an issue, or a feature request in this repository](https://github.com/microsoft/WSL/issues)** so that we can track it and provide any feedback if necessary.\n\nOnce you have done so, please see [the developer docs](./doc/docs/dev-loop.md) for instructions on how to build WSL locally on your machine for development. \n\nWhen your fix is ready, please [submit it as a pull request in this repository](https://github.com/microsoft/WSL/pulls) and the WSL team will triage and respond to it. Most contributions require you to agree to a Contributor License Agreement (CLA) declaring that you have the right to, and actually do, grant us the rights to use your contribution. For details, visit https://cla.microsoft.com.\n\n## File a WSL issue\n\nYou can file issues for WSL at the WSL repository, or linked repositories. Before filing an issue please search for any existing issues and upvote or comment on those if possible. \n\n1. If your issue is related to WSL documentation, please file it at [microsoftdocs/wsl](https://github.com/microsoftdocs/WSL/issues)\n2. If your issue is related to a Linux GUI app, please file it at [microsoft/wslg](https://github.com/microsoft/wslg/issues)\n3. Otherwise, if you have a technical issue related to WSL in general, such as start up issues, etc., please file it at [microsoft/wsl](https://github.com/microsoft/WSL/issues)\n\nPlease provide as much information as possible when reporting a bug or filing an issue on the Windows Subsystem for Linux, and be sure to include logs as necessary!\n\nPlease see the [notes for collecting WSL logs](#notes-for-collecting-wsl-logs) section below for more info on filing issues.\n\n## Thank you\n\nThank you in advance for your contribution! We appreciate your help in making WSL a better tool for everyone.\n\n## Notes for collecting WSL logs\n\n### Important: Reporting BSODs and Security issues\n**Do not open GitHub issues for Windows crashes (BSODs) or security issues.**. Instead, send Windows crashes or other security-related issues to secure@microsoft.com.\nSee the `10) Reporting a Windows crash (BSOD)` section below for detailed instructions.\n\n### Reporting issues in Windows Console or WSL text rendering/user experience\nNote that WSL distro's launch in the Windows Console (unless you have taken steps to launch a 3rd party console/terminal). Therefore, *please file UI/UX related issues in the [Windows Console issue tracker](https://github.com/microsoft/console)*.\n\n### Collect WSL logs for networking issues\n\nInstall tcpdump in your WSL distribution using the following commands.\nNote: This will not work if WSL has Internet connectivity issues.\n\n```\n# sudo apt-get update\n# sudo apt-get -y install tcpdump\n```\n\nInstall [WPR](https://learn.microsoft.com/windows-hardware/test/wpt/windows-performance-recorder)\n\nTo collect WSL networking logs, do the following steps in an administrative powershell prompt:\n\n```\nInvoke-WebRequest -UseBasicParsing \"https://raw.githubusercontent.com/microsoft/WSL/master/diagnostics/collect-networking-logs.ps1\" -OutFile collect-networking-logs.ps1\nSet-ExecutionPolicy Bypass -Scope Process -Force\n.\\collect-networking-logs.ps1\n```\nThe script will output when log collection starts. Reproduce the problem, then press any key to stop the log collection.\nThe script will output the path of the log file once done.\n\n<!-- Preserving anchors -->\n<div id=\"8-detailed-logs\"></div>\n<div id=\"9-networking-logs\"></div>\n<div id=\"8-collect-wsl-logs-recommended-method\"></div>\n\n\n### Collect WSL logs (recommended method)\n\nIf you choose to email these logs instead of attaching them to the bug, please send them to wsl-gh-logs@microsoft.com with the GitHub issue number in the subject, and include a link to your GitHub issue comment in the message body.\n\nTo collect WSL logs, download and execute [collect-wsl-logs.ps1](https://github.com/Microsoft/WSL/blob/master/diagnostics/collect-wsl-logs.ps1) in an administrative powershell prompt:\n\n```\nInvoke-WebRequest -UseBasicParsing \"https://raw.githubusercontent.com/microsoft/WSL/master/diagnostics/collect-wsl-logs.ps1\" -OutFile collect-wsl-logs.ps1\nSet-ExecutionPolicy Bypass -Scope Process -Force\n.\\collect-wsl-logs.ps1\n```\nThe script will output the path of the log file once done.\n\n### 10) Reporting a Windows crash (BSOD)\n\nTo collect a kernel crash dump, first run the following command in an elevated command prompt:\n\n```\nreg.exe add HKEY_LOCAL_MACHINE\\SYSTEM\\CurrentControlSet\\Control\\CrashControl /v AlwaysKeepMemoryDump  /t REG_DWORD /d 1 /f\n```\n\nThen reproduce the issue, and let the machine crash and reboot.\n\nAfter reboot, the kernel dump will be in `%SystemRoot%\\MEMORY.DMP` (unless this path has been overridden in the advanced system settings).\n\nPlease send this dump to: secure@microsoft.com .\nMake sure that the email body contains:\n\n- The GitHub issue number, if any\n- That this dump is intended for the WSL team\n\n### 11) Reporting a WSL process crash\n\nThe easiest way to report a WSL process crash is by [collecting a user-mode crash dump](https://learn.microsoft.com/windows/win32/wer/collecting-user-mode-dumps).\n\nTo collect dumps of all running WSL processes, please open a PowerShell prompt with admin privileges, navigate to a folder where you'd like to put your log files and run these commands: \n\n```\nInvoke-WebRequest -UseBasicParsing \"https://raw.githubusercontent.com/microsoft/WSL/master/diagnostics/collect-wsl-logs.ps1\" -OutFile collect-wsl-logs.ps1\nSet-ExecutionPolicy Bypass -Scope Process -Force\n.\\collect-wsl-logs.ps1 -Dump\n```\n\nThe script will output the path to the log file when it is done.\n\n#### Enable automatic crash dump collection\n\nIf your crash is sporadic or hard to reproduce, please enable automatic crash dumps to catch logs for this behavior: \n\n```\nmd C:\\crashes\nreg.exe add \"HKEY_LOCAL_MACHINE\\SOFTWARE\\Microsoft\\Windows\\Windows Error Reporting\\LocalDumps\" /f\nreg.exe add \"HKEY_LOCAL_MACHINE\\SOFTWARE\\Microsoft\\Windows\\Windows Error Reporting\\LocalDumps\" /v DumpFolder /t REG_EXPAND_SZ /d C:\\crashes /f\nreg.exe add \"HKEY_LOCAL_MACHINE\\SOFTWARE\\Microsoft\\Windows\\Windows Error Reporting\\LocalDumps\" /v DumpType /t REG_DWORD /d 2 /f\n```\n\nCrash dumps will then automatically be written to C:\\crashes.\n\nOnce you're done, crash dump collection can be disabled by running the following command in an elevated command prompt:\n\n```\nreg.exe delete \"HKEY_LOCAL_MACHINE\\SOFTWARE\\Microsoft\\Windows\\Windows Error Reporting\\LocalDumps\" /f\n```\n\n### 12) Collect wslservice time travel debugging traces\n\nTo collect time travel debugging traces:\n\n1) [Install WinDbg preview](https://apps.microsoft.com/store/detail/windbg-preview/9PGJGD53TN86?hl=en-us&gl=us&rtc=1)\n\n2) Open WinDbg preview as administrator by running `windbgx` in an elevated command prompt\n\n3) Navigate to `file` -> `Attach to process`\n\n4) Check `Record with Time Travel Debugging` (at the bottom right)\n\n4) Check `Show processes from all users` (at the bottom)\n\n5) Select `wslservice.exe`. Note, if wslservice.exe is not running, you make it start it with: `wsl.exe -l`\n\n6) Click `Configure and Record` (write down the folder you chose for the traces)\n\n7) Reproduce the issue\n\n8) Go back to WinDbg and click `Stop and Debug`\n\n9) Once the trace is done collecting, click `Stop Debugging` and close WinDbg\n\n10) Go to the folder where the trace was collected, and locate the .run file. It should look like: `wslservice*.run`\n\n11) Share that file on the issue\n",
      "CODE_OF_CONDUCT.md": "# Microsoft Open Source Code of Conduct\n\nThis project has adopted the [Microsoft Open Source Code of Conduct](https://opensource.microsoft.com/codeofconduct/).\n\nResources:\n\n- [Microsoft Open Source Code of Conduct](https://opensource.microsoft.com/codeofconduct/)\n- [Microsoft Code of Conduct FAQ](https://opensource.microsoft.com/codeofconduct/faq/)\n- Contact [opencode@microsoft.com](mailto:opencode@microsoft.com) with questions or concerns\n"
    },
    "latest_release_at": "2025-08-05T21:36:10+00:00",
    "bot_like_contribs": 2,
    "human_contribs": 58,
    "run_ts": "2025-10-02T23:46:50.576636+00:00"
  },
  {
    "full_name": "IceWhaleTech/CasaOS",
    "html_url": "https://github.com/IceWhaleTech/CasaOS",
    "description": "CasaOS - A simple, easy-to-use, elegant open-source Personal Cloud system.",
    "language": "Go",
    "stars": 31908,
    "forks": 1762,
    "open_issues": 700,
    "owner_type": "Org",
    "created_at": "2021-09-26T02:33:09+00:00",
    "pushed_at": "2025-08-06T08:54:04+00:00",
    "default_branch": "main",
    "docs": {
      "README.md": "# CasaOS - Your Personal Cloud \n<!-- Readme i18n links -->\n<!-- > English | [中文](#) | [Français](#) -->\n\n<p align=\"center\">\n    <!-- CasaOS Banner -->\n    <picture>\n        <source media=\"(prefers-color-scheme: dark)\" srcset=\"https://raw.githubusercontent.com/IceWhaleTech/logo/main/casaos/casaos_banner_dark_night_800x300.png\">\n        <source media=\"(prefers-color-scheme: light)\" srcset=\"https://raw.githubusercontent.com/IceWhaleTech/logo/main/casaos/casaos_banner_twilight_blue_800x300.png\">\n        <img alt=\"CasaOS\" src=\"https://raw.githubusercontent.com/IceWhaleTech/logo/main/casaos/casaos_banner_twilight_blue_800x300.png\">\n    </picture>\n    <br/>\n    <i>Connect with the community, establish autonomy, reduce the cost of SaaS, and MAXIMIZE the potential for a personalized copilot.</i>\n    <br/>\n    <br/>\n    <!-- CasaOS Badges -->\n    <a href=\"https://github.com/IceWhaleTech/CasaOS\" target=\"_blank\">\n        <img alt=\"CasaOS Version\" src=\"https://img.shields.io/github/v/release/IceWhaleTech/CasaOS?color=162453&style=flat-square&label=CasaOS\" />\n    </a>\n    <a href=\"https://github.com/IceWhaleTech/CasaOS/blob/main/LICENSE\" target=\"_blank\">\n        <img alt=\"CasaOS License\" src=\"https://img.shields.io/github/license/IceWhaleTech/CasaOS?color=162453&style=flat-square&label=License\" />\n    </a>\n    <a href=\"https://github.com/IceWhaleTech/CasaOS/pulls\" target=\"_blank\">\n        <img alt=\"CasaOS Pull Requests\" src=\"https://img.shields.io/github/issues-pr/IceWhaleTech/CasaOS?color=162453&style=flat-square&label=PRs\" />\n    </a>\n    <a href=\"https://github.com/IceWhaleTech/CasaOS/issues\" target=\"_blank\">\n        <img alt=\"CasaOS Issues\" src=\"https://img.shields.io/github/issues/IceWhaleTech/CasaOS?color=162453&style=flat-square&label=Issues\" />\n    </a>\n    <a href=\"https://codecov.io/gh/IceWhaleTech/CasaOS\" > \n    <img src=\"https://codecov.io/gh/IceWhaleTech/CasaOS/branch/main/graph/badge.svg?token=l9uMKGlkxM\"/> \n    </a>\n    <a href=\"https://github.com/IceWhaleTech/CasaOS/stargazers\" target=\"_blank\">\n        <img alt=\"CasaOS Stargazers\" src=\"https://img.shields.io/github/stars/IceWhaleTech/CasaOS?color=162453&style=flat-square&label=Stars\" />\n    </a>\n    <!-- <a href=\"https://github.com/IceWhaleTech/CasaOS/releases\" target=\"_blank\">\n    <img alt=\"CasaOS Downloads\" src=\"https://img.shields.io/github/downloads/IceWhaleTech/CasaOS/total?color=162453&style=flat-square\" />\n    </a> -->\n    <br/>\n    <!-- CasaOS Community -->\n    <a href=\"https://discord.gg/knqAbbBbeX\" target=\"_blank\">\n        <img alt=\"IceWhale Discord\" src=\"https://img.shields.io/discord/884667213326463016?color=162453&style=flat-square&label=Discord&logo=discord&logoColor=fff\" />\n    </a>\n    <a href=\"https://github.com/IceWhaleTech/CasaOS/discussions\" target=\"_blank\">\n        <img alt=\"CasaOS GitHub Discussions\" src=\"https://img.shields.io/github/discussions/IceWhaleTech/CasaOS?color=162453&style=flat-square&label=Discussions&logo=github\" />\n    </a>\n<!-- ALL-CONTRIBUTORS-BADGE:START - Do not remove or modify this section -->\n    <a href=\"#credits\">\n        <img alt=\"All Contributors\" src=\"https://img.shields.io/static/v1?label=All%20Contributors&message=15&color=162453&style=flat-square&logo=Handshake&logoColor=fff\" />\n    </a>\n    <!-- CasaOS YouTube -->\n    <a href=\"https://www.youtube.com/channel/UC2zMrUYT17AJhIl9XWZzT8g\" target=\"_blank\">\n        <img alt=\"YouTube Tutorial Views\" src=\"https://img.shields.io/youtube/channel/views/UC2zMrUYT17AJhIl9XWZzT8g?style=flat-square&logo=youtube&logoColor=red&label=YouTube%20Tutorial%20Views\" />\n    </a>\n    <br/>    \n    <a href=\"http://bit.ly/45JQIiL\" target=\"_blank\">\n        <img alt=\"twitter ZimaSpace\" src=\"https://img.shields.io/twitter/follow/ZimaSpace?style=flat-square&logo=X&label=Contact%20Us%20%40%20ZimaSpace&labelColor=555&color=555\" />\n    </a>\n    <a href=\"http://bit.ly/4lgHj7V\" target=\"_blank\">\n        <img alt=\"facebook ZimaSpace\" src=\"https://img.shields.io/badge/ZimaSpace-1877F2?style=flat-square&logo=Facebook&logoColor=fff&label=Contact%20Us&labelColor=555&color=162453\" />\n    </a>\n    <br/>\n    <!-- CasaOS Links -->\n    <a href=\"https://www.casaos.io\" target=\"_blank\">Website</a> |\n    <a href=\"http://demo.casaos.io\" target=\"_blank\">Demo</a> |\n    <a href=\"https://github.com/IceWhaleTech/CasaOS\" target=\"_blank\">GitHub</a>\n    <br/>\n    <br/>\n    <!-- CasaOS Snapshots -->\n    <kbd>\n      <picture>\n          <source media=\"(prefers-color-scheme: dark)\" srcset=\"snapshot-dark.jpg\">\n          <source media=\"(prefers-color-scheme: light)\" srcset=\"snapshot-light.jpg\">\n          <img alt=\"CasaOS Snapshot\" src=\"snapshot-light.jpg\">\n      </picture>\n    </kbd>\n</p>\n\n## Why do you need Personal Cloud?\n\nIn 2020, the team noticed three important trends:\n- The cost of computing power and storage was decreasing fast.\n- A part of cloud computing was moving towards edge computing.\n- The issue of consumer data asset ownership and attribution had been ignored.\n\nBased on these trends, the team proposed a thought experiment internally: what if personal clouds were available under $100 in next five years? This personal cloud would provide a low-cost data collaboration solution as a personal data center, storing and managing data for creators and small organizations. A distributed collaborative computing network can be formed by personal servers located around the world. It could also control and connect all smart devices, providing cross-ecosystem local intelligent services.\n\nFurthermore, the personal cloud could combine personal data to train personalized AI assistants. The idea is that this technology would be an effective way to solve the issue of consumer data asset ownership and , as well as provide a more affordable and efficient computing solution for individuals and small organizations.\n\n> If you think what we are doing is valuable. Please **give us a star ⭐** and **fork it 🤞**!\n\n## Features\n\n- Friendly UI designed for home scenarios\n  - No code, no forms, intuitive, design for humanity\n- Multiple hardware and base system support\n  - ZimaBoard, NUC, RPi, old computers, whatever is available.\n- Selected apps in the app store, one-click installation\n  - Nextcloud, HomeAssistant, AdGuard, Jellyfin, *arr and more!\n- Easily install numerous Docker apps\n  - Over 100,000 apps from the Docker ecosystem can be easily installed\n- Elegant drive and file management\n  - What you see is what you get. No technical background required.\n- Well-designed system/app widgets\n  - What you care about, at a glance. Resource usage, app status, and more!\n\n## Getting Started\n\nCasaOS fully supports ZimaBoard, Intel NUC, and Raspberry Pi. Also, more computers and development boards and fully compatible with Ubuntu, Debian, Raspberry Pi OS, and CentOS with one-liner installation.\n\n### Hardware Compatibility\n\n- amd64 / x86-64\n- arm64\n- armv7\n\n### System Compatibility\n\nOfficial Support\n- Debian 12 (✅ Tested, Recommended)\n- Ubuntu Server 20.04 (✅ Tested)\n- Raspberry Pi OS (✅ Tested)\n\nCommunity Support\n- Elementary 6.1 (✅ Tested)\n- Armbian 22.04 (✅ Tested)\n- Alpine (🚧 Not Fully Tested Yet)\n- OpenWrt (🚧 Not Fully Tested Yet)\n- ArchLinux (🚧 Not Fully Tested Yet)\n\n### Quick Setup CasaOS\n\nFreshly install a system from the list above and run this command:\n\n```sh\nwget -qO- https://get.casaos.io | sudo bash\n```\n\nor\n\n```sh\ncurl -fsSL https://get.casaos.io | sudo bash\n```\n\n### Update CasaOS\n\nCasaOS can be updated from the User Interface (UI), via `Settings ... Update`.  \n\nAlternatively it can be updated from a terminal session.  To update from a terminal session, it must be done either from a secure shell (ssh) session to the device or from a directly attached terminal and keyboard to the device running CasaOS, this cannot be done from the terminal via the CasaOS User Interface (UI).  To update to the latest release of CasaOS from a terminal session run this command:\n\n```sh\nwget -qO- https://get.casaos.io/update | sudo bash\n```\n\nor\n\n```sh\ncurl -fsSL https://get.casaos.io/update | sudo bash\n```\n\nTo determine version of CasaOS from a terminal session run this command:\n\n```sh\ncasaos -v\n```\n\n\n\n### Uninstall CasaOS\n\n\nv0.3.3 or newer\n\n```sh\ncasaos-uninstall\n```\n\nBefore v0.3.3\n\n```sh\ncurl -fsSL https://get.icewhale.io/casaos-uninstall.sh | sudo bash\n```\n\n## Community \n\nThe word Casa comes from the Spanish word for \"home\". Project CasaOS originated as a pre-installed system for the crowdfunded product [ZimaBoard](https://www.zimaboard.com) on Kickstarter.\n\nAfter looking at many systems and software on the market, the team found no server system designed for home scenarios, sadly true.\n\nSo, we set out to build this open-source project to develop CasaOS with our own hands, everyone in the community, and you.\n\nWe believe that through community-driven collaborative innovation and open communication with global developers, we can reshape the digital home experience like never before.\n\n**A warm welcome for you to get help or share great ideas in the [Discord](https://discord.gg/knqAbbBbeX)!**\n\n[![Discord Card](https://discordapp.com/api/guilds/884667213326463016/widget.png?style=banner2)](https://discord.gg/knqAbbBbeX)\n\n## Contributing\n\nCasaOS is a community-driven open source project and the people involved are CasaOS users. That means CasaOS will always need contributions from community members just like you!\n\n- See <https://wiki.casaos.io/en/contribute> for ways of contributing to CasaOS\n- See <https://wiki.casaos.io/en/contribute/development> if you want to be involved in code contribution specifically\n\n\n## Credits\n\nMany thanks to everyone who has helped CasaOS so far!\n\nEveryone's contribution is greatly appreciated. ([Emoji Key](https://allcontributors.org/docs/en/emoji-key))\n\n<!-- ALL-CONTRIBUTORS-LIST:START - Do not remove or modify this section -->\n<!-- prettier-ignore-start -->\n<!-- markdownlint-disable -->\n<table>\n  <tr>\n    <td align=\"center\"><a href=\"https://github.com/jerrykuku\"><img src=\"https://avatars.githubusercontent.com/u/9485680?v=4?s=100\" width=\"100px;\" alt=\"\"/><br /><sub><b>老竭力</b></sub></a><br /><a href=\"https://github.com/IceWhaleTech/CasaOS/commits?author=jerrykuku\" title=\"Code\">💻</a> <a href=\"https://github.com/IceWhaleTech/CasaOS/commits?author=jerrykuku\" title=\"Documentation\">📖</a> <a href=\"#ideas-jerrykuku\" title=\"Ideas, Planning, & Feedback\">🤔</a> <a href=\"#infra-jerrykuku\" title=\"Infrastructure (Hosting, Build-Tools, etc)\">🚇</a> <a href=\"#maintenance-jerrykuku\" title=\"Maintenance\">🚧</a> <a href=\"#platform-jerrykuku\" title=\"Packaging/porting to new platform\">📦</a> <a href=\"#question-jerrykuku\" title=\"Answering Questions\">💬</a> <a href=\"https://github.com/IceWhaleTech/CasaOS/pulls?q=is%3Apr+reviewed-by%3Ajerrykuku\" title=\"Reviewed Pull Requests\">👀</a></td>\n    <td align=\"center\"><a href=\"https://github.com/LinkLeong\"><img src=\"https://avatars.githubusercontent.com/u/13556972?v=4?s=100\" width=\"100px;\" alt=\"\"/><br /><sub><b>link</b></sub></a><br /><a href=\"https://github.com/IceWhaleTech/CasaOS/commits?author=LinkLeong\" title=\"Code\">💻</a> <a href=\"https://github.com/IceWhaleTech/CasaOS/commits?author=LinkLeong\" title=\"Documentation\">📖</a> <a href=\"#ideas-LinkLeong\" title=\"Ideas, Planning, & Feedback\">🤔</a> <a href=\"#infra-LinkLeong\" title=\"Infrastructure (Hosting, Build-Tools, etc)\">🚇</a> <a href=\"#maintenance-LinkLeong\" title=\"Maintenance\">🚧</a> <a href=\"#question-LinkLeong\" title=\"Answering Questions\">💬</a> <a href=\"https://github.com/IceWhaleTech/CasaOS/pulls?q=is%3Apr+reviewed-by%3ALinkLeong\" title=\"Reviewed Pull Requests\">👀</a></td>\n    <td align=\"center\"><a href=\"https://github.com/tigerinus\"><img src=\"https://avatars.githubusercontent.com/u/7172560?v=4?s=100\" width=\"100px;\" alt=\"\"/><br /><sub><b>太戈</b></sub></a><br /><a href=\"https://github.com/IceWhaleTech/CasaOS/commits?author=tigerinus\" title=\"Code\">💻</a> <a href=\"https://github.com/IceWhaleTech/CasaOS/commits?author=tigerinus\" title=\"Documentation\">📖</a> <a href=\"#ideas-tigerinus\" title=\"Ideas, Planning, & Feedback\">🤔</a> <a href=\"#infra-tigerinus\" title=\"Infrastructure (Hosting, Build-Tools, etc)\">🚇</a> <a href=\"#maintenance-tigerinus\" title=\"Maintenance\">🚧</a> <a href=\"#mentoring-tigerinus\" title=\"Mentoring\">🧑‍🏫</a> <a href=\"#security-tigerinus\" title=\"Security\">🛡️</a> <a href=\"#question-tigerinus\" title=\"Answering Questions\">💬</a> <a href=\"https://github.com/IceWhaleTech/CasaOS/pulls?q=is%3Apr+reviewed-by%3Atigerinus\" title=\"Reviewed Pull Requests\">👀</a></td>\n    <td align=\"center\"><a href=\"https://github.com/Lauren-ED209\"><img src=\"https://avatars.githubusercontent.com/u/8243355?v=4?s=100\" width=\"100px;\" alt=\"\"/><br /><sub><b>Lauren</b></sub></a><br /><a href=\"#ideas-Lauren-ED209\" title=\"Ideas, Planning, & Feedback\">🤔</a> <a href=\"#fundingFinding-Lauren-ED209\" title=\"Funding Finding\">🔍</a> <a href=\"#projectManagement-Lauren-ED209\" title=\"Project Management\">📆</a> <a href=\"#question-Lauren-ED209\" title=\"Answering Questions\">💬</a> <a href=\"https://github.com/IceWhaleTech/CasaOS/commits?author=Lauren-ED209\" title=\"Tests\">⚠️</a></td>\n    <td align=\"center\"><a href=\"https://JohnGuan.Cn\"><img src=\"https://avatars.githubusercontent.com/u/3358477?v=4?s=100\" width=\"100px;\" alt=\"\"/><br /><sub><b>John Guan</b></sub></a><br /><a href=\"#blog-JohnGuan\" title=\"Blogposts\">📝</a> <a href=\"#content-JohnGuan\" title=\"Content\">🖋</a> <a href=\"https://github.com/IceWhaleTech/CasaOS/commits?author=JohnGuan\" title=\"Documentation\">📖</a> <a href=\"#ideas-JohnGuan\" title=\"Ideas, Planning, & Feedback\">🤔</a> <a href=\"#eventOrganizing-JohnGuan\" title=\"Event Organizing\">📋</a> <a href=\"#mentoring-JohnGuan\" title=\"Mentoring\">🧑‍🏫</a> <a href=\"#question-JohnGuan\" title=\"Answering Questions\">💬</a> <a href=\"https://github.com/IceWhaleTech/CasaOS/pulls?q=is%3Apr+reviewed-by%3AJohnGuan\" title=\"Reviewed Pull Requests\">👀</a></td>\n    <td align=\"center\"><a href=\"https://blog.tippybits.com\"><img src=\"https://avatars.githubusercontent.com/u/17506770?v=4?s=100\" width=\"100px;\" alt=\"\"/><br /><sub><b>David Tippett</b></sub></a><br /><a href=\"https://github.com/IceWhaleTech/CasaOS/commits?author=dtaivpp\" title=\"Documentation\">📖</a> <a href=\"#ideas-dtaivpp\" title=\"Ideas, Planning, & Feedback\">🤔</a> <a href=\"#question-dtaivpp\" title=\"Answering Questions\">💬</a></td>\n    <td align=\"center\"><a href=\"https://github.com/zarevskaya\"><img src=\"https://avatars.githubusercontent.com/u/60230221?v=4?s=100\" width=\"100px;\" alt=\"\"/><br /><sub><b>Skaya</b></sub></a><br /><a href=\"#mentoring-zarevskaya\" title=\"Mentoring\">🧑‍🏫</a> <a href=\"#question-zarevskaya\" title=\"Answering Questions\">💬</a> <a href=\"#tutorial-zarevskaya\" title=\"Tutorials\">✅</a> <a href=\"#translation-zarevskaya\" title=\"Translation\">🌍</a></td>\n  </tr>\n  <tr>\n    <td align=\"center\"><a href=\"https://github.com/AuthorShin\"><img src=\"https://avatars.githubusercontent.com/u/4959043?v=4?s=100\" width=\"100px;\" alt=\"\"/><br /><sub><b>AuthorShin</b></sub></a><br /><a href=\"https://github.com/IceWhaleTech/CasaOS/commits?author=AuthorShin\" title=\"Tests\">⚠️</a> <a href=\"https://github.com/IceWhaleTech/CasaOS/issues?q=author%3AAuthorShin\" title=\"Bug reports\">🐛</a> <a href=\"#question-AuthorShin\" title=\"Answering Questions\">💬</a> <a href=\"#ideas-AuthorShin\" title=\"Ideas, Planning, & Feedback\">🤔</a></td>\n    <td align=\"center\"><a href=\"https://github.com/baptiste313\"><img src=\"https://avatars.githubusercontent.com/u/93325157?v=4?s=100\" width=\"100px;\" alt=\"\"/><br /><sub><b>baptiste313</b></sub></a><br /><a href=\"#translation-baptiste313\" title=\"Translation\">🌍</a></td>\n    <td align=\"center\"><a href=\"https://github.com/DrMxrcy\"><img src=\"https://avatars.githubusercontent.com/u/58747968?v=4?s=100\" width=\"100px;\" alt=\"\"/><br /><sub><b>DrMxrcy</b></sub></a><br /><a href=\"https://github.com/IceWhaleTech/CasaOS/commits?author=DrMxrcy\" title=\"Tests\">⚠️</a> <a href=\"#ideas-DrMxrcy\" title=\"Ideas, Planning, & Feedback\">🤔</a> <a href=\"#question-DrMxrcy\" title=\"Answering Questions\">💬</a></td>\n    <td align=\"center\"><a href=\"https://github.com/Joooost\"><img src=\"https://avatars.githubusercontent.com/u/12090673?v=4?s=100\" width=\"100px;\" alt=\"\"/><br /><sub><b>Joooost</b></sub></a><br /><a href=\"#ideas-Joooost\" title=\"Ideas, Planning, & Feedback\">🤔</a></td>\n    <td align=\"center\"><a href=\"https://potyarkin.ml\"><img src=\"https://avatars.githubusercontent.com/u/334908?v=4?s=100\" width=\"100px;\" alt=\"\"/><br /><sub><b>Vitaly Potyarkin</b></sub></a><br /><a href=\"#ideas-sio\" title=\"Ideas, Planning, & Feedback\">🤔</a></td>\n    <td align=\"center\"><a href=\"https://github.com/bearfrieze\"><img src=\"https://avatars.githubusercontent.com/u/1023813?v=4?s=100\" width=\"100px;\" alt=\"\"/><br /><sub><b>Bjørn Friese</b></sub></a><br /><a href=\"#ideas-bearfrieze\" title=\"Ideas, Planning, & Feedback\">🤔</a></td>\n    <td align=\"center\"><a href=\"https://github.com/Protektor-Desura\"><img src=\"https://avatars.githubusercontent.com/u/1195496?v=4?s=100\" width=\"100px;\" alt=\"\"/><br /><sub><b>Protektor</b></sub></a><br /><a href=\"https://github.com/IceWhaleTech/CasaOS/issues?q=author%3AProtektor-Desura\" title=\"Bug reports\">🐛</a> <a href=\"#ideas-Protektor-Desura\" title=\"Ideas, Planning, & Feedback\">🤔</a> <a href=\"#question-Protektor-Desura\" title=\"Answering Questions\">💬</a></td>\n  </tr>\n  <tr>\n    <td align=\"center\"><a href=\"https://github.com/llwaini\"><img src=\"https://avatars.githubusercontent.com/u/59589857?v=4?s=100\" width=\"100px;\" alt=\"\"/><br /><sub><b>llwaini</b></sub></a><br /><a href=\"#projectManagement-llwaini\" title=\"Project Management\">📆</a> <a href=\"https://github.com/IceWhaleTech/CasaOS/commits?author=llwaini\" title=\"Tests\">⚠️</a> <a href=\"#tutorial-llwaini\" title=\"Tutorials\">✅</a></td>\n    <td align=\"center\"><a href=\"https://github.com/CorrectRoadH\"><img src=\"https://avatars.githubusercontent.com/u/29306285?v=4?s=100\" width=\"100px;\" alt=\"\"/><br /><sub><b>CorrectRoadH</b></sub></a><br /><a href=\"https://github.com/IceWhaleTech/CasaOS/commits?author=correctroadh\" title=\"Code\">💻</a> <a href=\"https://github.com/IceWhaleTech/CasaOS/commits?author=correctroadh\" title=\"Documentation\">📖</a></td>\n    <td align=\"center\"><a href=\"https://github.com/zhanghengxin\"><img src=\"https://avatars.githubusercontent.com/u/24197448?v=4?s=100\" width=\"100px;\" alt=\"\"/><br /><sub><b>zhanghengxin</b></sub></a><br /><a href=\"https://github.com/IceWhaleTech/CasaOS/commits?author=zhanghengxin\" title=\"Code\">💻</a> <a href=\"https://github.com/IceWhaleTech/CasaOS/commits?author=zhanghengxin\" title=\"Documentation\">📖</a></td>\n  </tr>\n</table>\n\n<!-- markdownlint-restore -->\n<!-- prettier-ignore-end -->\n\n<!-- ALL-CONTRIBUTORS-LIST:END -->\n\nThis project follows the [all-contributors](https://github.com/all-contributors/all-contributors) specification. Contributions of any kind are welcome!\n\n## Changelog\n\nDetailed changes for each release are documented in the [release notes](https://github.com/IceWhaleTech/CasaOS/releases).\n\n---\n\n<p align=\"center\">\n    <a href=\"https://dashboard.trackgit.com/token/l5q8egi92tfhlxd70l2l\">\n        <img src=\"https://us-central1-trackgit-analytics.cloudfunctions.net/token/ping/l5q8egi92tfhlxd70l2l\" alt=\"trackgit-views\" />\n    </a>\n</p>\n",
      "CODE_OF_CONDUCT.md": "# Contributor Covenant Code of Conduct\n\n## Our Pledge\n\nWe as members, contributors, and leaders pledge to make participation in our\ncommunity a harassment-free experience for everyone, regardless of age, body\nsize, visible or invisible disability, ethnicity, sex characteristics, gender\nidentity and expression, level of experience, education, socio-economic status,\nnationality, personal appearance, race, religion, or sexual identity\nand orientation.\n\nWe pledge to act and interact in ways that contribute to an open, welcoming,\ndiverse, inclusive, and healthy community.\n\n## Our Standards\n\nExamples of behavior that contributes to a positive environment for our\ncommunity include:\n\n* Demonstrating empathy and kindness toward other people\n* Being respectful of differing opinions, viewpoints, and experiences\n* Giving and gracefully accepting constructive feedback\n* Accepting responsibility and apologizing to those affected by our mistakes,\n  and learning from the experience\n* Focusing on what is best not just for us as individuals, but for the\n  overall community\n\nExamples of unacceptable behavior include:\n\n* The use of sexualized language or imagery, and sexual attention or\n  advances of any kind\n* Trolling, insulting or derogatory comments, and personal or political attacks\n* Public or private harassment\n* Publishing others' private information, such as a physical or email\n  address, without their explicit permission\n* Other conduct which could reasonably be considered inappropriate in a\n  professional setting\n\n## Enforcement Responsibilities\n\nCommunity leaders are responsible for clarifying and enforcing our standards of\nacceptable behavior and will take appropriate and fair corrective action in\nresponse to any behavior that they deem inappropriate, threatening, offensive,\nor harmful.\n\nCommunity leaders have the right and responsibility to remove, edit, or reject\ncomments, commits, code, wiki edits, issues, and other contributions that are\nnot aligned to this Code of Conduct, and will communicate reasons for moderation\ndecisions when appropriate.\n\n## Scope\n\nThis Code of Conduct applies within all community spaces, and also applies when\nan individual is officially representing the community in public spaces.\nExamples of representing our community include using an official e-mail address,\nposting via an official social media account, or acting as an appointed\nrepresentative at an online or offline event.\n\n## Enforcement\n\nInstances of abusive, harassing, or otherwise unacceptable behavior may be\nreported to the community leaders responsible for enforcement at\nwiki@casaos.io.\nAll complaints will be reviewed and investigated promptly and fairly.\n\nAll community leaders are obligated to respect the privacy and security of the\nreporter of any incident.\n\n## Enforcement Guidelines\n\nCommunity leaders will follow these Community Impact Guidelines in determining\nthe consequences for any action they deem in violation of this Code of Conduct:\n\n### 1. Correction\n\n**Community Impact**: Use of inappropriate language or other behavior deemed\nunprofessional or unwelcome in the community.\n\n**Consequence**: A private, written warning from community leaders, providing\nclarity around the nature of the violation and an explanation of why the\nbehavior was inappropriate. A public apology may be requested.\n\n### 2. Warning\n\n**Community Impact**: A violation through a single incident or series\nof actions.\n\n**Consequence**: A warning with consequences for continued behavior. No\ninteraction with the people involved, including unsolicited interaction with\nthose enforcing the Code of Conduct, for a specified period of time. This\nincludes avoiding interactions in community spaces as well as external channels\nlike social media. Violating these terms may lead to a temporary or\npermanent ban.\n\n### 3. Temporary Ban\n\n**Community Impact**: A serious violation of community standards, including\nsustained inappropriate behavior.\n\n**Consequence**: A temporary ban from any sort of interaction or public\ncommunication with the community for a specified period of time. No public or\nprivate interaction with the people involved, including unsolicited interaction\nwith those enforcing the Code of Conduct, is allowed during this period.\nViolating these terms may lead to a permanent ban.\n\n### 4. Permanent Ban\n\n**Community Impact**: Demonstrating a pattern of violation of community\nstandards, including sustained inappropriate behavior,  harassment of an\nindividual, or aggression toward or disparagement of classes of individuals.\n\n**Consequence**: A permanent ban from any sort of public interaction within\nthe community.\n\n## Attribution\n\nThis Code of Conduct is adapted from the [Contributor Covenant][homepage],\nversion 2.0, available at\nhttps://www.contributor-covenant.org/version/2/0/code_of_conduct.html.\n\nCommunity Impact Guidelines were inspired by [Mozilla's code of conduct\nenforcement ladder](https://github.com/mozilla/diversity).\n\n[homepage]: https://www.contributor-covenant.org\n\nFor answers to common questions about this code of conduct, see the FAQ at\nhttps://www.contributor-covenant.org/faq. Translations are available at\nhttps://www.contributor-covenant.org/translations.\n"
    },
    "latest_release_at": "2025-04-16T06:16:50+00:00",
    "bot_like_contribs": 1,
    "human_contribs": 24,
    "run_ts": "2025-10-02T23:46:50.576636+00:00"
  },
  {
    "full_name": "hyprwm/Hyprland",
    "html_url": "https://github.com/hyprwm/Hyprland",
    "description": "Hyprland is an independent, highly customizable, dynamic tiling Wayland compositor that doesn't sacrifice on its looks.",
    "language": "C++",
    "stars": 30767,
    "forks": 1356,
    "open_issues": 116,
    "owner_type": "Org",
    "created_at": "2022-03-16T19:49:13+00:00",
    "pushed_at": "2025-10-02T10:05:55+00:00",
    "default_branch": "main",
    "docs": {
      "README.md": "<div align = center>\n\n<img src=\"https://raw.githubusercontent.com/hyprwm/Hyprland/main/assets/header.svg\" width=\"750\" height=\"300\" alt=\"banner\">\n\n<br>\n\n[![Badge Workflow]][Workflow]\n[![Badge License]][License] \n![Badge Language] \n[![Badge Pull Requests]][Pull Requests] \n[![Badge Issues]][Issues] \n![Badge Hi Mom]<br>\n\n<br>\n\nHyprland is a 100% independent, dynamic tiling Wayland compositor that doesn't sacrifice on its looks.\n\nIt provides the latest Wayland features, is highly customizable, has all the eyecandy, the most powerful plugins,\neasy IPC, much more QoL stuff than other compositors and more...\n<br>\n<br>\n\n---\n\n**[<kbd> <br> Install <br> </kbd>][Install]** \n**[<kbd> <br> Quick Start <br> </kbd>][Quick Start]** \n**[<kbd> <br> Configure <br> </kbd>][Configure]** \n**[<kbd> <br> Contribute <br> </kbd>][Contribute]**\n\n---\n\n<br>\n\n</div>\n\n# Features\n\n- All of the eyecandy: gradient borders, blur, animations, shadows and much more\n- A lot of customization\n- 100% independent, no wlroots, no libweston, no kwin, no mutter.\n- Custom bezier curves for the best animations\n- Powerful plugin support\n- Built-in plugin manager\n- Tearing support for better gaming performance\n- Easily expandable and readable codebase\n- Fast and active development\n- Not afraid to provide bleeding-edge features\n- Config reloaded instantly upon saving\n- Fully dynamic workspaces\n- Two built-in layouts and more available as plugins\n- Global keybinds passed to your apps of choice\n- Tiling/pseudotiling/floating/fullscreen windows\n- Special workspaces (scratchpads)\n- Window groups (tabbed mode)\n- Powerful window/monitor/layer rules\n- Socket-based IPC\n- Native IME and Input Panels Support\n- and much more...\n\n<br>\n<br>\n\n<div align = center>\n\n# Gallery\n\n<br>\n\n![Preview A]\n\n<br>\n\n![Preview B]\n\n<br>\n\n![Preview C]\n\n<br>\n<br>\n\n</div>\n\n# Special Thanks\n\n<br>\n\n**[wlroots]** - *For powering Hyprland in the past*\n\n**[tinywl]** - *For showing how 2 do stuff*\n\n**[Sway]** - *For showing how 2 do stuff the overkill way*\n\n**[Vivarium]** - *For showing how 2 do stuff the simple way*\n\n**[dwl]** - *For showing how 2 do stuff the hacky way*\n\n**[Wayfire]** - *For showing how 2 do some graphics stuff*\n\n\n<!----------------------------------------------------------------------------->\n\n[Configure]: https://wiki.hypr.land/Configuring/\n[Stars]: https://starchart.cc/hyprwm/Hyprland\n[Hypr]: https://github.com/hyprwm/Hypr\n\n[Pull Requests]: https://github.com/hyprwm/Hyprland/pulls\n[Issues]: https://github.com/hyprwm/Hyprland/issues\n[Todo]: https://github.com/hyprwm/Hyprland/projects?type=beta\n\n[Contribute]: https://wiki.hypr.land/Contributing-and-Debugging/\n[Install]: https://wiki.hypr.land/Getting-Started/Installation/\n[Quick Start]: https://wiki.hypr.land/Getting-Started/Master-Tutorial/\n[Workflow]: https://github.com/hyprwm/Hyprland/actions/workflows/ci.yaml\n[License]: LICENSE\n\n\n<!----------------------------------{ Thanks }--------------------------------->\n\n[Vivarium]: https://github.com/inclement/vivarium\n[WlRoots]: https://gitlab.freedesktop.org/wlroots/wlroots\n[Wayfire]: https://github.com/WayfireWM/wayfire\n[TinyWl]: https://gitlab.freedesktop.org/wlroots/wlroots/-/blob/master/tinywl/tinywl.c\n[Sway]: https://github.com/swaywm/sway\n[DWL]: https://codeberg.org/dwl/dwl\n\n<!----------------------------------{ Images }--------------------------------->\n\n[Preview A]: https://i.ibb.co/XxFY75Mk/greerggergerhtrytghjnyhjn.png\n[Preview B]: https://i.ibb.co/C1yTb0r/falf.png\n[Preview C]: https://i.ibb.co/2Yc4q835/hyprland-preview-b.png\n\n\n<!----------------------------------{ Badges }--------------------------------->\n\n[Badge Workflow]: https://github.com/hyprwm/Hyprland/actions/workflows/ci.yaml/badge.svg\n\n[Badge Issues]: https://img.shields.io/github/issues/hyprwm/Hyprland\n[Badge Pull Requests]: https://img.shields.io/github/issues-pr/hyprwm/Hyprland\n[Badge Language]: https://img.shields.io/github/languages/top/hyprwm/Hyprland\n[Badge License]: https://img.shields.io/github/license/hyprwm/Hyprland\n[Badge Lines]: https://img.shields.io/tokei/lines/github/hyprwm/Hyprland\n[Badge Hi Mom]: https://img.shields.io/badge/Hi-mom!-ff69b4\n",
      "CODE_OF_CONDUCT.md": "## Goal\n\nOur goal is to provide a space where it is safe for everyone to contribute to,\nand get support for, open-source software in a respectful and cooperative\nmanner.\n\nWe value all contributions and want to make this organization and its\nsurrounding community a place for everyone.\n\nAs members, contributors, and everyone else who may participate in the\ndevelopment, we strive to keep the entire experience civil.\n\n## Standards\n\nOur community standards exist in order to make sure everyone feels comfortable\ncontributing to the project(s) together.\n\nOur standards are:\n - Do not harass, attack, or in any other way discriminate against anyone, including\nfor their protected traits, including, but not limited to, sex, religion, race,\nappearance, gender, identity, nationality, sexuality, etc.\n - Do not go off-topic, do not post spam.\n - Treat everyone with respect.\n\nExamples of breaking each rule respectively include:\n - Harassment, bullying or inappropriate jokes about another person.\n - Posting distasteful imagery, trolling, or posting things unrelated to the topic at hand.\n - Treating someone as worse because of their lack of understanding of an issue.\n\n## Enforcement\n\nEnforcement of this CoC is done by the members of the hyprwm organization.\n\nWe, as the organization, will strive our best to keep this community civil and\nfollowing the standards outlined above.\n\n### Reporting incidents\n\nIf you believe an incident of breaking our standards has occurred, but nobody has\ntaken appropriate action, you can privately contact the people responsible for dealing\nwith such incidents in multiple ways:\n\n***E-Mail***\n - `vaxry[at]vaxry.net`\n - `mihai[at]fufexan.net`\n\n***Discord***\n - `@vaxry`\n - `@fufexan`\n\n***Matrix***\n - `@vaxry:matrix.vaxry.net`\n - `@fufexan:matrix.org`\n \nWe, as members, guarantee your privacy and will not share those reports with anyone.\n\n## Enforcement Strategy\n\nDepending on the severity of the infraction, any action from the list below may be applied.\nPlease keep in mind cases are reviewed on a per-case basis and members are the ultimate\ndeciding factor in the type of punishment.\n\nIf the matter would benefit from an outside opinion, a member might reach for more opinions\nfrom people unrelated to the organization, however, the final decision regarding the action\nto be taken is still up to the member.\n\nFor example, if the matter at hand regards a representative of a marginalized group or minority,\nthe member might ask for a first-hand opinion from another representative of such group.\n\n### Correction/Edit\n\nIf your message is found to be misleading or poorly worded, a member might\nedit your message.\n\n### Warning/Deletion\n\nIf your message is found inappropriate, a member might give you a public or private warning,\nand/or delete your message.\n\n### Mute\n\nIf your message is disruptive, or you have been repeatedly violating the standards,\na member might mute (or temporarily ban) you.\n\n### Ban\n\nIf your message is hateful, very disruptive, or other, less serious infractions are repeated\nignoring previous punishments, a member might ban you permanently.\n\n## Scope\n\nThis CoC shall apply to all projects ran under the `hyprwm` organization and all _official_ communities\noutside of GitHub.\n\nHowever, it is worth noting that official communities outside of GitHub might have their own,\nadditional sets of rules.\n",
      "docs/ISSUE_GUIDELINES.md": "# Issue Guidelines\n\nFirst of all, please remember to:\n- Check that your issue is not a duplicate\n- Read the [FAQ](https://wiki.hypr.land/FAQ/)\n- Read the [Configuring Page](https://wiki.hypr.land/Configuring/)\n\n<br/>\n\n# Reporting suggestions\nSuggestions are welcome.\n\nMany features can be implemented using bash scripts and Hyprland sockets, read up on those [Here](https://wiki.hypr.land/IPC). Please do not suggest features that can be implemented as such.\n\n<br/>\n\n# Reporting bugs\n\nAll bug reports should have the following:\n- Steps to reproduce\n- Expected outcome\n- Noted outcome\n\nIf your bug is one that doesn't crash Hyprland, but feels like invalid behavior, that's all you need to say.\n\nIf your bug crashes Hyprland, append additionally:\n- The Hyprland log\n- Your config\n- (v0.22.0beta and up) The Hyprland Crash Report\n- (v0.21.0beta and below) Coredump / Coredump analysis (with a stacktrace)\n\n**Important**: Please do NOT use any package for reporting bugs! Clone and compile from source.\n\n## Obtaining the Hyprland log\nIf you are in a TTY, and the hyprland session that crashed was the last one you launched, the log will be printed with\n```\ncat $XDG_RUNTIME_DIR/hypr/$(ls -t $XDG_RUNTIME_DIR/hypr | head -n 1)/hyprland.log\n```\nfeel free to send it to a file, save, copy, etc.\n\nif you are in a Hyprland session, and you want the log of the last session, use\n```\ncat $XDG_RUNTIME_DIR/hypr/$(ls -t $XDG_RUNTIME_DIR/hypr | head -n 2 | tail -n 1)/hyprland.log\n```\n\nbasically, directories in $XDG_RUNTIME_DIR/hypr are your sessions.\n\n## Obtaining the Hyprland Crash Report (v0.22.0beta and up)\n\nIf you have `$XDG_CACHE_HOME` set, the crash report directory is `$XDG_CACHE_HOME/hyprland`. If not, it's `$HOME/.cache/hyprland`.\n\nGo to the crash report directory and you should find a file named `hyprlandCrashReport[XXXX].txt` where `[XXXX]` is the PID of the process that crashed.\n\nAttach that file to your issue.\n## Obtaining the Hyprland coredump (v0.21.0beta and below)\nIf you are on systemd, you can simply use\n```\ncoredumpctl\n```\nthen go to the end (press END on your keyboard) and remember the PID of the last `Hyprland` occurrence. It's the first number after the time, for example `2891`.\n\nexit coredumpctl (ctrl+c) and use\n```\ncoredumpctl info [PID]\n```\nwhere `[PID]` is the PID you remembered.\n\n## Obtaining the debug Hyprland coredump\nA debug coredump provides more information for debugging and may speed up the process of fixing the bug.\n\nMake sure you're on latest git. Run `git pull --recurse-submodules` to sync everything.\n\n1. [Compile Hyprland with debug mode](http://wiki.hypr.land/Contributing-and-Debugging/#build-in-debug-mode)\n> Note: The config file used will be `hyprlandd.conf` instead of `hyprland.conf`\n\n2. `cd ~`\n3. For your own convenience, launch Hyprland from a tty with the envvar `ASAN_OPTIONS=\"log_path=asan.log\" ~/path/to/Hyprland`\n4. Reproduce the crash. Hyprland should instantly close.\n5. Check out your `~` and find a file called `asan.log.XXXXX` where `XXXXX` will be a number corresponding to the PID of the Hyprland instance that crashed.\n6. That is your coredump. Attach it to your issue.\n"
    },
    "latest_release_at": "2025-09-22T20:54:03+00:00",
    "bot_like_contribs": 0,
    "human_contribs": 60,
    "run_ts": "2025-10-02T23:46:50.576636+00:00"
  },
  {
    "full_name": "mastodon/mastodon",
    "html_url": "https://github.com/mastodon/mastodon",
    "description": "Your self-hosted, globally interconnected microblogging community",
    "language": "Ruby",
    "stars": 49086,
    "forks": 7323,
    "open_issues": 4272,
    "owner_type": "Org",
    "created_at": "2016-02-22T15:01:25+00:00",
    "pushed_at": "2025-10-02T15:31:10+00:00",
    "default_branch": "main",
    "docs": {
      "README.md": "> [!NOTE]\n> Want to learn more about Mastodon?\n> Click below to find out more in a video.\n\n<p align=\"center\">\n  <a style=\"text-decoration:none\" href=\"https://www.youtube.com/watch?v=IPSbNdBmWKE\">\n    <img alt=\"Mastodon hero image\" src=\"https://github.com/user-attachments/assets/ef53f5e9-c0d8-484d-9f53-00efdebb92c3\" />\n  </a>\n</p>\n\n<p align=\"center\">\n  <a style=\"text-decoration:none\" href=\"https://github.com/mastodon/mastodon/releases\">\n    <img src=\"https://img.shields.io/github/release/mastodon/mastodon.svg\" alt=\"Release\" /></a>\n  <a style=\"text-decoration:none\" href=\"https://github.com/mastodon/mastodon/actions/workflows/test-ruby.yml\">\n    <img src=\"https://github.com/mastodon/mastodon/actions/workflows/test-ruby.yml/badge.svg\" alt=\"Ruby Testing\" /></a>\n  <a style=\"text-decoration:none\" href=\"https://crowdin.com/project/mastodon\">\n    <img src=\"https://d322cqt584bo4o.cloudfront.net/mastodon/localized.svg\" alt=\"Crowdin\" /></a>\n</p>\n\nMastodon is a **free, open-source social network server** based on [ActivityPub](https://www.w3.org/TR/activitypub/) where users can follow friends and discover new ones. On Mastodon, users can publish anything they want: links, pictures, text, and video. All Mastodon servers are interoperable as a federated network (users on one server can seamlessly communicate with users from another one, including non-Mastodon software that implements ActivityPub!)\n\n## Navigation\n\n- [Project homepage 🐘](https://joinmastodon.org)\n- [Donate to support development 🎁](https://joinmastodon.org/sponsors#donate)\n  - [View sponsors](https://joinmastodon.org/sponsors)\n- [Blog 📰](https://blog.joinmastodon.org)\n- [Documentation 📚](https://docs.joinmastodon.org)\n- [Official container image 🚢](https://github.com/mastodon/mastodon/pkgs/container/mastodon)\n\n## Features\n\n<img src=\"./app/javascript/images/elephant_ui_working.svg?raw=true\" align=\"right\" width=\"30%\" />\n\n**Part of the Fediverse. Based on open standards, with no vendor lock-in.** - the network goes beyond just Mastodon; anything that implements ActivityPub is part of a broader social network known as [the Fediverse](https://jointhefediverse.net/). You can follow and interact with users on other servers (including those running different software), and they can follow you back.\n\n**Real-time, chronological timeline updates** - updates of people you're following appear in real-time in the UI.\n\n**Media attachments** - upload and view images and videos attached to the updates. Videos with no audio track are treated like animated GIFs; normal videos loop continuously.\n\n**Safety and moderation tools** - Mastodon includes private posts, locked accounts, phrase filtering, muting, blocking, and many other features, along with a reporting and moderation system.\n\n**OAuth2 and a straightforward REST API** - Mastodon acts as an OAuth2 provider, and third party apps can use the REST and Streaming APIs. This results in a [rich app ecosystem](https://joinmastodon.org/apps) with a variety of choices!\n\n## Deployment\n\n### Tech stack\n\n- [Ruby on Rails](https://github.com/rails/rails) powers the REST API and other web pages.\n- [PostgreSQL](https://www.postgresql.org/) is the main database.\n- [Redis](https://redis.io/) and [Sidekiq](https://sidekiq.org/) are used for caching and queueing.\n- [Node.js](https://nodejs.org/) powers the streaming API.\n- [React.js](https://reactjs.org/) and [Redux](https://redux.js.org/) are used for the dynamic parts of the interface.\n- [BrowserStack](https://www.browserstack.com/) supports testing on real devices and browsers. (This project is tested with BrowserStack)\n- [Chromatic](https://www.chromatic.com/) provides visual regression testing. (This project is tested with Chromatic)\n\n### Requirements\n\n- **Ruby** 3.2+\n- **PostgreSQL** 13+\n- **Redis** 7.0+\n- **Node.js** 20+\n\nThis repository includes deployment configurations for **Docker and docker-compose**, as well as for other environments like Heroku and Scalingo. For Helm charts, reference the [mastodon/chart repository](https://github.com/mastodon/chart). A [**standalone** installation guide](https://docs.joinmastodon.org/admin/install/) is available in the main documentation.\n\n## Contributing\n\nMastodon is **free, open-source software** licensed under **AGPLv3**. We welcome contributions and help from anyone who wants to improve the project.\n\nYou should read the overall [CONTRIBUTING](https://github.com/mastodon/.github/blob/main/CONTRIBUTING.md) guide, which covers our development processes.\n\nYou should also read and understand the [CODE OF CONDUCT](https://github.com/mastodon/.github/blob/main/CODE_OF_CONDUCT.md) that enables us to maintain a welcoming and inclusive community. Collaboration begins with mutual respect and understanding.\n\nYou can learn about setting up a development environment in the [DEVELOPMENT](docs/DEVELOPMENT.md) documentation.\n\nIf you would like to help with translations 🌐 you can do so on [Crowdin](https://crowdin.com/project/mastodon).\n\n## LICENSE\n\nCopyright (c) 2016-2025 Eugen Rochko (+ [`mastodon authors`](AUTHORS.md))\n\nLicensed under GNU Affero General Public License as stated in the [LICENSE](LICENSE):\n\n```text\nCopyright (c) 2016-2025 Eugen Rochko & other Mastodon contributors\n\nThis program is free software: you can redistribute it and/or modify it under\nthe terms of the GNU Affero General Public License as published by the Free\nSoftware Foundation, either version 3 of the License, or (at your option) any\nlater version.\n\nThis program is distributed in the hope that it will be useful, but WITHOUT\nANY WARRANTY; without even the implied warranty of MERCHANTABILITY or FITNESS\nFOR A PARTICULAR PURPOSE. See the GNU Affero General Public License for more\ndetails.\n\nYou should have received a copy of the GNU Affero General Public License along\nwith this program. If not, see https://www.gnu.org/licenses/\n```\n",
      "CONTRIBUTING.md": "# Contributing\n\nThank you for considering contributing to Mastodon 🐘\n\nYou can contribute in the following ways:\n\n- Finding and reporting bugs\n- Translating the Mastodon interface into various languages\n- Contributing code to Mastodon by fixing bugs or implementing features\n- Improving the documentation\n\nPlease review the org-level [contribution guidelines] for high-level acceptance\ncriteria guidance and the [DEVELOPMENT] guide for environment-specific details.\n\n## API Changes and Additions\n\nAny changes or additions made to the API should have an accompanying pull\nrequest on our [documentation repository].\n\n## Bug Reports\n\nBug reports and feature suggestions must use descriptive and concise titles and\nbe submitted to [GitHub Issues]. Please use the search function to make sure\nthere are not duplicate bug reports or feature requests.\n\n## Security Issues\n\nIf you believe you have identified a security issue in Mastodon or our own apps,\ncheck [SECURITY].\n\n## Translations\n\nTranslations are community contributed via [Crowdin]. They are periodically\nreviewed and merged into the codebase.\n\n[![Crowdin](https://d322cqt584bo4o.cloudfront.net/mastodon/localized.svg)](https://crowdin.com/project/mastodon)\n\n## Pull Requests\n\n### Size and Scope\n\nOur time is limited and PRs making large, unsolicited changes are unlikely to\nget a response. Changes which link to an existing confirmed issue, or which come\nfrom a \"help wanted\" issue or other request are more likely to be reviewed.\n\nThe smaller and more narrowly focused the changes in a PR are, the easier they\nare to review and potentially merge. If the change only makes sense in some\nlarger context of future ongoing work, note that in the description, but still\naim to keep each distinct PR to a \"smallest viable change\" chunk of work.\n\n### Description of Changes\n\nUnless the Pull Request is about refactoring code, updating dependencies or\nother internal tasks, assume that the audience are not developers, but a\nMastodon user or server admin, and try to describe it from their perspective.\n\nThe final commit in the main branch will carry the title from the PR. The main\nbranch is then fed into the changelog and ultimately into release notes. We try\nto follow the [keepachangelog] spec, and while that does not prescribe how\nexactly the entries ought to be named, starting titles using one of the verbs\n\"Add\", \"Change\", \"Deprecate\", \"Remove\", or \"Fix\" (present tense) is helpful.\n\nExample:\n\n| Not ideal                            | Better                                                        |\n| ------------------------------------ | ------------------------------------------------------------- |\n| Fixed NoMethodError in RemovalWorker | Fix nil error when removing statuses caused by race condition |\n\n### Technical Requirements\n\nPull requests that do not pass automated checks on CI may not be reviewed. In\nparticular, please keep in mind:\n\n- Unit and integration tests (rspec, vitest)\n- Code style rules (rubocop, eslint)\n- Normalization of locale files (i18n-tasks)\n- Relevant accessibility or performance concerns\n\n## Documentation\n\nThe [Mastodon documentation] is a statically generated site that contains guides\nand API docs. Improvements are made via PRs to the [documentation repository].\n\n[contribution guidelines]: https://github.com/mastodon/.github/blob/main/CONTRIBUTING.md\n[Crowdin]: https://crowdin.com/project/mastodon\n[DEVELOPMENT]: docs/DEVELOPMENT.md\n[documentation repository]: https://github.com/mastodon/documentation\n[GitHub Issues]: https://github.com/mastodon/mastodon/issues\n[keepachangelog]: https://keepachangelog.com/en/1.0.0/\n[Mastodon documentation]: https://docs.joinmastodon.org\n[SECURITY]: SECURITY.md\n",
      "CODE_OF_CONDUCT.md": "# Contributor Covenant Code of Conduct\n\n## Our Pledge\n\nWe as members, contributors, and leaders pledge to make participation in our\ncommunity a harassment-free experience for everyone, regardless of age, body\nsize, visible or invisible disability, ethnicity, sex characteristics, gender\nidentity and expression, level of experience, education, socio-economic status,\nnationality, personal appearance, race, caste, color, religion, or sexual\nidentity and orientation.\n\nWe pledge to act and interact in ways that contribute to an open, welcoming,\ndiverse, inclusive, and healthy community.\n\n## Our Standards\n\nExamples of behavior that contributes to a positive environment for our\ncommunity include:\n\n- Demonstrating empathy and kindness toward other people\n- Being respectful of differing opinions, viewpoints, and experiences\n- Giving and gracefully accepting constructive feedback\n- Accepting responsibility and apologizing to those affected by our mistakes,\n  and learning from the experience\n- Focusing on what is best not just for us as individuals, but for the overall\n  community\n\nExamples of unacceptable behavior include:\n\n- The use of sexualized language or imagery, and sexual attention or advances of\n  any kind\n- Trolling, insulting or derogatory comments, and personal or political attacks\n- Public or private harassment\n- Publishing others' private information, such as a physical or email address,\n  without their explicit permission\n- Other conduct which could reasonably be considered inappropriate in a\n  professional setting\n\n## Enforcement Responsibilities\n\nCommunity leaders are responsible for clarifying and enforcing our standards of\nacceptable behavior and will take appropriate and fair corrective action in\nresponse to any behavior that they deem inappropriate, threatening, offensive,\nor harmful.\n\nCommunity leaders have the right and responsibility to remove, edit, or reject\ncomments, commits, code, wiki edits, issues, and other contributions that are\nnot aligned to this Code of Conduct, and will communicate reasons for moderation\ndecisions when appropriate.\n\n## Scope\n\nThis Code of Conduct applies within all community spaces, and also applies when\nan individual is officially representing the community in public spaces.\nExamples of representing our community include using an official e-mail address,\nposting via an official social media account, or acting as an appointed\nrepresentative at an online or offline event.\n\n## Enforcement\n\nInstances of abusive, harassing, or otherwise unacceptable behavior may be\nreported to the community leaders responsible for enforcement at\n[hello@joinmastodon.org](mailto:hello@joinmastodon.org).\nAll complaints will be reviewed and investigated promptly and fairly.\n\nAll community leaders are obligated to respect the privacy and security of the\nreporter of any incident.\n\n## Enforcement Guidelines\n\nCommunity leaders will follow these Community Impact Guidelines in determining\nthe consequences for any action they deem in violation of this Code of Conduct:\n\n### 1. Correction\n\n**Community Impact**: Use of inappropriate language or other behavior deemed\nunprofessional or unwelcome in the community.\n\n**Consequence**: A private, written warning from community leaders, providing\nclarity around the nature of the violation and an explanation of why the\nbehavior was inappropriate. A public apology may be requested.\n\n### 2. Warning\n\n**Community Impact**: A violation through a single incident or series of\nactions.\n\n**Consequence**: A warning with consequences for continued behavior. No\ninteraction with the people involved, including unsolicited interaction with\nthose enforcing the Code of Conduct, for a specified period of time. This\nincludes avoiding interactions in community spaces as well as external channels\nlike social media. Violating these terms may lead to a temporary or permanent\nban.\n\n### 3. Temporary Ban\n\n**Community Impact**: A serious violation of community standards, including\nsustained inappropriate behavior.\n\n**Consequence**: A temporary ban from any sort of interaction or public\ncommunication with the community for a specified period of time. No public or\nprivate interaction with the people involved, including unsolicited interaction\nwith those enforcing the Code of Conduct, is allowed during this period.\nViolating these terms may lead to a permanent ban.\n\n### 4. Permanent Ban\n\n**Community Impact**: Demonstrating a pattern of violation of community\nstandards, including sustained inappropriate behavior, harassment of an\nindividual, or aggression toward or disparagement of classes of individuals.\n\n**Consequence**: A permanent ban from any sort of public interaction within the\ncommunity.\n\n## Attribution\n\nThis Code of Conduct is adapted from the [Contributor Covenant][homepage],\nversion 2.1, available at\n[https://www.contributor-covenant.org/version/2/1/code_of_conduct.html][v2.1].\n\nCommunity Impact Guidelines were inspired by\n[Mozilla's code of conduct enforcement ladder][Mozilla CoC].\n\nFor answers to common questions about this code of conduct, see the FAQ at\n[https://www.contributor-covenant.org/faq][FAQ]. Translations are available at\n[https://www.contributor-covenant.org/translations][translations].\n\n[homepage]: https://www.contributor-covenant.org\n[v2.1]: https://www.contributor-covenant.org/version/2/1/code_of_conduct.html\n[Mozilla CoC]: https://github.com/mozilla/diversity\n[FAQ]: https://www.contributor-covenant.org/faq\n[translations]: https://www.contributor-covenant.org/translations\n",
      "docs/DEVELOPMENT.md": "# Development\n\n## Overview\n\nBefore starting local development, read the [CONTRIBUTING] guide to understand\nwhat changes are desirable and what general processes to use.\n\n## Environments\n\nThe following instructions will guide you through the process of setting up a local development instance of Mastodon on your computer.\n\nThere are instructions for these environments:\n\n- [Vagrant](#vagrant)\n- [macOS](#macos)\n- [Linux](#linux)\n- [Docker](#docker)\n- [Dev Containers](#dev-containers)\n- [GitHub Codespaces](#github-codespaces)\n\nOnce completed, continue with the [Next steps](#next-steps) section below.\n\n### Vagrant\n\nA **Vagrant** configuration is included for development purposes. To use it,\ncomplete the following steps:\n\n- Install Vagrant and Virtualbox\n- Install the `vagrant-hostsupdater` plugin:\n  `vagrant plugin install vagrant-hostsupdater`\n- Run `vagrant up`\n- Run `vagrant ssh -c \"cd /vagrant && bin/dev\"`\n- Open `http://mastodon.local` in your browser\n\n### macOS\n\nTo set up **macOS** for native development, complete the following steps:\n\n- Install [Homebrew] and run:\n  `brew install postgresql@14 redis libidn nvm vips`\n  to install the required project dependencies\n- Use a Ruby version manager to activate the ruby in `.ruby-version` and run\n  `nvm use` to activate the node version from `.nvmrc`\n- Start the database services by running `brew services start postgresql` and\n  `brew services start redis`\n- Run `RAILS_ENV=development bin/setup`, which will install the required ruby gems and node\n  packages and prepare the database for local development\n\n  (Note: If you are on Apple Silicon and get an error related to `libidn`, you should be able to fix this by running `gem install idn-ruby -- --with-idn-dir=$(brew --prefix libidn)`, then re-running the command above.)\n\n- Finally, run the `bin/dev` script which will launch services via `overmind`\n  (if installed) or `foreman`\n\n### Linux\n\nThe Mastodon documentation has a [guide on installing Mastodon from source](https://docs.joinmastodon.org/dev/setup/#manual) on Linux.\n\n### Docker\n\nFor production hosting and deployment with **Docker**, use the `Dockerfile` and\n`docker-compose.yml` in the project root directory.\n\nFor local development, install and launch [Docker], and run:\n\n```shell\ndocker compose -f .devcontainer/compose.yaml up -d\ndocker compose -f .devcontainer/compose.yaml exec app bin/setup\ndocker compose -f .devcontainer/compose.yaml exec app bin/dev\n```\n\n### Dev Containers\n\nWithin IDEs that support the [Development Containers] specification, start the\n\"Mastodon on local machine\" container from the editor. The necessary `docker\ncompose` commands to build and setup the container should run automatically. For\n**Visual Studio Code** this requires installing the [Dev Container extension].\n\n### GitHub Codespaces\n\n[GitHub Codespaces] provides a web-based version of VS Code and a cloud hosted\ndevelopment environment configured with the software needed for this project.\n\n[![Open in GitHub Codespaces](https://github.com/codespaces/badge.svg)][codespace]\n\n- Click the button to create a new codespace, and confirm the options\n- Wait for the environment to build (takes a few minutes)\n- When the editor is ready, run `bin/dev` in the terminal\n- Wait for an _Open in Browser_ prompt. This will open Mastodon\n- On the _Ports_ tab \"stream\" setting change _Port visibility_ → _Public_\n\n## Next steps\n\n- Once you have successfully set up a development environment, it will be available on http://localhost:3000\n- Log in as the default admin user with the username `admin@mastodon.local` or `admin@localhost` (depending on your setup) and the password `mastodonadmin`.\n- Check out the [Mastodon docs] for tips on working with emails in development (you'll need this when creating new user accounts) as well as a list of useful commands for testing and updating your dev instance.\n- You can optionally populate your database with sample data by running `bin/rails dev:populate_sample_data`. This will create a `@showcase_account` account with various types of contents.\n\n[codespace]: https://codespaces.new/mastodon/mastodon?quickstart=1&devcontainer_path=.devcontainer%2Fcodespaces%2Fdevcontainer.json\n[CONTRIBUTING]: ../CONTRIBUTING.md\n[Dev Container extension]: https://containers.dev/supporting#dev-containers\n[Development Containers]: https://containers.dev/supporting\n[Docker]: https://docs.docker.com\n[GitHub Codespaces]: https://docs.github.com/en/codespaces\n[Homebrew]: https://brew.sh\n[Mastodon docs]: https://docs.joinmastodon.org/dev/setup/#working-with-emails-in-development\n"
    },
    "latest_release_at": "2025-09-23T12:33:16+00:00",
    "bot_like_contribs": 4,
    "human_contribs": 56,
    "run_ts": "2025-10-02T23:46:50.576636+00:00"
  }
]