[
  {
    "full_name": "scolladon/sfdx-git-delta",
    "language": "TypeScript",
    "owner_type": "User",
    "stars": 500,
    "pushed_at": "2025-09-26T11:57:34+00:00",
    "latest_release_at": "2025-09-26T11:55:29+00:00",
    "bot_like_contribs": 1,
    "human_contribs": 33,
    "R": 3.5,
    "A": 3.5,
    "C": 4.7,
    "score": 3.86,
    "readability_feats": {
      "n_words": 7106,
      "n_sents": 603,
      "flesch_reading_ease": 38.1,
      "avg_sentence_len": 11.78,
      "code_block_count": 92,
      "heading_count": 106,
      "passive_hits": 35
    },
    "completeness_sections": {
      "overview": true,
      "install": true,
      "quickstart": true,
      "dev_setup": false,
      "testing": true,
      "contrib": true,
      "coc": true,
      "troubleshooting": true,
      "release": true
    },
    "broken_link_ratio": 0.15,
    "rationale": {
      "readability": "Flesch=38.1 ASL=11.78 code_blocks=92",
      "actuality": "broken_link_ratio=0.15, months_since_push=-0.85",
      "completeness": "sections_present=['coc', 'contrib', 'install', 'overview', 'quickstart', 'release', 'testing', 'troubleshooting']"
    },
    "run_ts": "2025-10-01T05:26:01.093693+00:00"
  },
  {
    "full_name": "WardPearce/paaster",
    "language": "Svelte",
    "owner_type": "User",
    "stars": 496,
    "pushed_at": "2025-09-30T03:32:14+00:00",
    "latest_release_at": "2025-06-10T04:16:28+00:00",
    "bot_like_contribs": 1,
    "human_contribs": 6,
    "R": 3.5,
    "A": 3.5,
    "C": 1.9,
    "score": 3.02,
    "readability_feats": {
      "n_words": 805,
      "n_sents": 93,
      "flesch_reading_ease": 35.37,
      "avg_sentence_len": 8.66,
      "code_block_count": 62,
      "heading_count": 25,
      "passive_hits": 7
    },
    "completeness_sections": {
      "overview": false,
      "install": true,
      "quickstart": false,
      "dev_setup": false,
      "testing": false,
      "contrib": false,
      "coc": false,
      "troubleshooting": false,
      "release": false
    },
    "broken_link_ratio": 0.25,
    "rationale": {
      "readability": "Flesch=35.37 ASL=8.66 code_blocks=62",
      "actuality": "broken_link_ratio=0.25, months_since_push=-0.99",
      "completeness": "sections_present=['install']"
    },
    "run_ts": "2025-10-01T05:26:01.093693+00:00"
  },
  {
    "full_name": "Mythologyli/zju-connect",
    "language": "Go",
    "owner_type": "User",
    "stars": 496,
    "pushed_at": "2025-08-29T04:39:20+00:00",
    "latest_release_at": "2025-03-24T08:36:34+00:00",
    "bot_like_contribs": 0,
    "human_contribs": 15,
    "R": 4.5,
    "A": 3.5,
    "C": 2.7,
    "score": 3.66,
    "readability_feats": {
      "n_words": 2365,
      "n_sents": 330,
      "flesch_reading_ease": 61.88,
      "avg_sentence_len": 7.17,
      "code_block_count": 101,
      "heading_count": 24,
      "passive_hits": 11
    },
    "completeness_sections": {
      "overview": true,
      "install": true,
      "quickstart": false,
      "dev_setup": false,
      "testing": false,
      "contrib": false,
      "coc": false,
      "troubleshooting": false,
      "release": true
    },
    "broken_link_ratio": 0.55,
    "rationale": {
      "readability": "Flesch=61.88 ASL=7.17 code_blocks=101",
      "actuality": "broken_link_ratio=0.55, months_since_push=0.07",
      "completeness": "sections_present=['install', 'overview', 'release']"
    },
    "run_ts": "2025-10-01T05:26:01.093693+00:00"
  },
  {
    "full_name": "Leedehai/typst-physics",
    "language": "Typst",
    "owner_type": "User",
    "stars": 497,
    "pushed_at": "2025-09-24T03:09:53+00:00",
    "latest_release_at": "2025-03-06T04:25:04+00:00",
    "bot_like_contribs": 1,
    "human_contribs": 19,
    "R": 3.5,
    "A": 3.5,
    "C": 2.3,
    "score": 3.14,
    "readability_feats": {
      "n_words": 632,
      "n_sents": 97,
      "flesch_reading_ease": 56.72,
      "avg_sentence_len": 6.52,
      "code_block_count": 5,
      "heading_count": 10,
      "passive_hits": 0
    },
    "completeness_sections": {
      "overview": false,
      "install": false,
      "quickstart": false,
      "dev_setup": false,
      "testing": true,
      "contrib": false,
      "coc": false,
      "troubleshooting": false,
      "release": true
    },
    "broken_link_ratio": 0.55,
    "rationale": {
      "readability": "Flesch=56.72 ASL=6.52 code_blocks=5",
      "actuality": "broken_link_ratio=0.55, months_since_push=-0.79",
      "completeness": "sections_present=['release', 'testing']"
    },
    "run_ts": "2025-10-01T05:26:01.093693+00:00"
  },
  {
    "full_name": "danielewood/sierra-wireless-modems",
    "language": "Shell",
    "owner_type": "User",
    "stars": 499,
    "pushed_at": "2024-10-14T14:16:14+00:00",
    "latest_release_at": "2024-10-14T14:16:14+00:00",
    "bot_like_contribs": 0,
    "human_contribs": 7,
    "R": 3.5,
    "A": 2.5,
    "C": 3.5,
    "score": 3.2,
    "readability_feats": {
      "n_words": 2843,
      "n_sents": 379,
      "flesch_reading_ease": 59.69,
      "avg_sentence_len": 7.5,
      "code_block_count": 65,
      "heading_count": 28,
      "passive_hits": 2
    },
    "completeness_sections": {
      "overview": true,
      "install": true,
      "quickstart": false,
      "dev_setup": false,
      "testing": true,
      "contrib": false,
      "coc": false,
      "troubleshooting": true,
      "release": true
    },
    "broken_link_ratio": 0.4,
    "rationale": {
      "readability": "Flesch=59.69 ASL=7.5 code_blocks=65",
      "actuality": "broken_link_ratio=0.4, months_since_push=10.55",
      "completeness": "sections_present=['install', 'overview', 'release', 'testing', 'troubleshooting']"
    },
    "run_ts": "2025-10-01T05:26:01.093693+00:00"
  }
]