[
  {
    "full_name": "kodecocodes/swift-algorithm-club",
    "html_url": "https://github.com/kodecocodes/swift-algorithm-club",
    "description": "Algorithms and data structures in Swift, with explanations!",
    "language": "Swift",
    "stars": 29113,
    "forks": 5003,
    "open_issues": 62,
    "owner_type": "Org",
    "created_at": "2016-01-26T17:56:12+00:00",
    "pushed_at": "2024-12-06T07:03:07+00:00",
    "default_branch": "master",
    "docs": {
      ".github/CONTRIBUTING.md": "# Contributing Guidelines\n\nWant to help out with the Swift Algorithm Club? Great! While we don't have strict templates on the format of each contribution, we do have a few guidelines that should be kept in mind:\n\n**Readability**\n\nOur repo is all about learning. The `README` file is the cake, and the sample code is the cherry on top. A good contribution has succinct explanations supported by diagrams. Code is best introduced in chunks, weaved into the explanations where relevant. \n\n> When choosing between brevity and performance, err to the side of brevity as long as the time complexity of the particular implementation is the same. You can make a note afterwards suggesting a more performant way of doing things. \n\n**API Design Guidelines**\n\nA good contribution abides to the [Swift API Guidelines](https://swift.org/documentation/api-design-guidelines/). We review the pull requests with this in mind.\n\n**Swift Language Guidelines**\n\nWe follow the following Swift [style guide](https://github.com/raywenderlich/swift-style-guide). \n\n## Contribution Categories\n\n### Refinement\n\nUnit tests. Fixes for typos. No contribution is too small. :-)\n\nThe repository has over 100 different data structures and algorithms. We're always interested in improvements to existing implementations and better explanations. Suggestions for making the code more Swift-like or to make it fit better with the standard library are most welcome.\n\n### New Contributions\n\nBefore writing about something new, you should do 2 things:\n\n1. Check the main page for existing implementations\n2. Check the [pull requests](https://github.com/raywenderlich/swift-algorithm-club/pulls) for \"claimed\" topics. More info on that below. \n\nIf what you have in mind is a new addition, please follow this process when submitting your contribution:\n\n1. Create a pull request to \"claim\" an algorithm or data structure. This is to avoid having multiple people working on the same thing.\n2. Use this [style guide](https://github.com/raywenderlich/swift-style-guide) for writing code (more or less).\n3. Write an explanation of how the algorithm works. Include **plenty of examples** for readers to follow along. Pictures are good. Take a look at [the explanation of quicksort](../Quicksort/) to get an idea.\n4. Include your name in the explanation, something like *Written by Your Name* at the end of the document. \n5. Add a playground and/or unit tests.\n\nFor the unit tests:\n\n- Add the unit test project to `.travis.yml` so they will be run on [Travis-CI](https://travis-ci.org/raywenderlich/swift-algorithm-club). Add a line to `.travis.yml` like this:\n\n```\n- xctool test -project ./Algorithm/Tests/Tests.xcodeproj -scheme Tests\n```\n\n- Configure the Test project's scheme to run on Travis-CI:\n    - Open **Product -> Scheme -> Manage Schemes...**\n    - Uncheck **Autocreate schemes**\n    - Check **Shared**\n\n![Screenshot of scheme settings](../Images/scheme-settings-for-travis.png)\n\n## Want to chat?\n\nThis isn't just a repo with a bunch of code... If you want to learn more about how an algorithm works or want to discuss better ways of solving problems, then open a [Github issue](https://github.com/raywenderlich/swift-algorithm-club/issues) and we'll talk!\n"
    },
    "latest_release_at": null,
    "bot_like_contribs": 0,
    "human_contribs": 60,
    "run_ts": "2025-10-03T14:15:12.993303+00:00"
  },
  {
    "full_name": "zed-industries/zed",
    "html_url": "https://github.com/zed-industries/zed",
    "description": "Code at the speed of thought – Zed is a high-performance, multiplayer code editor from the creators of Atom and Tree-sitter.",
    "language": "Rust",
    "stars": 66614,
    "forks": 5437,
    "open_issues": 2929,
    "owner_type": "Org",
    "created_at": "2021-02-20T03:01:06+00:00",
    "pushed_at": "2025-10-03T14:44:31+00:00",
    "default_branch": "main",
    "docs": {
      "README.md": "# Zed\n\n[![Zed](https://img.shields.io/endpoint?url=https://raw.githubusercontent.com/zed-industries/zed/main/assets/badge/v0.json)](https://zed.dev)\n[![CI](https://github.com/zed-industries/zed/actions/workflows/ci.yml/badge.svg)](https://github.com/zed-industries/zed/actions/workflows/ci.yml)\n\nWelcome to Zed, a high-performance, multiplayer code editor from the creators of [Atom](https://github.com/atom/atom) and [Tree-sitter](https://github.com/tree-sitter/tree-sitter).\n\n---\n\n### Installation\n\nOn macOS and Linux you can [download Zed directly](https://zed.dev/download) or [install Zed via your local package manager](https://zed.dev/docs/linux#installing-via-a-package-manager).\n\nOther platforms are not yet available:\n\n- Windows ([tracking issue](https://github.com/zed-industries/zed/issues/5394))\n- Web ([tracking issue](https://github.com/zed-industries/zed/issues/5396))\n\n### Developing Zed\n\n- [Building Zed for macOS](./docs/src/development/macos.md)\n- [Building Zed for Linux](./docs/src/development/linux.md)\n- [Building Zed for Windows](./docs/src/development/windows.md)\n- [Running Collaboration Locally](./docs/src/development/local-collaboration.md)\n\n### Contributing\n\nSee [CONTRIBUTING.md](./CONTRIBUTING.md) for ways you can contribute to Zed.\n\nAlso... we're hiring! Check out our [jobs](https://zed.dev/jobs) page for open roles.\n\n### Licensing\n\nLicense information for third party dependencies must be correctly provided for CI to pass.\n\nWe use [`cargo-about`](https://github.com/EmbarkStudios/cargo-about) to automatically comply with open source licenses. If CI is failing, check the following:\n\n- Is it showing a `no license specified` error for a crate you've created? If so, add `publish = false` under `[package]` in your crate's Cargo.toml.\n- Is the error `failed to satisfy license requirements` for a dependency? If so, first determine what license the project has and whether this system is sufficient to comply with this license's requirements. If you're unsure, ask a lawyer. Once you've verified that this system is acceptable add the license's SPDX identifier to the `accepted` array in `script/licenses/zed-licenses.toml`.\n- Is `cargo-about` unable to find the license for a dependency? If so, add a clarification field at the end of `script/licenses/zed-licenses.toml`, as specified in the [cargo-about book](https://embarkstudios.github.io/cargo-about/cli/generate/config.html#crate-configuration).\n",
      "CONTRIBUTING.md": "# Contributing to Zed\n\nThank you for helping us make Zed better!\n\nAll activity in Zed forums is subject to our [Code of\nConduct](https://zed.dev/code-of-conduct). Additionally, contributors must sign\nour [Contributor License Agreement](https://zed.dev/cla) before their\ncontributions can be merged.\n\n## Contribution ideas\n\nZed is a large project with a number of priorities. We spend most of\nour time working on what we believe the product needs, but we also love working\nwith the community to improve the product in ways we haven't thought of (or had time to get to yet!)\n\nIn particular we love PRs that are:\n\n- Fixes to existing bugs and issues.\n- Small enhancements to existing features, particularly to make them work for more people.\n- Small extra features, like keybindings or actions you miss from other editors or extensions.\n- Work towards shipping larger features on our roadmap.\n\nIf you're looking for concrete ideas:\n\n- Our [top-ranking issues](https://github.com/zed-industries/zed/issues/5393) based on votes by the community.\n- Our [public roadmap](https://zed.dev/roadmap) contains a rough outline of our near-term priorities for Zed.\n\n## Sending changes\n\nThe Zed culture values working code and synchronous conversations over long\ndiscussion threads.\n\nThe best way to get us to take a look at a proposed change is to send a pull\nrequest. We will get back to you (though this sometimes takes longer than we'd\nlike, sorry).\n\nAlthough we will take a look, we tend to only merge about half the PRs that are\nsubmitted. If you'd like your PR to have the best chance of being merged:\n\n- Include a clear description of what you're solving, and why it's important to you.\n- Include tests.\n- If it changes the UI, attach screenshots or screen recordings.\n\nThe internal advice for reviewers is as follows:\n\n- If the fix/feature is obviously great, and the code is great. Hit merge.\n- If the fix/feature is obviously great, and the code is nearly great. Send PR comments, or offer to pair to get things perfect.\n- If the fix/feature is not obviously great, or the code needs rewriting from scratch. Close the PR with a thank you and some explanation.\n\nIf you need more feedback from us: the best way is to be responsive to\nGithub comments, or to offer up time to pair with us.\n\nIf you are making a larger change, or need advice on how to finish the change\nyou're making, please open the PR early. We would love to help you get\nthings right, and it's often easier to see how to solve a problem before the\ndiff gets too big.\n\n## Things we will (probably) not merge\n\nAlthough there are few hard and fast rules, typically we don't merge:\n\n- Anything that can be provided by an extension. For example a new language, or theme. For adding themes or support for a new language to Zed, check out our [docs on developing extensions](https://zed.dev/docs/extensions/developing-extensions).\n- New file icons. Zed's default icon theme consists of icons that are hand-designed to fit together in a cohesive manner, please don't submit PRs with off-the-shelf SVGs.\n- Giant refactorings.\n- Non-trivial changes with no tests.\n- Stylistic code changes that do not alter any app logic. Reducing allocations, removing `.unwrap()`s, fixing typos is great; making code \"more readable\" — maybe not so much.\n- Features where (in our subjective opinion) the extra complexity isn't worth it for the number of people who will benefit.\n- Anything that seems completely AI generated.\n\n## Bird's-eye view of Zed\n\nWe suggest you keep the [Zed glossary](docs/src/development/glossary.md) at your side when starting out. It lists and explains some of the structures and terms you will see throughout the codebase.\n\nZed is made up of several smaller crates - let's go over those you're most likely to interact with:\n\n- [`gpui`](/crates/gpui) is a GPU-accelerated UI framework which provides all of the building blocks for Zed. **We recommend familiarizing yourself with the root level GPUI documentation.**\n- [`editor`](/crates/editor) contains the core `Editor` type that drives both the code editor and all various input fields within Zed. It also handles a display layer for LSP features such as Inlay Hints or code completions.\n- [`project`](/crates/project) manages files and navigation within the filetree. It is also Zed's side of communication with LSP.\n- [`workspace`](/crates/workspace) handles local state serialization and groups projects together.\n- [`vim`](/crates/vim) is a thin implementation of Vim workflow over `editor`.\n- [`lsp`](/crates/lsp) handles communication with external LSP server.\n- [`language`](/crates/language) drives `editor`'s understanding of language - from providing a list of symbols to the syntax map.\n- [`collab`](/crates/collab) is the collaboration server itself, driving the collaboration features such as project sharing.\n- [`rpc`](/crates/rpc) defines messages to be exchanged with collaboration server.\n- [`theme`](/crates/theme) defines the theme system and provides a default theme.\n- [`ui`](/crates/ui) is a collection of UI components and common patterns used throughout Zed.\n- [`cli`](/crates/cli) is the CLI crate which invokes the Zed binary.\n- [`zed`](/crates/zed) is where all things come together, and the `main` entry point for Zed.\n\n## Packaging Zed\n\nCheck our [notes for packaging Zed](https://zed.dev/docs/development/linux#notes-for-packaging-zed).\n",
      "CODE_OF_CONDUCT.md": "# Code of Conduct\n\nThe Code of Conduct for this repository can be found online at [zed.dev/code-of-conduct](https://zed.dev/code-of-conduct).\n",
      "docs/README.md": "# Zed Docs\n\nWelcome to Zed's documentation.\n\nThis is built on push to `main` and published automatically to [https://zed.dev/docs](https://zed.dev/docs).\n\nTo preview the docs locally you will need to install [mdBook](https://rust-lang.github.io/mdBook/) (`cargo install mdbook@0.4.40`) and then run:\n\n```sh\nmdbook serve docs\n```\n\nIt's important to note the version number above. For an unknown reason, as of 2025-04-23, running 0.4.48 will cause odd URL behavior that breaks docs.\n\nBefore committing, verify that the docs are formatted in the way Prettier expects with:\n\n```\ncd docs && pnpm dlx prettier@3.5.0 . --write && cd ..\n```\n\n## Preprocessor\n\nWe have a custom mdbook preprocessor for interfacing with our crates (`crates/docs_preprocessor`).\n\nIf for some reason you need to bypass the docs preprocessor, you can comment out `[preprocessor.zed_docs_preprocessor]\n` from the `book.toml`.:\n\n## Images and videos\n\nTo add images or videos to the docs, upload them to another location (e.g., zed.dev, GitHub's asset storage) and then link out to them from the docs.\n\nPutting binary assets such as images in the Git repository will bloat the repository size over time.\n\n## Internal notes:\n\n- We have a Cloudflare router called `docs-proxy` that intercepts requests to `zed.dev/docs` and forwards them to the \"docs\" Cloudflare Pages project.\n- CI uploads a new version to the Pages project from `.github/workflows/deploy_docs.yml` on every push to `main`.\n\n### Table of Contents\n\nThe table of contents files (`theme/page-toc.js` and `theme/page-doc.css`) were initially generated by [`mdbook-pagetoc`](https://crates.io/crates/mdbook-pagetoc).\n\nSince all this preprocessor does is generate the static assets, we don't need to keep it around once they have been generated.\n\n## Referencing Keybindings and Actions\n\nWhen referencing keybindings or actions, use the following formats:\n\n### Keybindings:\n\n`{#kb scope::Action}` - e.g., `{#kb zed::OpenSettings}`.\n\nThis will output a code element like: `<code>Cmd+,|Ctrl+,</code>`. We then use a client-side plugin to show the actual keybinding based on the user's platform.\n\nBy using the action name, we can ensure that the keybinding is always up-to-date rather than hardcoding the keybinding.\n\n### Actions:\n\n`{#action scope::Action}` - e.g., `{#action zed::OpenSettings}`.\n\nThis will render a human-readable version of the action name, e.g., \"zed: open settings\", and will allow us to implement things like additional context on hover, etc.\n\n### Creating New Templates\n\nTemplates are just functions that modify the source of the docs pages (usually with a regex match & replace). You can see how the actions and keybindings are templated in `crates/docs_preprocessor/src/main.rs` for reference on how to create new templates.\n\n### References\n\n- Template Trait: crates/docs_preprocessor/src/templates.rs\n- Example template: crates/docs_preprocessor/src/templates/keybinding.rs\n- Client-side plugins: docs/theme/plugins.js\n\n## Postprocessor\n\nA postprocessor is implemented as a sub-command of `docs_preprocessor` that wraps the builtin `html` renderer and applies post-processing to the `html` files, to add support for page-specific title and meta description values.\n\nAn example of the syntax can be found in `git.md`, as well as below\n\n```md\n---\ntitle: Some more detailed title for this page\ndescription: A page-specific description\n---\n\n# Editor\n```\n\nThe above will be transformed into (with non-relevant tags removed)\n\n```html\n<head>\n  <title>Editor | Some more detailed title for this page</title>\n  <meta name=\"description\" contents=\"A page-specific description\" />\n</head>\n<body>\n  <h1>Editor</h1>\n</body>\n```\n\nIf no front-matter is provided, or If one or both keys aren't provided, the title and description will be set based on the `default-title` and `default-description` keys in `book.toml` respectively.\n\n### Implementation details\n\nUnfortunately, `mdbook` does not support post-processing like it does pre-processing, and only supports defining one description to put in the meta tag per book rather than per file. So in order to apply post-processing (necessary to modify the html head tags) the global book description is set to a marker value `#description#` and the html renderer is replaced with a sub-command of `docs_preprocessor` that wraps the builtin `html` renderer and applies post-processing to the `html` files, replacing the marker value and the `<title>(.*)</title>` with the contents of the front-matter if there is one.\n\n### Known limitations\n\nThe front-matter parsing is extremely simple, which avoids needing to take on an additional dependency, or implement full yaml parsing.\n\n- Double quotes and multi-line values are not supported, i.e. Keys and values must be entirely on the same line, with no double quotes around the value.\n\nThe following will not work:\n\n```md\n---\ntitle: Some\n  Multi-line\n  Title\n---\n```\n\nAnd neither will:\n\n```md\n---\ntitle: \"Some title\"\n---\n```\n\n- The front-matter must be at the top of the file, with only white-space preceding it\n\n- The contents of the title and description will not be html-escaped. They should be simple ascii text with no unicode or emoji characters\n"
    },
    "latest_release_at": "2025-10-01T15:27:39+00:00",
    "bot_like_contribs": 1,
    "human_contribs": 59,
    "run_ts": "2025-10-03T14:15:12.993303+00:00"
  },
  {
    "full_name": "opentofu/manifesto",
    "html_url": "https://github.com/opentofu/manifesto",
    "description": "The OpenTF Manifesto expresses concern over HashiCorp's switch of the Terraform license from open-source to the Business Source License (BSL) and calls for the tool's return to a truly open-source license.",
    "language": "HTML",
    "stars": 36051,
    "forks": 1066,
    "open_issues": 20,
    "owner_type": "Org",
    "created_at": "2023-08-13T16:17:24+00:00",
    "pushed_at": "2025-03-18T18:26:51+00:00",
    "default_branch": "main",
    "docs": {
      "README.md": "# OpenTF Manifesto\n\nOpenTF's goal is to ensure Terraform remains truly open source and proposes returning it to a fully open license. We urge HashiCorp to reconsider and switch Terraform back to an open source license, avoiding fragmentation of the community.\n\nFor further details and the full text of the manifesto, you can visit the [OpenTF website](https://opentf.org).\n\n## The OpenTF fork\n\nThe OpenTF repo is now publicly available at https://github.com/opentffoundation/opentf. For more context on the current status of the fork, the roadmap, and the path to a stable release, see https://opentf.org/fork.\n\n## Contact\n\nIf you have questions or feedback to share, you can reach the team behind this manifesto by emailing us at [pledge@opentf.org](mailto:pledge@opentf.org).\n"
    },
    "latest_release_at": null,
    "bot_like_contribs": 0,
    "human_contribs": 60,
    "run_ts": "2025-10-03T14:15:12.993303+00:00"
  },
  {
    "full_name": "bevyengine/bevy",
    "html_url": "https://github.com/bevyengine/bevy",
    "description": "A refreshingly simple data-driven game engine built in Rust",
    "language": "Rust",
    "stars": 42492,
    "forks": 4158,
    "open_issues": 3052,
    "owner_type": "Org",
    "created_at": "2020-01-18T21:13:55+00:00",
    "pushed_at": "2025-10-03T03:04:30+00:00",
    "default_branch": "main",
    "docs": {
      "README.md": "# [![Bevy](https://bevy.org/assets/bevy_logo_light_dark_and_dimmed.svg)](https://bevy.org)\n\n[![License](https://img.shields.io/badge/license-MIT%2FApache-blue.svg)](https://github.com/bevyengine/bevy#license)\n[![Crates.io](https://img.shields.io/crates/v/bevy.svg)](https://crates.io/crates/bevy)\n[![Downloads](https://img.shields.io/crates/d/bevy.svg)](https://crates.io/crates/bevy)\n[![Docs](https://docs.rs/bevy/badge.svg)](https://docs.rs/bevy/latest/bevy/)\n[![CI](https://github.com/bevyengine/bevy/workflows/CI/badge.svg)](https://github.com/bevyengine/bevy/actions)\n[![Discord](https://img.shields.io/discord/691052431525675048.svg?label=&logo=discord&logoColor=ffffff&color=7389D8&labelColor=6A7EC2)](https://discord.gg/bevy)\n\n## What is Bevy?\n\nBevy is a refreshingly simple data-driven game engine built in Rust. It is free and open-source forever!\n\n## WARNING\n\nBevy is still in the early stages of development. Important features are missing. Documentation is sparse. A new version of Bevy containing breaking changes to the API is released [approximately once every 3 months](https://bevy.org/news/bevy-0-6/#the-train-release-schedule). We provide [migration guides](https://bevy.org/learn/migration-guides/), but we can't guarantee migrations will always be easy. Use only if you are willing to work in this environment.\n\n**MSRV:** Bevy relies heavily on improvements in the Rust language and compiler.\nAs a result, the Minimum Supported Rust Version (MSRV) is generally close to \"the latest stable release\" of Rust.\n\n## Design Goals\n\n* **Capable**: Offer a complete 2D and 3D feature set\n* **Simple**: Easy for newbies to pick up, but infinitely flexible for power users\n* **Data Focused**: Data-oriented architecture using the Entity Component System paradigm\n* **Modular**: Use only what you need. Replace what you don't like\n* **Fast**: App logic should run quickly, and when possible, in parallel\n* **Productive**: Changes should compile quickly ... waiting isn't fun\n\n## About\n\n* **[Features](https://bevy.org):** A quick overview of Bevy's features.\n* **[News](https://bevy.org/news/)**: A development blog that covers our progress, plans and shiny new features.\n\n## Docs\n\n* **[Quick Start Guide](https://bevy.org/learn/quick-start/introduction):** Bevy's official Quick Start Guide. The best place to start learning Bevy.\n* **[Bevy Rust API Docs](https://docs.rs/bevy):** Bevy's Rust API docs, which are automatically generated from the doc comments in this repo.\n* **[Official Examples](https://github.com/bevyengine/bevy/tree/latest/examples):** Bevy's dedicated, runnable examples, which are great for digging into specific concepts.\n* **[Community-Made Learning Resources](https://bevy.org/assets/#learning)**: More tutorials, documentation, and examples made by the Bevy community.\n\n## Community\n\nBefore contributing or participating in discussions with the community, you should familiarize yourself with our [**Code of Conduct**](./CODE_OF_CONDUCT.md).\n\n* **[Discord](https://discord.gg/bevy):** Bevy's official discord server.\n* **[Reddit](https://reddit.com/r/bevy):** Bevy's official subreddit.\n* **[GitHub Discussions](https://github.com/bevyengine/bevy/discussions):** The best place for questions about Bevy, answered right here!\n* **[Bevy Assets](https://bevy.org/assets/):** A collection of awesome Bevy projects, tools, plugins and learning materials.\n\n### Contributing\n\nIf you'd like to help build Bevy, check out the **[Contributor's Guide](https://bevy.org/learn/contribute/introduction)**.\nFor simple problems, feel free to [open an issue](https://github.com/bevyengine/bevy/issues) or\n[PR](https://github.com/bevyengine/bevy/pulls) and tackle it yourself!\n\nFor more complex architecture decisions and experimental mad science, please open an [RFC](https://github.com/bevyengine/rfcs) (Request For Comments) so we can brainstorm together effectively!\n\n## Getting Started\n\nWe recommend checking out the [Quick Start Guide](https://bevy.org/learn/quick-start/introduction) for a brief introduction.\n\nFollow the [Setup guide](https://bevy.org/learn/quick-start/getting-started/setup) to ensure your development environment is set up correctly.\nOnce set up, you can quickly try out the [examples](https://github.com/bevyengine/bevy/tree/latest/examples) by cloning this repo and running the following commands:\n\n```sh\n# Switch to the correct version (latest release, default is main development branch)\ngit checkout latest\n# Runs the \"breakout\" example\ncargo run --example breakout\n```\n\nTo draw a window with standard functionality enabled, use:\n\n```rust\nuse bevy::prelude::*;\n\nfn main() {\n    App::new()\n        .add_plugins(DefaultPlugins)\n        .run();\n}\n```\n\n### Fast Compiles\n\nBevy can be built just fine using default configuration on stable Rust. However for really fast iterative compiles, you should enable the \"fast compiles\" setup by [following the instructions here](https://bevy.org/learn/quick-start/getting-started/setup).\n\n## [Bevy Cargo Features][cargo_features]\n\nThis [list][cargo_features] outlines the different cargo features supported by Bevy. These allow you to customize the Bevy feature set for your use-case.\n\n[cargo_features]: docs/cargo_features.md\n\n## Thanks\n\nBevy is the result of the hard work of many people. A huge thanks to all Bevy contributors, the many open source projects that have come before us, the [Rust gamedev ecosystem](https://arewegameyet.rs/), and the many libraries we build on.\n\nA huge thanks to Bevy's [generous sponsors](https://bevy.org). Bevy will always be free and open source, but it isn't free to make. Please consider [sponsoring our work](https://bevy.org/donate/) if you like what we're building.\n\n<!-- This next line need to stay exactly as is. It is required for BrowserStack sponsorship. -->\nThis project is tested with BrowserStack.\n\n## License\n\nBevy is free, open source and permissively licensed!\nExcept where noted (below and/or in individual files), all code in this repository is dual-licensed under either:\n\n* MIT License ([LICENSE-MIT](LICENSE-MIT) or [http://opensource.org/licenses/MIT](http://opensource.org/licenses/MIT))\n* Apache License, Version 2.0 ([LICENSE-APACHE](LICENSE-APACHE) or [http://www.apache.org/licenses/LICENSE-2.0](http://www.apache.org/licenses/LICENSE-2.0))\n\nat your option.\nThis means you can select the license you prefer!\nThis dual-licensing approach is the de-facto standard in the Rust ecosystem and there are [very good reasons](https://github.com/bevyengine/bevy/issues/2373) to include both.\n\nSome of the engine's code carries additional copyright notices and license terms due to their external origins.\nThese are generally BSD-like, but exact details vary by crate:\nIf the README of a crate contains a 'License' header (or similar), the additional copyright notices and license terms applicable to that crate will be listed.\nThe above licensing requirement still applies to contributions to those crates, and sections of those crates will carry those license terms.\nThe [license](https://doc.rust-lang.org/cargo/reference/manifest.html#the-license-and-license-file-fields) field of each crate will also reflect this.\n\nThe [assets](assets) included in this repository (for our [examples](./examples/README.md)) typically fall under different open licenses.\nThese will not be included in your game (unless copied in by you), and they are not distributed in the published bevy crates.\nSee [CREDITS.md](CREDITS.md) for the details of the licenses of those files.\n\n### Your contributions\n\nUnless you explicitly state otherwise,\nany contribution intentionally submitted for inclusion in the work by you,\nas defined in the Apache-2.0 license,\nshall be dual licensed as above,\nwithout any additional terms or conditions.\n",
      "CONTRIBUTING.md": "# Contributing to Bevy\n\nIf you'd like to help build Bevy, start by reading this\n[introduction](https://bevy.org/learn/contribute/introduction). Thanks for contributing!\n",
      "CODE_OF_CONDUCT.md": "# Code of Conduct\n\n_This Code of Conduct is based on the [Rust Code of Conduct](https://www.rust-lang.org/policies/code-of-conduct), which is adapted from the [Node.js Policy on Trolling](http://blog.izs.me/post/30036893703/policy-on-trolling) and the [Contributor Covenant](https://www.contributor-covenant.org)._\n\n## Our Pledge\n\nWe as members, contributors, and leaders pledge to make participation in our community a harassment-free experience for everyone, regardless of age, body size, visible or invisible disability, ethnicity, sex characteristics, gender identity and expression, level of experience, education, socio-economic status, nationality, personal appearance, race, religion, or sexual identity and orientation.\n\nWe pledge to act and interact in ways that contribute to an open, welcoming, diverse, inclusive, and healthy community.\n\n## Our Standards\n\nIn this community we strive to go the extra step to look out for each other. Don’t just aim to be technically unimpeachable, try to be your best self. In particular, avoid flirting with offensive or sensitive issues, particularly if they’re off-topic; this all too often leads to unnecessary fights, hurt feelings, and damaged trust; worse, it can drive people away from the community entirely.\n\nAnd if someone takes issue with something you said or did, resist the urge to be defensive. Just stop doing what it was they complained about and apologize. Even if you feel you were misinterpreted or unfairly accused, chances are good there was something you could’ve communicated better — remember that it’s your responsibility to make your fellow Rustaceans comfortable. Everyone wants to get along and we are all here first and foremost because we want to talk about cool technology. You will find that people will be eager to assume good intent and forgive as long as you earn their trust.\n\n* Please avoid using overtly sexual aliases or other nicknames that might detract from a friendly, safe and welcoming environment for all.\n* Please be kind and courteous. There’s no need to be mean or rude.\n* Respect that people have differences of opinion and that every design or implementation choice carries a trade-off and numerous costs. There is seldom a right answer.\n* Please keep unstructured critique to a minimum. If you have solid ideas you want to experiment with, make a fork and see how it works.\n* We will exclude you from interaction if you insult, demean or harass anyone. That is not welcome behavior. We interpret the term “harassment” as including the definition in the [Citizen Code of Conduct](https://github.com/stumpsyn/policies/blob/master/citizen_code_of_conduct.md); if you have any lack of clarity about what might be included in that concept, please read their definition. In particular, we don’t tolerate behavior that excludes people in socially marginalized groups.\n* Private harassment is also unacceptable. No matter who you are, if you feel you have been or are being harassed or made uncomfortable by a community member, please contact the maintainers immediately. Whether you’re a regular contributor or a newcomer, we care about making this community a safe place for you and we’ve got your back.\n* Do not make casual mention of slavery or indentured servitude and/or false comparisons of one's occupation or situation to slavery. Please consider using or asking about alternate terminology when referring to such metaphors in technology.\n* Likewise any spamming, trolling, flaming, baiting or other attention-stealing behavior is not welcome.\n\n## Moderation\n\nThese are the policies for upholding [our community’s standards of conduct](#our-standards). If you feel that a thread needs moderation, please contact the maintainers.\n\n1. Remarks that violate the community standards of conduct, including hateful, hurtful, oppressive, or exclusionary remarks, are not allowed. (Cursing is allowed, but never targeting another user, and never in a hateful manner).\n2. Remarks that maintainers find inappropriate, whether listed in the code of conduct or not, are also not allowed.\n3. Maintainers will first respond to such remarks with a warning.\n4. If the warning is unheeded, the user will be “kicked,” i.e., kicked out of the communication channel to cool off.\n5. If the user comes back and continues to make trouble, they will be banned, i.e., indefinitely excluded.\n6. Maintainers may choose at their discretion to un-ban the user if it was a first offense and they offer the offended party a genuine apology.\n7. If a maintainer bans someone and you think it was unjustified, please take it up with that maintainer, or with a different maintainer, in private. Complaints about bans in-channel are not allowed.\n8. Maintainers are held to a higher standard than other community members. If a maintainer creates an inappropriate situation, they should expect less leeway than others.\n\nThe enforcement policies in the code of conduct apply to all official venues, including Discord channels, GitHub repositories, the Twitter community and all other forums.\n",
      "docs/cargo_features.md": "<!-- MD041 - This file will be included in docs and should not start with a top header -->\n<!-- markdownlint-disable-file MD041 -->\n\n## Cargo Features\n\nBevy exposes many features to customize the engine. Enabling them add functionalities but often come at the cost of longer compilation times and extra dependencies.\n\n### Default Features\n\nThe default feature set enables most of the expected features of a game engine, like rendering in both 2D and 3D, asset loading, audio and UI. To help reduce compilation time, consider disabling default features and enabling only those you need.\n\n|feature name|description|\n|-|-|\n|android-game-activity|Android GameActivity support. Default, choose between this and `android-native-activity`.|\n|android_shared_stdcxx|Enable using a shared stdlib for cxx on Android|\n|animation|Enable animation support, and glTF animation loading|\n|async_executor|Uses `async-executor` as a task execution backend.|\n|bevy_animation|Provides animation functionality|\n|bevy_anti_alias|Provides various anti aliasing solutions|\n|bevy_asset|Provides asset functionality|\n|bevy_audio|Provides audio functionality|\n|bevy_camera|Provides camera and visibility types, as well as culling primitives.|\n|bevy_color|Provides shared color types and operations|\n|bevy_core_pipeline|Provides cameras and other basic render pipeline features|\n|bevy_gilrs|Adds gamepad support|\n|bevy_gizmos|Adds support for rendering gizmos|\n|bevy_gltf|[glTF](https://www.khronos.org/gltf/) support|\n|bevy_image|Load and access image data. Usually added by an image format|\n|bevy_input_focus|Enable input focus subsystem|\n|bevy_light|Provides light types such as point lights, directional lights, spotlights.|\n|bevy_log|Enable integration with `tracing` and `log`|\n|bevy_mesh|Provides a mesh format and some primitive meshing routines.|\n|bevy_mesh_picking_backend|Provides an implementation for picking meshes|\n|bevy_pbr|Adds PBR rendering|\n|bevy_picking|Provides picking functionality|\n|bevy_post_process|Provides post process effects such as depth of field, bloom, chromatic aberration.|\n|bevy_render|Provides rendering functionality|\n|bevy_scene|Provides scene functionality|\n|bevy_shader|Provides shaders usable through asset handles.|\n|bevy_sprite|Provides sprite functionality|\n|bevy_sprite_picking_backend|Provides an implementation for picking sprites|\n|bevy_sprite_render|Provides sprite rendering functionality|\n|bevy_state|Enable built in global state machines|\n|bevy_text|Provides text functionality|\n|bevy_ui|A custom ECS-driven UI framework|\n|bevy_ui_picking_backend|Provides an implementation for picking UI|\n|bevy_ui_render|Provides rendering functionality for bevy_ui|\n|bevy_window|Windowing layer|\n|bevy_winit|winit window and input backend|\n|custom_cursor|Enable winit custom cursor support|\n|debug|Enable collecting debug information about systems and components to help with diagnostics|\n|default_font|Include a default font, containing only ASCII characters, at the cost of a 20kB binary size increase|\n|hdr|HDR image format support|\n|ktx2|KTX2 compressed texture support|\n|multi_threaded|Enables multithreaded parallelism in the engine. Disabling it forces all engine tasks to run on a single thread.|\n|png|PNG image format support|\n|reflect_auto_register|Enable automatic reflect registration|\n|smaa_luts|Include SMAA Look Up Tables KTX2 Files|\n|std|Allows access to the `std` crate.|\n|sysinfo_plugin|Enables system information diagnostic plugin|\n|tonemapping_luts|Include tonemapping Look Up Tables KTX2 files. If everything is pink, you need to enable this feature or change the `Tonemapping` method for your `Camera2d` or `Camera3d`.|\n|vorbis|OGG/VORBIS audio format support|\n|wayland|Wayland display server support|\n|webgl2|Enable some limitations to be able to use WebGL2. Please refer to the [WebGL2 and WebGPU](https://github.com/bevyengine/bevy/tree/latest/examples#webgl2-and-webgpu) section of the examples README for more information on how to run Wasm builds with WebGPU.|\n|x11|X11 display server support|\n|zstd_rust|For KTX2 Zstandard decompression using pure rust [ruzstd](https://crates.io/crates/ruzstd). This is the safe default. For maximum performance, use \"zstd_c\".|\n\n### Optional Features\n\n|feature name|description|\n|-|-|\n|accesskit_unix|Enable AccessKit on Unix backends (currently only works with experimental screen readers and forks.)|\n|android-native-activity|Android NativeActivity support. Legacy, should be avoided for most new Android games.|\n|asset_processor|Enables the built-in asset processor for processed assets.|\n|async-io|Use async-io's implementation of block_on instead of futures-lite's implementation. This is preferred if your application uses async-io.|\n|basis-universal|Basis Universal compressed texture support|\n|bevy_ci_testing|Enable systems that allow for automated testing on CI|\n|bevy_debug_stepping|Enable stepping-based debugging of Bevy systems|\n|bevy_dev_tools|Provides a collection of developer tools|\n|bevy_remote|Enable the Bevy Remote Protocol|\n|bevy_solari|Provides raytraced lighting (experimental)|\n|bevy_ui_debug|Provides a debug overlay for bevy UI|\n|bluenoise_texture|Include spatio-temporal blue noise KTX2 file used by generated environment maps, Solari and atmosphere|\n|bmp|BMP image format support|\n|compressed_image_saver|Enables compressed KTX2 UASTC texture output on the asset processor|\n|critical-section|`critical-section` provides the building blocks for synchronization primitives on all platforms, including `no_std`.|\n|dds|DDS compressed texture support|\n|debug_glam_assert|Enable assertions in debug builds to check the validity of parameters passed to glam|\n|default_no_std|Recommended defaults for no_std applications|\n|detailed_trace|Enable detailed trace event logging. These trace events are expensive even when off, thus they require compile time opt-in|\n|dlss|NVIDIA Deep Learning Super Sampling|\n|dynamic_linking|Force dynamic linking, which improves iterative compile times|\n|embedded_watcher|Enables watching in memory asset providers for Bevy Asset hot-reloading|\n|experimental_bevy_feathers|Feathers widget collection.|\n|experimental_bevy_ui_widgets|Experimental headless widget collection for Bevy UI.|\n|experimental_pbr_pcss|Enable support for PCSS, at the risk of blowing past the global, per-shader sampler limit on older/lower-end GPUs|\n|exr|EXR image format support|\n|ff|Farbfeld image format support|\n|file_watcher|Enables watching the filesystem for Bevy Asset hot-reloading|\n|flac|FLAC audio format support|\n|force_disable_dlss|Forcibly disable DLSS so that cargo build --all-features works without the DLSS SDK being installed. Not meant for users.|\n|ghost_nodes|Experimental support for nodes that are ignored for UI layouting|\n|gif|GIF image format support|\n|glam_assert|Enable assertions to check the validity of parameters passed to glam|\n|hotpatching|Enable hotpatching of Bevy systems|\n|http|Enables downloading assets from HTTP sources. Warning: there are security implications. Read the docs on WebAssetPlugin.|\n|https|Enables downloading assets from HTTPS sources. Warning: there are security implications. Read the docs on WebAssetPlugin.|\n|ico|ICO image format support|\n|jpeg|JPEG image format support|\n|libm|Uses the `libm` maths library instead of the one provided in `std` and `core`.|\n|meshlet|Enables the meshlet renderer for dense high-poly scenes (experimental)|\n|meshlet_processor|Enables processing meshes into meshlet meshes for bevy_pbr|\n|mp3|MP3 audio format support|\n|pbr_anisotropy_texture|Enable support for anisotropy texture in the `StandardMaterial`, at the risk of blowing past the global, per-shader texture limit on older/lower-end GPUs|\n|pbr_clustered_decals|Enable support for Clustered Decals|\n|pbr_light_textures|Enable support for Light Textures|\n|pbr_multi_layer_material_textures|Enable support for multi-layer material textures in the `StandardMaterial`, at the risk of blowing past the global, per-shader texture limit on older/lower-end GPUs|\n|pbr_specular_textures|Enable support for specular textures in the `StandardMaterial`, at the risk of blowing past the global, per-shader texture limit on older/lower-end GPUs|\n|pbr_transmission_textures|Enable support for transmission-related textures in the `StandardMaterial`, at the risk of blowing past the global, per-shader texture limit on older/lower-end GPUs|\n|pnm|PNM image format support, includes pam, pbm, pgm and ppm|\n|qoi|QOI image format support|\n|raw_vulkan_init|Forces the wgpu instance to be initialized using the raw Vulkan HAL, enabling additional configuration|\n|reflect_auto_register_static|Enable automatic reflect registration without inventory. See `reflect::load_type_registrations` for more info.|\n|reflect_documentation|Enable documentation reflection|\n|reflect_functions|Enable function reflection|\n|serialize|Enable serialization support through serde|\n|shader_format_glsl|Enable support for shaders in GLSL|\n|shader_format_spirv|Enable support for shaders in SPIR-V|\n|shader_format_wesl|Enable support for shaders in WESL|\n|spirv_shader_passthrough|Enable passthrough loading for SPIR-V shaders (Only supported on Vulkan, shader capabilities and extensions must agree with the platform implementation)|\n|statically-linked-dxc|Statically linked DXC shader compiler for DirectX 12|\n|symphonia-aac|AAC audio format support (through symphonia)|\n|symphonia-all|AAC, FLAC, MP3, MP4, OGG/VORBIS, and WAV audio formats support (through symphonia)|\n|symphonia-flac|FLAC audio format support (through symphonia)|\n|symphonia-isomp4|MP4 audio format support (through symphonia)|\n|symphonia-vorbis|OGG/VORBIS audio format support (through symphonia)|\n|symphonia-wav|WAV audio format support (through symphonia)|\n|tga|TGA image format support|\n|tiff|TIFF image format support|\n|trace|Tracing support|\n|trace_chrome|Tracing support, saving a file in Chrome Tracing format|\n|trace_tracy|Tracing support, exposing a port for Tracy|\n|trace_tracy_memory|Tracing support, with memory profiling, exposing a port for Tracy|\n|track_location|Enables source location tracking for change detection and spawning/despawning, which can assist with debugging|\n|wav|WAV audio format support|\n|web|Enables use of browser APIs. Note this is currently only applicable on `wasm32` architectures.|\n|web_asset_cache|Enable caching downloaded assets on the filesystem. NOTE: this cache currently never invalidates entries!|\n|webgpu|Enable support for WebGPU in Wasm. When enabled, this feature will override the `webgl2` feature and you won't be able to run Wasm builds with WebGL2, only with WebGPU.|\n|webp|WebP image format support|\n|zlib|For KTX2 supercompression|\n|zstd_c|For KTX2 Zstandard decompression using [zstd](https://crates.io/crates/zstd). This is a faster backend, but uses unsafe C bindings. For the safe option, stick to the default backend with \"zstd_rust\".|\n",
      "docs/debugging.md": "# Debugging\n\n## Macro Debugging\n\n* Print the final output of a macro using `cargo rustc --profile=check -- -Zunstable-options --pretty=expanded`\n  * Alternatively you could install and use [cargo expand](https://github.com/dtolnay/cargo-expand) which adds syntax highlighting to the terminal output.\n    * Additionally get pager by piping to `less` ( on Unix systems ): `cargo expand --color always | less -R`\n* Print output during macro compilation using `eprintln!(\"hi\");`\n\n## WGPU Tracing\n\nWhen a suspected wgpu error occurs, you should capture a wgpu trace so that Bevy and wgpu devs can debug using the [wgpu player tool](https://github.com/gfx-rs/wgpu/wiki/Debugging-wgpu-Applications#tracing-infrastructure).\n\nTo capture a wgpu trace:\n\n1. Create a new folder in which to store your wgpu trace.\n2. Pass the path to the folder you created for your wgpu trace to `bevy_render::RenderPlugin`, using the `render_creation` field.\n   * If you're manually creating the renderer resources, pass the path to wgpu when creating the `RenderDevice` and `RenderQueue`.\n   * Otherwise, pass the path to Bevy via the `trace_path` field in `bevy_render::settings::WgpuSettings`.\n3. Add `wgpu = { version = \"*\", features = [\"trace\"]}` to your Cargo.toml.\n   * `version = \"*\"` tells Rust that this can be *any* version of the wgpu crate, so it will not try to pull in a different version of wgpu than what is already pulled in by Bevy.\n4. Compile and run your application, performing any in-app actions necessary to replicate the wgpu error.\n\nOnce you've captured a wgpu trace, zip up the folder and attach it to the relevant issue. New wgpu issues should generally be created [in the wgpu repository](https://github.com/gfx-rs/wgpu). Please include the wgpu revision in your bug reports. You can find the revision in the `Cargo.lock` file in your workspace.\n",
      "docs/linters.md": "# Linters in this Repository\n\n## Code Format Linting with [rustfmt](https://github.com/rust-lang/rustfmt)\n\nCan be automatically validated with [`cargo run -p ci`](../tools/ci) (which also runs other checks). Running this command will actually format the code:\n\n```bash\ncargo fmt --all\n```\n\n## Code Linting with [Clippy](https://github.com/rust-lang/rust-clippy)\n\nCan be automatically run with [`cargo run -p ci`](../tools/ci) (which also runs other checks) or manually with this command:\n\n```bash\ncargo clippy --workspace --all-targets --all-features -- -D warnings\n```\n\nExplanation:\n\n* `-D warnings`: No warnings are allowed in the codebase.\n\n## [super-linter](https://github.com/github/super-linter)\n\n`super-linter` provides easy access to many different Linters.\n\n### [markdownlint](https://github.com/DavidAnson/markdownlint)\n\n`markdownlint` is provided by `super-linter` and is responsible for `.md` files.\nIts configuration is saved in the [.markdown-lint.yml](../.github/linters/.markdown-lint.yml) file.\n\nThe provided rules are documented [here](https://github.com/DavidAnson/markdownlint/blob/main/doc/Rules.md) and information about setting the config can be seen [here](https://github.com/DavidAnson/markdownlint#optionsconfig).\n\n#### Using [VS Code markdownlint](https://marketplace.visualstudio.com/items?itemName=DavidAnson.vscode-markdownlint)\n\nIf you want to use the VS Code Extension with the rules defined in [.markdown-lint.yml](../.github/linters/.markdown-lint.yml), then you need to create a local config file in the root of the project with the configuration below.\nCurrently, this is not needed as the extension already disables the rule `MD013` by default.\n\n```json\n{\n  \"extends\": \".github/linters/.markdown-lint.yml\"\n}\n```\n\n### Other Linters provided by [super-linter](https://github.com/github/super-linter)\n\nAll other linters not mentioned in this file are not activated and can be seen [here](https://github.com/github/super-linter#supported-linters).\n",
      "docs/linux_dependencies.md": "# Installing Linux dependencies\n\nThis page lists the required dependencies to build a Bevy project on your Linux machine.\n\nIf you don't see your distro present in the list, feel free to add the instructions in this document.\n\n## [Ubuntu](https://ubuntu.com/)\n\n```bash\nsudo apt-get install g++ pkg-config libx11-dev libasound2-dev libudev-dev libxkbcommon-x11-0\n```\n\nif using Wayland, you will also need to install\n\n```bash\nsudo apt-get install libwayland-dev libxkbcommon-dev\n```\n\nDepending on your graphics card, you may have to install one of the following:\n`vulkan-radeon`, `vulkan-intel`, or `mesa-vulkan-drivers`\n\nCompiling with clang is also possible - replace the `g++` package with `clang`.\n\n## Windows Subsystem for Linux (WSL 2)\n\nUp-to-date WSL Installs for Windows 10 & 11 include WSLg, which provides\nnecessary servers for passing graphics and audio between Windows and the WSL instance.\nWith WSLg, a user's WSL instance can use X11 as well as Wayland.\nFor more information, see WSLg [documentation](https://github.com/microsoft/wslg#wslg-architecture-overview).\n\nPrior to the release of [WSL Gui (WSLg)](https://en.wikipedia.org/wiki/Windows_Subsystem_for_Linux#WSLg)\naround 4/20/2021, users had to [manually set up servers](https://wiki.ubuntu.com/WSL#Advanced_Topics) on windows for graphic and audio.\nMake note of the date for documentation found across the internet.\nFollowing advice from before WSLg's release can lead to additional conflicts.\n\n## [Fedora](https://getfedora.org/)\n\n```bash\nsudo dnf install gcc-c++ libX11-devel alsa-lib-devel systemd-devel\n```\n\nif using Wayland, you will also need to install\n\n```bash\nsudo dnf install wayland-devel libxkbcommon-devel\n```\n\nIf there are errors with linking during the build process such as:\n\n```bash\n = note: /usr/bin/ld: skipping incompatible /usr/lib/libasound.so when searching for -lasound\n          /usr/bin/ld: skipping incompatible /usr/lib/libasound.so when searching for -lasound\n          /usr/bin/ld: skipping incompatible /usr/lib/gcc/x86_64-redhat-linux/10/../../../libasound.so when searching for -lasound\n          /usr/bin/ld: skipping incompatible /lib/libasound.so when searching for -lasound\n          /usr/bin/ld: skipping incompatible /usr/lib/libasound.so when searching for -lasound\n          /usr/bin/ld: cannot find -lasound\n```\n\nAdd your arch to the end of the package to remove the linker error. For example:\n\n```bash\nsudo dnf install alsa-lib-devel.x86_64\n```\n\nOr if there are errors such as:\n\n```txt\n  --- stderr\n  thread 'main' panicked at 'called `Result::unwrap()` on an `Err` value: \"`\\\"pkg-config\\\" \\\"--libs\\\" \\\"--cflags\\\" \\\"libudev\\\"` did not exit successfully: exit status: 1\\n--- stderr\\nPackage libudev was not found in the pkg-config search path.\\nPerhaps you should add the directory containing `libudev.pc'\\nto the PKG_CONFIG_PATH environment variable\\nNo package 'libudev' found\\n\"', /home/<user>/.cargo/registry/src/github.com-1ecc6299db9ec823/libudev-sys-0.1.4/build.rs:38:41\n  stack backtrace:\n     0: rust_begin_unwind\n               at /rustc/9bb77da74dac4768489127d21e32db19b59ada5b/library/std/src/panicking.rs:517:5\n     1: core::panicking::panic_fmt\n               at /rustc/9bb77da74dac4768489127d21e32db19b59ada5b/library/core/src/panicking.rs:96:14\n     2: core::result::unwrap_failed\n               at /rustc/9bb77da74dac4768489127d21e32db19b59ada5b/library/core/src/result.rs:1617:5\n     3: core::result::Result<T,E>::unwrap\n               at /rustc/9bb77da74dac4768489127d21e32db19b59ada5b/library/core/src/result.rs:1299:23\n     4: build_script_build::main\n               at ./build.rs:38:5\n     5: core::ops::function::FnOnce::call_once\n               at /rustc/9bb77da74dac4768489127d21e32db19b59ada5b/library/core/src/ops/function.rs:227:5\n  note: Some details are omitted, run with `RUST_BACKTRACE=full` for a verbose backtrace.\nwarning: build failed, waiting for other jobs to finish...\nerror: build failed\n```\n\nSet the `PKG_CONFIG_PATH` env var to `/usr/lib/<target>/pkgconfig/`. For example on an x86_64 system:\n\n```txt\nexport PKG_CONFIG_PATH=\"/usr/lib/x86_64-linux-gnu/pkgconfig/\"\n```\n\n## [Arch](https://archlinux.org/) / [Manjaro](https://manjaro.org/)\n\n```bash\nsudo pacman -S libx11 pkgconf alsa-lib libxcursor libxrandr libxi\n```\n\nInstall `pipewire-alsa` or `pulseaudio-alsa` depending on the sound server you are using.\n\nDepending on your graphics card, you may have to install one of the following:\n`vulkan-radeon`, `vulkan-intel`, or `mesa-vulkan-drivers`\n\n## [Void](https://voidlinux.org/)\n\n```bash\nsudo xbps-install -S pkgconf alsa-lib-devel libX11-devel eudev-libudev-devel\n```\n\n## [Nix](https://nixos.org)\n\n### flake.nix\n\nAdd a `flake.nix` file to the root of your GitHub repository containing:\n\n```nix\n{\n  description = \"bevy flake\";\n\n  inputs = {\n    nixpkgs.url = \"github:NixOS/nixpkgs/nixos-unstable\";\n    rust-overlay.url = \"github:oxalica/rust-overlay\";\n    flake-utils.url = \"github:numtide/flake-utils\";\n  };\n\n  outputs =\n    {\n      nixpkgs,\n      rust-overlay,\n      flake-utils,\n      ...\n    }:\n    flake-utils.lib.eachDefaultSystem (\n      system:\n      let\n        overlays = [ (import rust-overlay) ];\n        pkgs = import nixpkgs {\n          inherit system overlays;\n        };\n      in\n      {\n        devShells.default =\n          with pkgs;\n          mkShell {\n            buildInputs =\n              [\n                # Rust dependencies\n                (rust-bin.stable.latest.default.override { extensions = [ \"rust-src\" ]; })\n                pkg-config\n              ]\n              ++ lib.optionals (lib.strings.hasInfix \"linux\" system) [\n                # for Linux\n                # Audio (Linux only)\n                alsa-lib\n                # Cross Platform 3D Graphics API\n                vulkan-loader\n                # For debugging around vulkan\n                vulkan-tools\n                # Other dependencies\n                libudev-zero\n                xorg.libX11\n                xorg.libXcursor\n                xorg.libXi\n                xorg.libXrandr\n                libxkbcommon\n              ];\n            RUST_SRC_PATH = \"${pkgs.rust.packages.stable.rustPlatform.rustLibSrc}\";\n            LD_LIBRARY_PATH = lib.makeLibraryPath [\n              vulkan-loader\n              xorg.libX11\n              xorg.libXi\n              xorg.libXcursor\n              libxkbcommon\n            ];\n          };\n      }\n    );\n}\n```\n\n> [!TIP]\n> We have confirmed that this flake.nix can be used successfully on NixOS and MacOS with Rust's edition set to 2021.\n\n### shell.nix\n\nAdd a `shell.nix` file to the root of the project containing:\n\n```nix\n{ pkgs ? import <nixpkgs> { } }:\n\nwith pkgs;\n\nmkShell rec {\n  nativeBuildInputs = [\n    pkg-config\n  ];\n  buildInputs = [\n    udev alsa-lib-with-plugins vulkan-loader\n    xorg.libX11 xorg.libXcursor xorg.libXi xorg.libXrandr # To use the x11 feature\n    libxkbcommon wayland # To use the wayland feature\n  ];\n  LD_LIBRARY_PATH = lib.makeLibraryPath buildInputs;\n}\n```\n\nAnd enter it by just running `nix-shell`.\nYou should be able compile Bevy programs using `cargo run` within this nix-shell.\nYou can do this in one line with `nix-shell --run \"cargo run\"`.\n\nIf running nix on a non NixOS system (such as ubuntu, arch etc.), [NixGL](https://github.com/nix-community/nixGL) is additionally required,\nto link graphics drivers into the context of software installed by nix:\n\n1. Install a system specific nixGL wrapper ([docs](https://github.com/nix-community/nixGL)).\n   - If you're running a nvidia GPU choose `nixVulkanNvidia`.\n   - Otherwise, choose another wrapper appropriate for your system.\n2. Run `nixVulkanNvidia-xxx.xxx.xx cargo run` to compile a bevy program, where `xxx-xxx-xx` denotes the graphics driver version `nixVulkanNvidia` was compiled with.\n\nThis is also possible with [Nix flakes](https://nixos.org/manual/nix/unstable/command-ref/new-cli/nix3-flake.html).\nInstead of creating `shell.nix`, you just need to add the derivation (`mkShell`)\nto your `devShells` in `flake.nix`. Run `nix develop` to enter the shell or\n`nix develop -c cargo run` to just run the program. See\n[Nix's documentation](https://nixos.org/manual/nix/unstable/command-ref/new-cli/nix3-develop.html)\nfor more information about `devShells`.\n\nNote that this template does not add Rust to the environment because there are many ways to do it.\nFor example, to use stable Rust from nixpkgs, you can add `cargo` and `rustc` to `nativeBuildInputs`.\n\n[Here](https://github.com/NixOS/nixpkgs/blob/master/pkgs/by-name/ju/jumpy/package.nix)\nis an example of packaging a Bevy program in nix.\n\n## [OpenSUSE](https://www.opensuse.org/)\n\n```bash\n   sudo zypper install libudev-devel gcc-c++ alsa-lib-devel\n```\n\n## [Gentoo](https://www.gentoo.org/)\n\n```bash\n   sudo emerge --ask libX11 pkgconf alsa-lib\n```\n\nWhen using an AMD Radeon GPU, you may also need to emerge `amdgpu-pro-vulkan` to get Bevy to find the GPU.\n\nWhen using a NVIDIA GPU with the proprietary driver (eg. `x11-drivers/nvidia-drivers`), you may also need to emerge `media-libs/vulkan-loader` to get Bevy to find the GPU. NVIDIA Vulkan driver is included in `nvidia-driver`, but may need the loader to find the correct driver. See Gentoo [Documentation](https://wiki.gentoo.org/wiki/Vulkan) for details.\n\n## [Clear Linux OS](https://clearlinux.org/)\n\n```bash\nsudo swupd bundle-add devpkg-alsa-lib\nsudo swupd bundle-add devpkg-libgudev\n```\n\n## [Alpine Linux](https://alpinelinux.org/)\n\nRun the following command to install `GNU C compiler, standard C development libraries, pkg-config, X11 development libraries, ALSA development libraries, eudev development libraries`:\n\n```sh\nsudo apk add gcc libc-dev pkgconf libx11-dev alsa-lib-dev eudev-dev\n```\n\nInstall a GPU renderer for you graphics card. For Intel integrated GPUs:\n\n```sh\nsudo apk add mesa-vulkan-intel\n```\n\nIf you have issues with `winit` such as `Failed to initialize backend!` or similar, try adding the following to your `~/.cargo/config.toml` (more information at the [issue #1818](https://github.com/rust-windowing/winit/issues/1818) of the [winit repository](https://github.com/rust-windowing/winit):\n\n```toml\n[build]\nrustflags = [\"-C\", \"target-feature=-crt-static\"]\n```\n\n## [Solus](https://getsol.us)\n\n```sh\nsudo eopkg it -c system.devel\nsudo eopkg it g++ libx11-devel alsa-lib-devel\n```\n\nIf using Wayland, you may also need to install\n\n```sh\nsudo eopkg it wayland-devel libxkbcommon-devel\n```\n\nCompiling with clang is also possible - replace the `g++` package with `llvm-clang`\n\n## [FreeBSD](https://www.freebsd.org/)\n\nIt is necessary to have the hgame module loaded in order to satisfy gli-rs. It will still throw an error, but the program should run successfully. You can make sure the kernel module is loaded on start up by adding the following line to /boot/loader.conf:\n\n```sh\nhgame_load=\"YES\"\n```\n",
      "docs/profiling.md": "# Profiling\n\n## Table of Contents\n\n- [CPU runtime](#cpu-runtime)\n  - [Overview](#overview)\n  - [Adding your own spans](#adding-your-own-spans)\n  - [Tracy profiler](#tracy-profiler)\n  - [Chrome tracing format](#chrome-tracing-format)\n  - [Perf flame graph](#perf-flame-graph)\n- [GPU runtime](#gpu-runtime)\n  - [Vendor tools](#vendor-tools)\n    - [Xcode's Metal debugger](#xcodes-metal-debugger)\n  - [Tracy RenderQueue](#tracy-renderqueue)\n- [Compile time](#compile-time)\n\n## CPU runtime\n\n### Overview\n\nBevy has built-in [tracing](https://github.com/tokio-rs/tracing) spans to make it cheap and easy to profile Bevy ECS systems, render logic, engine internals, and user app code. Enable the `trace` cargo feature to enable Bevy's built-in spans.\n\nYour tracing level needs to be at least `info` for this to work, so make sure that you don't set the `max_level(_release)_[warn/error]` features of the `tracing` crate nor filter it out using `LogPlugin`'s `filter` member. Note that `wgpu` and `naga` spans are filtered out by default. If you want to include them, you can either change your `LogPlugin`'s `filter` member or override it by setting the `RUST_LOG=info` environment variable when running your application.\n\nYou also need to select a `tracing` backend using one of the cargo features described in the below sections.\n\n> [!NOTE]\n> When your app is bottlenecked by the GPU, you may encounter frames that have multiple prepare-set systems all taking an unusually long time to complete, and all finishing at about the same time.\n>\n> See the section on GPU profiling for determining what GPU work is the bottleneck.\n>\n> You can find more details in the docs for [`prepare_windows`](https://docs.rs/bevy/latest/bevy/render/view/fn.prepare_windows.html).\n\n![prepare_windows span bug](https://github.com/bevyengine/bevy/assets/2771466/15c0819b-0e07-4665-aa1e-579caa24fece)\n\n### Adding your own spans\n\nAdd spans to your app like this (these are in `bevy::prelude::*` and `bevy::log::*`, just like the normal logging macros).\n\n```rust\n{\n  // creates a span and starts the timer\n  let my_span = info_span!(\"span_name\", name = \"span_name\").entered();\n  do_something_here();\n} // my_span is dropped here ... this stops the timer\n\n\n// You can also \"manually\" enter the span if you need more control over when the timer starts\n// Prefer the previous, simpler syntax unless you need the extra control.\nlet my_span = info_span!(\"span_name\", name = \"span_name\");\n{\n  // starts the span's timer\n  let guard = my_span.enter();\n  do_something_here();\n} // guard is dropped here ... this stops the timer\n```\n\nSearch for `info_span!` in this repo for some real-world examples.\n\nFor more details, check out the [tracing span docs](https://docs.rs/tracing/*/tracing/span/index.html).\n\n### Tracy profiler\n\nThe [Tracy profiling tool](https://github.com/wolfpld/tracy) is:\n\n> A real time, nanosecond resolution, remote telemetry, hybrid frame and sampling profiler for games and other applications.\n\nThere are binaries available for Windows, and installation / build instructions for other operating systems can be found in the [Tracy documentation PDF](https://github.com/wolfpld/tracy/releases/latest/download/tracy.pdf).\n\nTo determine which Tracy version to install\n\n1. Run `cargo tree --features bevy/trace_tracy | grep tracy` in your Bevy workspace root to see which tracy dep versions are used\n2. Cross reference the tracy dep versions with the [Version Support Table](https://github.com/nagisa/rust_tracy_client?tab=readme-ov-file#version-support-table)\n\nIt has a command line capture tool that can record the execution of graphical applications, saving it as a profile file. Tracy has a GUI to inspect these profile files. The GUI app also supports live capture, showing you in real time the trace of your app.\n\nOn macOS, Tracy can be installed through Homebrew by running `brew install tracy`, and the GUI client can be launched by running `tracy`. Note that `brew` does not always have the latest version of Tracy available, in which cases you may be required to build from source.\n\nIn one terminal, run:\n`./capture-release -o my_capture.tracy`\nThis will sit and wait for a tracy-instrumented application to start, and when it does, it will automatically connect and start capturing.\n\nThe name and location of the Tracy command line tool will vary depending on how you installed it - the default executable names are `capture-release` on Linux, `tracy` on macOS and `capture.exe` on Windows. In one terminal, run this tool: `./capture-release -o my_capture.tracy`. This will sit and wait for a tracy-instrumented application to start, and when it does, it will automatically connect and start capturing.\n\nThen run your application, enabling the `trace_tracy` feature: `cargo run --release --features bevy/trace_tracy`. If you also want to track memory allocations, at the cost of increased runtime overhead, then enable the `trace_tracy_memory` feature instead: `cargo run --release --features bevy/trace_tracy_memory`.\n\nAfter running your app, you can open the captured profile file (`my_capture.tracy` in the example above) in the Tracy GUI application to see a timeline of the executed spans.\n\nAlternatively, directly run the tracy GUI and then run your application, for live capture. However, beware that running the live capture on the same machine will be a competing graphical application, which may impact results. Pre-recording the profile data through the CLI tool is recommended for more accurate traces.\n\nIn any case, you'll see your trace in the GUI window:\n\n![Tracy timeline demonstrating the performance breakdown of a Bevy app](https://user-images.githubusercontent.com/302146/163988636-25c017ab-64bc-4da7-a897-a80098b667ef.png)\n\nThere is a button to display statistics of mean time per call (MTPC) for all systems:\n\n![A table in the Tracy GUI showing the MTPC (mean time per call) for all instrumented spans in the application](https://user-images.githubusercontent.com/302146/163988302-c21102d8-b7eb-476d-a741-a2c28d9bf8c1.png)\n\nOr you can select an individual system and inspect its statistics (available through the \"statistics\" button in the top menu) to see things like the distribution of execution times in a graph, or statistical aggregates such as mean, median, standard deviation, etc. It will look something like this:\n\n![A graph and statistics in the Tracy GUI showing the distribution of execution times of an instrumented span in the application](https://user-images.githubusercontent.com/302146/163988464-86e1a3ee-e97b-49ae-9f7e-4ff2b8b761ad.png)\n\nIf you enabled memory tracing then the Zone Info window will also show the allocation events which occurred during a span:\n\n![A table in the Tracy GUI showing details of the allocations which occurred during a span](https://user-images.githubusercontent.com/8672791/228987498-77b26178-ef60-4e37-8356-dd07320ee159.png)\n\nNote that the `Bottom-up call stack tree` and `Top-down call stack tree` views reached by clicking the `Memory` button at the top of the UI will not show a usable backtrace even if memory tracking is enabled, as backtraces are not fully supported yet.\n\nIf you save more than one trace, you can compare the spans between both of them by clicking the `Compare` button at the top of the UI. This will open a dialog box asking to load a second trace. From there, it's possible to select any family of spans to more closely compare the timing and distribution of a particular span.\n\n![A graph and statistics in the Tracy GUI comparing the distribution of execution times of an instrumented span across two traces](https://user-images.githubusercontent.com/3137680/205834698-84405b2f-97b5-43a3-9dba-385167ac1db5.png)\n\n### Chrome tracing format\n\n`cargo run --release --features bevy/trace_chrome`\n\nAfter running your app a `json` file in the \"chrome tracing format\" will be produced. You can open this file in your browser using <https://ui.perfetto.dev>. It will look something like this:\n\n![image](https://user-images.githubusercontent.com/2694663/141657409-6f4a3ad3-59b6-4378-95ba-66c0dafecd8e.png)\n\n### `perf` Flame Graph\n\nThis approach requires no extra instrumentation and shows finer-grained flame graphs of actual code call trees. This is useful when you want to identify the specific function of a \"hot spot\". The downside is that it has higher overhead, so your app will run slower than it normally does.\n\nInstall [cargo-flamegraph](https://github.com/flamegraph-rs/flamegraph), [enable debug symbols in your release build](https://github.com/flamegraph-rs/flamegraph#improving-output-when-running-with---release), then run your app using one of the following commands. Note that `cargo-flamegraph` forwards arguments to cargo. You should treat the `cargo-flamegraph` command as a replacement for `cargo run --release`. The commands below include `--example EXAMPLE_NAME` to illustrate, but you can remove those arguments in favor of whatever you use to run your app:\n\n- Graph-Like Flame Graph: `RUSTFLAGS='-C force-frame-pointers=y' cargo flamegraph -c \"record -g\" --example EXAMPLE_NAME`\n- Flat-ish Flame Graph: `RUSTFLAGS='-C force-frame-pointers=y' cargo flamegraph --example EXAMPLE_NAME`\n\nAfter closing your app, an interactive `svg` file will be produced:\n![image](https://user-images.githubusercontent.com/2694663/141657609-0089675d-fb6a-4dc4-9a59-871e95e31c8a.png)\n\n## GPU runtime\n\nFirst, a quick note on how GPU programming works. GPUs are essentially separate computers with their own compiler, scheduler, memory (for discrete GPUs), etc. You do not simply call functions to have the GPU perform work - instead, you communicate with them by sending data back and forth over the PCIe bus, via the GPU driver.\n\nSpecifically, you record a list of tasks (commands) for the GPU to perform into a CommandBuffer, and then submit that on a Queue to the GPU. At some point in the future, the GPU will receive the commands and execute them.\n\nIn terms of where your app is spending time doing graphics work, it might manifest as a CPU bottleneck (extracting to the render world, wgpu resource tracking, recording commands to a CommandBuffer, or GPU driver code), as a GPU bottleneck (the GPU actually running your commands), or even as a data transfer bottleneck (uploading new assets or other data to the GPU over the PCIe bus).\n\nGraphics related work is not all CPU work or all GPU work, but a mix of both, and you should find the bottleneck and profile using the appropriate tool for each case.\n\n### Vendor tools\n\nIf CPU profiling has shown that GPU work is the bottleneck, it's time to profile the GPU.\n\nFor profiling GPU work, you should use the tool corresponding to your GPU's vendor:\n\n- NVIDIA - [Nsight Graphics](https://developer.nvidia.com/nsight-graphics)\n- AMD - [Radeon GPU Profiler](https://gpuopen.com/rgp)\n- Intel - [Graphics Frame Analyzer](https://www.intel.com/content/www/us/en/developer/tools/graphics-performance-analyzers/graphics-frame-analyzer.html)\n- Apple - [Xcode](https://developer.apple.com/documentation/xcode/optimizing-gpu-performance)\n\nNote that while RenderDoc is a great debugging tool, it is _not_ a profiler, and should not be used for this purpose.\n\n#### Xcode's Metal debugger\n\nFollow the steps below to start GPU debugging on macOS. There is no need to create an Xcode project.\n\n1. In the menu bar click on Debug > Debug Executable…\n\n   ![Xcode's menu bar open to Debug > Debug Executable...](https://github.com/user-attachments/assets/efdc5037-0957-4227-b29d-9a789ba17a0a)\n\n2. Select your executable from your project’s target folder.\n3. The Scheme Editor will open. If your assets are not located next to your executable, you can go to the Arguments tab and set `BEVY_ASSET_ROOT` to the absolute path for your project (the parent of your assets folder). The rest of the defaults should be fine.\n\n   ![Xcode's Schema Editor opened to an environment variable configuration](https://github.com/user-attachments/assets/29cafb05-0c49-4777-8d41-8643812e8f6a)\n\n4. Click the play button in the top left and this should start your bevy app.\n\n   ![A cursor hovering over the play button in XCode](https://github.com/user-attachments/assets/859580e2-779b-4db8-8ea6-73cf4ef696c9)\n\n5. Go back to Xcode and click on the Metal icon in the bottom drawer and then Capture in the following the popup menu.\n\n   ![A cursor hovering over the Capture button in the Metal debugging popup menu](https://github.com/user-attachments/assets/c0ce1591-0a53-499b-bd1b-4d89538ea248)\n\n6. Start debugging and profiling!\n\n![Xcode open to the Performance tab in the Debug Navigator.](https://github.com/user-attachments/assets/52732391-9306-44a9-ae01-dcf4573f77ab)\n\nThese instructions were created for Xcode 16.4.\n\n### Tracy RenderQueue\n\nWhile it doesn't provide as much detail as vendor-specific tooling, Tracy can also be used to coarsely measure GPU performance.\n\nWhen you compile with Bevy's `trace_tracy` feature, GPU spans will show up in a separate row at the top of Tracy, labeled as `RenderQueue`.\n\n> [!NOTE]\n> Due to dynamic clock speeds, GPU timings will have large frame-to-frame variance, unless you use an external tool to lock your GPU clocks to base speeds. When measuring GPU performance via Tracy, only look at the MTPC column of Tracy's statistics panel, or the span distribution/median, and not at any individual frame data.\n\n<!-- markdownlint-disable MD028 -->\n\n> [!NOTE]\n> Unlike ECS systems, Bevy will not automatically add GPU profiling spans. You will need to add GPU timing spans yourself for any custom rendering work. See the [`RenderDiagnosticsPlugin`](https://docs.rs/bevy/latest/bevy/render/diagnostic/struct.RenderDiagnosticsPlugin.html) docs for more details.\n\n## Compile time\n\n### General advice\n\n- Run `cargo clean` before timing a command.\n- If you are using a rustc wrapper (like `sccache`), disable it by setting `RUSTC_WRAPPER=\"\"`\n- To measure noise in duration, run commands more than once and take the average. [`hyperfine`](https://github.com/sharkdp/hyperfine) can do that for you with a cleanup between each execution (`hyperfine --cleanup \"sleep 1; cargo clean\" \"cargo build\"`).\n- Avoid running benchmarks on a computer that can do power throttling or thermal throttling, like a laptop.\n- Avoid running benchmarks with a processor that has different types of cores (efficiency vs performance), unless you can force the processor to use only one type of core.\n\n### Cargo timings\n\nAppend `--timings` to your app's cargo command (ex: `cargo build --timings`).\nIf you want a \"full\" profile, make sure you run `cargo clean` first (note: this will clear previously generated reports).\nThe command will tell you where it saved the report, which will be in your target directory under `cargo-timings/`.\nThe report is a `.html` file and can be opened and viewed in your browser.\nThis will show how much time each crate in your app's dependency tree took to build.\n\n![Cargo timings](https://user-images.githubusercontent.com/2694663/141657811-f4e15e3b-c9fc-491b-9313-236fd8c01288.png)\n\n### rustc self-profile\n\nCargo can generate a self-profile when building a crate. This is an unstable feature, but it can be used on a stable toolchain with `RUSTC_BOOTSTRAP`.\n\nThe following command will generate a self-profile for the `bevy_render` crate:\n\n```sh\nRUSTC_BOOTSTRAP=1 cargo rustc --package bevy_render --  -Z self-profile -Z self-profile-events=default,args\n```\n\nThis will generate a file named something like `bevy_render-<id>>.mm_profdata` in the current directory. You can convert this file to a Chrome profiler trace with [`crox`](https://github.com/rust-lang/measureme/blob/master/crox/README.md) and view the resulting trace in [perfetto](https://ui.perfetto.dev/).\n\n![rustc self-profile](https://github.com/user-attachments/assets/12645add-c647-4611-b533-9145cbcbac1c)\n\n### cargo-llvm-lines\n\n[`cargo-llvm-lines`](https://github.com/dtolnay/cargo-llvm-lines) can show the number of LLVM lines generated by generic functions in your code. This can show you how much code is generated by each function, which can help you identify potential build performance issues.\n\n### cargo-bloat\n\n[`cargo-bloat`](https://github.com/RazrFalcon/cargo-bloat) can show the size of each function in your code. This can help you identify large functions that ends up in the final binary.\n"
    },
    "latest_release_at": "2025-10-01T05:26:16+00:00",
    "bot_like_contribs": 1,
    "human_contribs": 59,
    "run_ts": "2025-10-03T14:15:12.993303+00:00"
  },
  {
    "full_name": "nwjs/nw.js",
    "html_url": "https://github.com/nwjs/nw.js",
    "description": "Call all Node.js modules directly from DOM/WebWorker and enable a new way of writing applications with all Web technologies.",
    "language": "JavaScript",
    "stars": 41309,
    "forks": 3882,
    "open_issues": 937,
    "owner_type": "Org",
    "created_at": "2012-01-04T06:21:10+00:00",
    "pushed_at": "2025-09-30T17:27:41+00:00",
    "default_branch": "main",
    "docs": {
      "README.md": "## node-webkit is renamed NW.js\n\n[![Gitter](https://badges.gitter.im/Join%20Chat.svg)](https://gitter.im/nwjs/nw.js?utm_source=badge&utm_medium=badge&utm_campaign=pr-badge&utm_content=badge)  \nOfficial site: https://nwjs.io  \n## Introduction\n\nNW.js is an app runtime based on `Chromium` and `node.js`. You can \nwrite native apps in HTML and JavaScript with NW.js. It also lets you\ncall Node.js modules directly from the DOM and enables a new way of writing\nnative applications with all Web technologies.\n\nIt was created in the Intel Open Source Technology Center.\n\n[Building a Cross-platform Desktop App with NW.js](https://www.sitepoint.com/cross-platform-desktop-app-nw-js/)     \n[Creating Desktop Applications With node-webkit](https://strongloop.com/strongblog/creating-desktop-applications-with-node-webkit/)     \n[WebApp to DesktopApp with node-webkit (slides)](http://oldgeeksguide.github.io/presentations/html5devconf2013/wtod.html)  \n[Essay on the history and internals of the project](http://yedingding.com/2014/08/01/node-webkit-intro-en.html)\n\n## Features\n\n* Apps written in modern HTML5, CSS3, JS and WebGL.\n* Complete support for [Node.js APIs](https://nodejs.org/api/) and all its [third party modules](https://www.npmjs.com/).\n* Good performance: Node and WebKit run in the same thread: Function calls are made straightforward; objects are in the same heap and can just reference each other.\n* Easy to package and distribute apps.\n* Available on Linux, Mac OS X and Windows.\n\n## Downloads\n* **v0.104.0:** (Sep 30, 2025, based off of Node.js v24.7.0, Chromium 141) : [release notes](https://nwjs.io/blog/v0.104.0/)  \n **NOTE** You might want the **SDK build**. Please read the release notes.\n * Linux: [32bit](https://dl.nwjs.io/v0.104.0/nwjs-v0.104.0-linux-ia32.tar.gz) / [64bit](https://dl.nwjs.io/v0.104.0/nwjs-v0.104.0-linux-x64.tar.gz)\n * Windows: [32bit](https://dl.nwjs.io/v0.104.0/nwjs-v0.104.0-win-ia32.zip) / [64bit](https://dl.nwjs.io/v0.104.0/nwjs-v0.104.0-win-x64.zip)\n * Mac 10.10+: [64bit](https://dl.nwjs.io/v0.104.0/nwjs-v0.104.0-osx-arm64.zip)\n * Use [Legacy build](http://nwjs.io/downloads/) for Win XP and early OSX.\n\n* **latest nightly build from git tip**: https://dl.nwjs.io/live-build/\n\n* [Previous versions](https://dl.nwjs.io); See [the mapping file](https://nwjs.io/versions.json) for the version info in previous releases.\n\n### Demos and real apps\nYou may also be interested in [our demos repository](https://github.com/zcbenz/nw-sample-apps) and the [List of apps and companies using nw.js](https://github.com/nwjs/nw.js/wiki/List-of-apps-and-companies-using-nw.js).\n\n## Quick Start\n\nCreate `index.html`:\n\n```html\n<!DOCTYPE html>\n<html>\n  <head>\n    <title>Hello World!</title>\n  </head>\n  <body>\n    <h1>Hello World!</h1>\n    We are using node.js <script>document.write(process.version)</script>.\n  </body>\n</html>\n```\n\nCreate `package.json`:\n\n```json\n{\n  \"name\": \"nw-demo\",\n  \"version\": \"0.0.1\",\n  \"main\": \"index.html\"\n}\n```\n\nRun:  \n```bash\n$ /path/to/nw .  (suppose the current directory contains 'package.json')\n```\n\nNote: on Windows, you can drag the folder containing `package.json` to `nw.exe` to open it.\n\nNote: on OSX, the executable binary is in a hidden directory within the .app file. To run node-webkit on OSX, type:  \n`/path/to/nwjs.app/Contents/MacOS/nwjs .` *(suppose the current directory contains 'package.json')*   \n\n## Documents\nOfficial documentation: http://docs.nwjs.io/  \n\nFor more information on how to write/package/run apps, see:\n\n* [How to run apps](https://github.com/nwjs/nw.js/wiki/How-to-run-apps)\n* [How to package and distribute your apps](https://github.com/nwjs/nw.js/wiki/How-to-package-and-distribute-your-apps)\n* [How to use Node.js modules in node-webkit](https://github.com/nwjs/nw.js/wiki/Using-Node-modules)\n\nAnd our [Wiki](https://github.com/nwjs/nw.js/wiki) for much more.\n\n## Community\n\nWe use the [google group](https://groups.google.com/d/forum/nwjs-general) as\nour mailing list (use English only). Subscribe via [nwjs-general+subscribe@googlegroups.com](mailto:nwjs-general+subscribe@googlegroups.com).\n\n*NOTE*: Links to the old google group (e.g. `https://groups.google.com/forum/#!msg/node-webkit/doRWZ07LgWQ/4fheV8FF8zsJ`) that are no longer working can be fixed by replacing `node-webkit` with `nwjs-general` (e.g `https://groups.google.com/forum/#!msg/nwjs-general/doRWZ07LgWQ/4fheV8FF8zsJ`).\n\nIssues are being tracked here on GitHub.\n\nThe source code for NW.js and the daily development spans multiple repositories in this organization. This repository is for issue tracking, landing page, and part of the source code.\n\n### Verifying Binaries\n\nStarting from 0.32.0 the stable and nightly download directories contain a SHASUMS256.txt\nfile that lists the SHA checksums for each file available for download, as well as the\nchecksums for the files inside the download package.\n\nThe SHASUMS256.txt can be downloaded using `curl`.\n\n```console\n$ curl -O https://dl.nwjs.io/vx.y.z/SHASUMS256.txt\n```\n\nTo check that a downloaded file matches the checksum, run\nit through `sha256sum` with a command such as:\n\n```console\n$ grep nwjs-vx.y.z.tar.gz SHASUMS256.txt | sha256sum -c -\n```\n\nThe stable releases (but not Nightlies) also have the GPG detached\nsignature of SHASUMS256.txt available as SHASUMS256.txt.asc. You can use `gpg`\nto verify that SHASUMS256.txt has not been tampered with.\n\nTo verify SHASUMS256.txt has not been altered, you will first need to import\nthe GPG key of NW.js maintainer to create releases.\nUse this command to import the key:\n\n```console\n$ gpg --keyserver pool.sks-keyservers.net --recv-keys 78680FA9E21BB40A\n```\n```\n(Key fingerprint is 1E8B EE8D 5B0C 4CBC D6D1  9E26 7868 0FA9 E21B B40A)\n```\n\nNext, download the SHASUMS256.txt.asc for the release:\n\n```console\n$ curl -O https://dl.nwjs.io/vx.y.z/SHASUMS256.txt.asc\n```\n\nAfter downloading the appropriate SHASUMS256.txt and SHASUMS256.txt.asc files,\nyou can then use `gpg --verify SHASUMS256.txt.asc SHASUMS256.txt` to verify\nthat the file has been signed by an authorized member of the NW.js team.\n\nOnce verified, use the SHASUMS256.txt file to get the checksum for\nthe binary verification command above.\n\n## License\n\n`NW.js`'s code in this repo uses the MIT license, see our `LICENSE` file. To redistribute the binary, see [How to package and distribute your apps](https://github.com/nwjs/nw.js/wiki/How-to-package-and-distribute-your-apps)\n\n",
      "docs/index.md": "# NW.js Documentation for 0.13 and later\n---\n\n> [NW.js](http://nwjs.io) lets you call all [Node.js](https://nodejs.org/) [modules](https://www.npmjs.org/) directly from DOM and enables a new way of writing applications with all Web technologies. It was previously known as \"node-webkit\" project.\n\nThe document is structured in three major parts:\n\n* **For Users** - Documents for developing apps based on NW.js\n* **For Developers** - Documents for developers who want to extend NW.js\n* **References** - NW.js API references\n\nThe source of the document is in [our git repo](https://github.com/nwjs/nw.js/tree/nw13/docs). PRs are welcome.\n\n## Table of Contents\n\n* [Homepage](index.md)\n* For Users\n    - [Getting Started](For Users/Getting Started.md)\n    - [Debugging with DevTools](For Users/Debugging with DevTools.md)\n    - [Package and Distribute](For Users/Package and Distribute.md)\n    - [FAQ](For Users/FAQ.md)\n    - [From 0.12 to 0.13](For Users/Migration/From 0.12 to 0.13.md)\n    - Advanced\n        + [Build Flavors](For Users/Advanced/Build Flavors.md)\n        + [JavaScript Contexts in NW.js](For Users/Advanced/JavaScript Contexts in NW.js.md)\n        + [Protect JavaScript Source Code](For Users/Advanced/Protect JavaScript Source Code.md)\n        + [Security in NW.js](For Users/Advanced/Security in NW.js.md)\n        + [Support for Mac App Store](For Users/Advanced/Support for Mac App Store.md)\n        + [Test with ChromeDriver](For Users/Advanced/Test with ChromeDriver.md)\n        + [Use Flash Plugin](For Users/Advanced/Use Flash Plugin.md)\n        + [Use NaCl in NW.js](For Users/Advanced/Use NaCl in NW.js.md)\n        + [Use Native Node Modules](For Users/Advanced/Use Native Node Modules.md)\n        + [Content Verification](For Users/Advanced/Content Verification.md)\n        + [Customize Menubar](For Users/Advanced/Customize Menubar.md)\n* For Developers\n    - [Building NW.js](For Developers/Building NW.js.md)\n    - [Contributing to NW.js](For Developers/Contributing to NW.js.md)\n    - [Enable Proprietary Codecs](For Developers/Enable Proprietary Codecs.md)\n    - [Repositories](For Developers/Repositories.md)\n    - [Understanding Crash Dump](For Developers/Understanding Crash Dump.md)\n    - [Writing Documents for NW.js](For Developers/Writing Documents for NW.js.md)\n    - [Writing Test Cases for NW.js](For Developers/Writing Test Cases for NW.js.md)\n    - [Contributors of Documents](For Developers/Contributors of Documents.md)\n* References\n    - [App](References/App.md)\n    - [Changes to DOM](References/Changes to DOM.md)\n    - [Changes to Node](References/Changes to Node.md)\n    - [Clipboard](References/Clipboard.md)\n    - [Command Line Options](References/Command Line Options.md)\n    - [Chrome Extension APIs](References/Chrome Extension APIs.md)\n    - [Manifest Format](References/Manifest Format.md)\n    - [Menu](References/Menu.md)\n    - [MenuItem](References/MenuItem.md)\n    - [Screen](References/Screen.md)\n    - [Shell](References/Shell.md)\n    - [Shortcut](References/Shortcut.md)\n    - [Tray](References/Tray.md)\n    - [webview Tag](References/webview Tag.md)\n    - [Window](References/Window.md)\n"
    },
    "latest_release_at": null,
    "bot_like_contribs": 0,
    "human_contribs": 60,
    "run_ts": "2025-10-03T14:15:12.993303+00:00"
  }
]