[
  {
    "full_name": "linkchecker/linkchecker",
    "language": "Python",
    "owner_type": "Org",
    "stars": 995,
    "pushed_at": "2025-10-01T18:47:57+00:00",
    "latest_release_at": "2025-07-28T18:41:00+00:00",
    "bot_like_contribs": 1,
    "human_contribs": 50,
    "R": 3.0,
    "A": 4.0,
    "C": 1.9,
    "score": 2.97,
    "readability_feats": {
      "n_words": 346,
      "n_sents": 47,
      "flesch_reading_ease": 58.53,
      "avg_sentence_len": 7.36,
      "code_block_count": 0,
      "heading_count": 0,
      "passive_hits": 3
    },
    "completeness_sections": {
      "overview": false,
      "install": true,
      "quickstart": false,
      "dev_setup": false,
      "testing": false,
      "contrib": false,
      "coc": false,
      "troubleshooting": false,
      "release": false
    },
    "broken_link_ratio": 0.1,
    "rationale": {
      "readability": "Flesch=58.53 ASL=7.36 code_blocks=0",
      "actuality": "broken_link_ratio=0.1, months_since_push=-1.02",
      "completeness": "sections_present=['install']"
    },
    "run_ts": "2025-10-02T15:20:06.905133+00:00"
  },
  {
    "full_name": "simpleai-team/simpleai",
    "language": "Python",
    "owner_type": "Org",
    "stars": 990,
    "pushed_at": "2023-11-06T02:52:07+00:00",
    "latest_release_at": null,
    "bot_like_contribs": 0,
    "human_contribs": 11,
    "R": 3.5,
    "A": 2.5,
    "C": 2.3,
    "score": 2.84,
    "readability_feats": {
      "n_words": 509,
      "n_sents": 39,
      "flesch_reading_ease": 50.98,
      "avg_sentence_len": 13.05,
      "code_block_count": 29,
      "heading_count": 0,
      "passive_hits": 0
    },
    "completeness_sections": {
      "overview": false,
      "install": true,
      "quickstart": false,
      "dev_setup": false,
      "testing": true,
      "contrib": false,
      "coc": false,
      "troubleshooting": false,
      "release": false
    },
    "broken_link_ratio": 0.222,
    "rationale": {
      "readability": "Flesch=50.98 ASL=13.05 code_blocks=29",
      "actuality": "broken_link_ratio=0.222, months_since_push=21.81",
      "completeness": "sections_present=['install', 'testing']"
    },
    "run_ts": "2025-10-02T15:20:06.905133+00:00"
  },
  {
    "full_name": "bitcoindevkit/bdk",
    "language": "Rust",
    "owner_type": "Org",
    "stars": 981,
    "pushed_at": "2025-10-02T06:01:26+00:00",
    "latest_release_at": "2025-09-12T00:55:07+00:00",
    "bot_like_contribs": 1,
    "human_contribs": 59,
    "R": 3.5,
    "A": 3.5,
    "C": 3.1,
    "score": 3.38,
    "readability_feats": {
      "n_words": 1929,
      "n_sents": 229,
      "flesch_reading_ease": 56.54,
      "avg_sentence_len": 8.42,
      "code_block_count": 7,
      "heading_count": 7,
      "passive_hits": 15
    },
    "completeness_sections": {
      "overview": true,
      "install": false,
      "quickstart": false,
      "dev_setup": false,
      "testing": true,
      "contrib": true,
      "coc": false,
      "troubleshooting": false,
      "release": true
    },
    "broken_link_ratio": 0.3,
    "rationale": {
      "readability": "Flesch=56.54 ASL=8.42 code_blocks=7",
      "actuality": "broken_link_ratio=0.3, months_since_push=-1.05",
      "completeness": "sections_present=['contrib', 'overview', 'release', 'testing']"
    },
    "run_ts": "2025-10-02T15:20:06.905133+00:00"
  },
  {
    "full_name": "reactiveui/splat",
    "language": "C#",
    "owner_type": "Org",
    "stars": 989,
    "pushed_at": "2025-09-27T16:40:49+00:00",
    "latest_release_at": "2025-09-23T02:48:53+00:00",
    "bot_like_contribs": 4,
    "human_contribs": 56,
    "R": 3.5,
    "A": 3.5,
    "C": 4.3,
    "score": 3.74,
    "readability_feats": {
      "n_words": 4037,
      "n_sents": 554,
      "flesch_reading_ease": 35.58,
      "avg_sentence_len": 7.29,
      "code_block_count": 155,
      "heading_count": 47,
      "passive_hits": 32
    },
    "completeness_sections": {
      "overview": true,
      "install": true,
      "quickstart": true,
      "dev_setup": false,
      "testing": true,
      "contrib": true,
      "coc": true,
      "troubleshooting": false,
      "release": true
    },
    "broken_link_ratio": 0.45,
    "rationale": {
      "readability": "Flesch=35.58 ASL=7.29 code_blocks=155",
      "actuality": "broken_link_ratio=0.45, months_since_push=-0.89",
      "completeness": "sections_present=['coc', 'contrib', 'install', 'overview', 'quickstart', 'release', 'testing']"
    },
    "run_ts": "2025-10-02T15:20:06.905133+00:00"
  },
  {
    "full_name": "Azure/AzurePublicDataset",
    "language": "Jupyter Notebook",
    "owner_type": "Org",
    "stars": 996,
    "pushed_at": "2025-02-25T18:56:19+00:00",
    "latest_release_at": null,
    "bot_like_contribs": 1,
    "human_contribs": 12,
    "R": 3.0,
    "A": 3.0,
    "C": 1.9,
    "score": 2.67,
    "readability_feats": {
      "n_words": 1177,
      "n_sents": 84,
      "flesch_reading_ease": 21.18,
      "avg_sentence_len": 14.01,
      "code_block_count": 0,
      "heading_count": 11,
      "passive_hits": 7
    },
    "completeness_sections": {
      "overview": true,
      "install": false,
      "quickstart": false,
      "dev_setup": false,
      "testing": false,
      "contrib": false,
      "coc": false,
      "troubleshooting": false,
      "release": false
    },
    "broken_link_ratio": 0.0,
    "rationale": {
      "readability": "Flesch=21.18 ASL=14.01 code_blocks=0",
      "actuality": "broken_link_ratio=0.0, months_since_push=6.14",
      "completeness": "sections_present=['overview']"
    },
    "run_ts": "2025-10-02T15:20:06.905133+00:00"
  }
]