[
  {
    "full_name": "2dust/v2rayNG",
    "asof": "2025-09-01T00:00:00+00:00",
    "run_ts": "2025-10-02T20:50:19.080432+00:00",
    "comment_dump_index": {
      "repo_index": "mined/comments_365d/shard_16/2dust__v2rayNG/index.json",
      "shard_manifest": "mined/comments_365d/shard_16.comments.index.json",
      "counts": {
        "issue": 374,
        "review": 12,
        "total": 386
      },
      "pr_count_dumped": 408
    },
    "readme_words": 348,
    "docs_md_count": 0,
    "has_contributing": false,
    "has_coc": false,
    "has_issue_template": false,
    "has_pr_template": false,
    "has_codeowners": false,
    "has_maintainers": false,
    "has_governance": false,
    "has_workflows": true,
    "workflows_count": 2,
    "discussions_enabled": true,
    "onboarding_surfaces_count": 1,
    "pr_merge_rate_90": null,
    "denom_prs_90": 0,
    "censor_days": 7,
    "maintainer_first_reply_median_hrs_365": 6.781666666666666,
    "pr_with_human_maint_comment_rate_365": 0.228,
    "maintainer_to_author_comment_ratio_365": 0.908,
    "links_per_comment_365": 0.241,
    "denom_prs_comment_window_365": 404,
    "count_prs_with_maint_comment_365": 92,
    "count_maintainer_comments_365": 158,
    "count_author_comments_365": 174,
    "count_human_comments_365": 349,
    "count_links_365": 84,
    "convo_readability_feats": {
      "n_words": 8383,
      "n_sents": 847,
      "flesch_reading_ease": 68.56,
      "avg_sentence_len": 9.9,
      "code_block_count": 94,
      "heading_count": 0,
      "passive_hits": 58
    },
    "convo_broken_link_ratio_365": 0.35,
    "R_convo_rule_365": 4.3,
    "newcomers_strict_window": 50,
    "total_prs_in_window": 402,
    "conversion_1m": 0.214,
    "denom_conv_1m": 42,
    "conversion_3m": 0.324,
    "denom_conv_3m": 34,
    "conversion_6m": 0.379,
    "denom_conv_6m": 29,
    "additional_prs_1m": {
      "sum": 55,
      "avg": 1.31,
      "median": 0.0
    },
    "additional_prs_3m": {
      "sum": 154,
      "avg": 4.529,
      "median": 0.0
    },
    "additional_prs_6m": {
      "sum": 203,
      "avg": 7.0,
      "median": 0.0
    },
    "retention_1m": 0.119,
    "denom_ret_1m": 42,
    "retention_3m": 0.147,
    "denom_ret_3m": 34,
    "retention_6m": 0.069,
    "denom_ret_6m": 29,
    "newcomer_became_merger_ever_rate": null,
    "newcomer_became_merger_ever_count": 0,
    "denom_newcomer_became_merger_ever": 0
  },
  {
    "full_name": "AUTOMATIC1111/stable-diffusion-webui",
    "asof": "2025-09-01T00:00:00+00:00",
    "run_ts": "2025-10-02T20:50:19.080432+00:00",
    "comment_dump_index": {
      "repo_index": "mined/comments_365d/shard_16/AUTOMATIC1111__stable-diffusion-webui/index.json",
      "shard_manifest": "mined/comments_365d/shard_16.comments.index.json",
      "counts": {
        "issue": 658,
        "review": 66,
        "total": 724
      },
      "pr_count_dumped": 241
    },
    "readme_words": 1663,
    "docs_md_count": 0,
    "has_contributing": false,
    "has_coc": false,
    "has_issue_template": false,
    "has_pr_template": false,
    "has_codeowners": false,
    "has_maintainers": false,
    "has_governance": false,
    "has_workflows": true,
    "workflows_count": 3,
    "discussions_enabled": true,
    "onboarding_surfaces_count": 1,
    "pr_merge_rate_90": null,
    "denom_prs_90": 0,
    "censor_days": 7,
    "maintainer_first_reply_median_hrs_365": 5.3677777777777775,
    "pr_with_human_maint_comment_rate_365": 0.267,
    "maintainer_to_author_comment_ratio_365": 0.654,
    "links_per_comment_365": 0.532,
    "denom_prs_comment_window_365": 187,
    "count_prs_with_maint_comment_365": 50,
    "count_maintainer_comments_365": 89,
    "count_author_comments_365": 136,
    "count_human_comments_365": 312,
    "count_links_365": 166,
    "convo_readability_feats": {
      "n_words": 18940,
      "n_sents": 1074,
      "flesch_reading_ease": 56.32,
      "avg_sentence_len": 17.64,
      "code_block_count": 199,
      "heading_count": 5,
      "passive_hits": 125
    },
    "convo_broken_link_ratio_365": 0.3,
    "R_convo_rule_365": 3.3,
    "newcomers_strict_window": 78,
    "total_prs_in_window": 181,
    "conversion_1m": 0.2,
    "denom_conv_1m": 75,
    "conversion_3m": 0.206,
    "denom_conv_3m": 68,
    "conversion_6m": 0.317,
    "denom_conv_6m": 41,
    "additional_prs_1m": {
      "sum": 42,
      "avg": 0.56,
      "median": 0.0
    },
    "additional_prs_3m": {
      "sum": 27,
      "avg": 0.397,
      "median": 0.0
    },
    "additional_prs_6m": {
      "sum": 25,
      "avg": 0.61,
      "median": 0.0
    },
    "retention_1m": 0.0,
    "denom_ret_1m": 75,
    "retention_3m": 0.0,
    "denom_ret_3m": 68,
    "retention_6m": 0.0,
    "denom_ret_6m": 41,
    "newcomer_became_merger_ever_rate": null,
    "newcomer_became_merger_ever_count": 0,
    "denom_newcomer_became_merger_ever": 0
  },
  {
    "full_name": "f/awesome-chatgpt-prompts",
    "asof": "2025-09-01T00:00:00+00:00",
    "run_ts": "2025-10-02T20:50:19.080432+00:00",
    "comment_dump_index": {
      "repo_index": "mined/comments_365d/shard_16/f__awesome-chatgpt-prompts/index.json",
      "shard_manifest": "mined/comments_365d/shard_16.comments.index.json",
      "counts": {
        "issue": 256,
        "review": 49,
        "total": 305
      },
      "pr_count_dumped": 430
    },
    "readme_words": 21969,
    "docs_md_count": 0,
    "has_contributing": true,
    "has_coc": false,
    "has_issue_template": false,
    "has_pr_template": false,
    "has_codeowners": false,
    "has_maintainers": false,
    "has_governance": false,
    "has_workflows": true,
    "workflows_count": 4,
    "discussions_enabled": false,
    "onboarding_surfaces_count": 2,
    "pr_merge_rate_90": null,
    "denom_prs_90": 0,
    "censor_days": 7,
    "maintainer_first_reply_median_hrs_365": 676.4269444444444,
    "pr_with_human_maint_comment_rate_365": 0.211,
    "maintainer_to_author_comment_ratio_365": 2.519,
    "links_per_comment_365": 0.085,
    "denom_prs_comment_window_365": 142,
    "count_prs_with_maint_comment_365": 30,
    "count_maintainer_comments_365": 68,
    "count_author_comments_365": 27,
    "count_human_comments_365": 106,
    "count_links_365": 9,
    "convo_readability_feats": {
      "n_words": 2052,
      "n_sents": 153,
      "flesch_reading_ease": 61.37,
      "avg_sentence_len": 13.41,
      "code_block_count": 4,
      "heading_count": 1,
      "passive_hits": 31
    },
    "convo_broken_link_ratio_365": 0.778,
    "R_convo_rule_365": 4.3,
    "newcomers_strict_window": 86,
    "total_prs_in_window": 138,
    "conversion_1m": 0.113,
    "denom_conv_1m": 80,
    "conversion_3m": 0.108,
    "denom_conv_3m": 65,
    "conversion_6m": 0.111,
    "denom_conv_6m": 36,
    "additional_prs_1m": {
      "sum": 9,
      "avg": 0.113,
      "median": 0.0
    },
    "additional_prs_3m": {
      "sum": 7,
      "avg": 0.108,
      "median": 0.0
    },
    "additional_prs_6m": {
      "sum": 4,
      "avg": 0.111,
      "median": 0.0
    },
    "retention_1m": 0.0,
    "denom_ret_1m": 80,
    "retention_3m": 0.0,
    "denom_ret_3m": 65,
    "retention_6m": 0.0,
    "denom_ret_6m": 36,
    "newcomer_became_merger_ever_rate": null,
    "newcomer_became_merger_ever_count": 0,
    "denom_newcomer_became_merger_ever": 0
  },
  {
    "full_name": "pcottle/learnGitBranching",
    "asof": "2025-09-01T00:00:00+00:00",
    "run_ts": "2025-10-02T20:50:19.080432+00:00",
    "comment_dump_index": {
      "repo_index": "mined/comments_365d/shard_16/pcottle__learnGitBranching/index.json",
      "shard_manifest": "mined/comments_365d/shard_16.comments.index.json",
      "counts": {
        "issue": 141,
        "review": 8,
        "total": 149
      },
      "pr_count_dumped": 62
    },
    "readme_words": 1834,
    "docs_md_count": 0,
    "has_contributing": true,
    "has_coc": false,
    "has_issue_template": false,
    "has_pr_template": false,
    "has_codeowners": false,
    "has_maintainers": false,
    "has_governance": false,
    "has_workflows": true,
    "workflows_count": 1,
    "discussions_enabled": true,
    "onboarding_surfaces_count": 2,
    "pr_merge_rate_90": null,
    "denom_prs_90": 0,
    "censor_days": 7,
    "maintainer_first_reply_median_hrs_365": 4.108888888888889,
    "pr_with_human_maint_comment_rate_365": 0.656,
    "maintainer_to_author_comment_ratio_365": 3.389,
    "links_per_comment_365": 0.259,
    "denom_prs_comment_window_365": 61,
    "count_prs_with_maint_comment_365": 40,
    "count_maintainer_comments_365": 61,
    "count_author_comments_365": 18,
    "count_human_comments_365": 81,
    "count_links_365": 21,
    "convo_readability_feats": {
      "n_words": 2248,
      "n_sents": 175,
      "flesch_reading_ease": 68.93,
      "avg_sentence_len": 12.85,
      "code_block_count": 35,
      "heading_count": 0,
      "passive_hits": 10
    },
    "convo_broken_link_ratio_365": 0.55,
    "R_convo_rule_365": 4.3,
    "newcomers_strict_window": 32,
    "total_prs_in_window": 53,
    "conversion_1m": 0.133,
    "denom_conv_1m": 30,
    "conversion_3m": 0.138,
    "denom_conv_3m": 29,
    "conversion_6m": 0.211,
    "denom_conv_6m": 19,
    "additional_prs_1m": {
      "sum": 4,
      "avg": 0.133,
      "median": 0.0
    },
    "additional_prs_3m": {
      "sum": 4,
      "avg": 0.138,
      "median": 0.0
    },
    "additional_prs_6m": {
      "sum": 4,
      "avg": 0.211,
      "median": 0.0
    },
    "retention_1m": 0.0,
    "denom_ret_1m": 30,
    "retention_3m": 0.0,
    "denom_ret_3m": 29,
    "retention_6m": 0.0,
    "denom_ret_6m": 19,
    "newcomer_became_merger_ever_rate": null,
    "newcomer_became_merger_ever_count": 0,
    "denom_newcomer_became_merger_ever": 0
  },
  {
    "full_name": "derailed/k9s",
    "asof": "2025-09-01T00:00:00+00:00",
    "run_ts": "2025-10-02T20:50:19.080432+00:00",
    "comment_dump_index": {
      "repo_index": "mined/comments_365d/shard_16/derailed__k9s/index.json",
      "shard_manifest": "mined/comments_365d/shard_16.comments.index.json",
      "counts": {
        "issue": 692,
        "review": 306,
        "total": 998
      },
      "pr_count_dumped": 462
    },
    "readme_words": 6447,
    "docs_md_count": 0,
    "has_contributing": false,
    "has_coc": false,
    "has_issue_template": true,
    "has_pr_template": false,
    "has_codeowners": false,
    "has_maintainers": false,
    "has_governance": false,
    "has_workflows": true,
    "workflows_count": 4,
    "discussions_enabled": false,
    "onboarding_surfaces_count": 2,
    "pr_merge_rate_90": null,
    "denom_prs_90": 0,
    "censor_days": 7,
    "maintainer_first_reply_median_hrs_365": 113.1986111111111,
    "pr_with_human_maint_comment_rate_365": 0.264,
    "maintainer_to_author_comment_ratio_365": 0.906,
    "links_per_comment_365": 0.109,
    "denom_prs_comment_window_365": 379,
    "count_prs_with_maint_comment_365": 100,
    "count_maintainer_comments_365": 213,
    "count_author_comments_365": 235,
    "count_human_comments_365": 488,
    "count_links_365": 53,
    "convo_readability_feats": {
      "n_words": 13489,
      "n_sents": 1132,
      "flesch_reading_ease": 68.97,
      "avg_sentence_len": 11.92,
      "code_block_count": 37,
      "heading_count": 5,
      "passive_hits": 78
    },
    "convo_broken_link_ratio_365": 0.8,
    "R_convo_rule_365": 4.3,
    "newcomers_strict_window": 126,
    "total_prs_in_window": 342,
    "conversion_1m": 0.101,
    "denom_conv_1m": 119,
    "conversion_3m": 0.124,
    "denom_conv_3m": 97,
    "conversion_6m": 0.114,
    "denom_conv_6m": 70,
    "additional_prs_1m": {
      "sum": 17,
      "avg": 0.143,
      "median": 0.0
    },
    "additional_prs_3m": {
      "sum": 14,
      "avg": 0.144,
      "median": 0.0
    },
    "additional_prs_6m": {
      "sum": 11,
      "avg": 0.157,
      "median": 0.0
    },
    "retention_1m": 0.017,
    "denom_ret_1m": 119,
    "retention_3m": 0.01,
    "denom_ret_3m": 97,
    "retention_6m": 0.014,
    "denom_ret_6m": 70,
    "newcomer_became_merger_ever_rate": null,
    "newcomer_became_merger_ever_count": 0,
    "denom_newcomer_became_merger_ever": 0
  }
]