[
  {
    "full_name": "linkchecker/linkchecker",
    "html_url": "https://github.com/linkchecker/linkchecker",
    "description": "check links in web documents or full websites",
    "language": "Python",
    "stars": 995,
    "forks": 161,
    "open_issues": 91,
    "owner_type": "Org",
    "created_at": "2017-01-31T15:46:03+00:00",
    "pushed_at": "2025-10-01T18:47:57+00:00",
    "default_branch": "master",
    "docs": {
      "README.rst": "LinkChecker\n============\n\n|Build Status|_ |License|_\n\n.. |Build Status| image:: https://github.com/linkchecker/linkchecker/actions/workflows/build.yml/badge.svg?branch=master\n.. _Build Status: https://github.com/linkchecker/linkchecker/actions/workflows/build.yml\n.. |License| image:: https://img.shields.io/badge/license-GPL2-d49a6a.svg\n.. _License: https://opensource.org/licenses/GPL-2.0\n\nCheck for broken links in web sites.\n\nFeatures\n---------\n\n- recursive and multithreaded checking and site crawling\n- output in colored or normal text, HTML, SQL, CSV, XML or a sitemap graph in different formats\n- HTTP/1.1, HTTPS, FTP, mailto: and local file links support\n- restrict link checking with regular expression filters for URLs\n- proxy support\n- username/password authorization for HTTP and FTP\n- honors robots.txt exclusion protocol\n- Cookie support\n- HTML5 support\n- a command line and web interface\n- various check plugins available\n\nInstallation\n-------------\n\nPython 3.9 or later is needed. Using pip to install LinkChecker:\n\n``pip3 install linkchecker``\n\npipx can also be used to install LinkChecker.\n\nThe version in the pip repository may be old, to find out how to get the latest\ncode, plus platform-specific information and other advice see `doc/install.txt`_\nin the source code archive.\n\n.. _doc/install.txt: https://linkchecker.github.io/linkchecker/install.html\n\n\nUsage\n------\nExecute ``linkchecker https://www.example.com``.\nFor other options see ``linkchecker --help``, and for more information the\nmanual pages `linkchecker(1)`_ and `linkcheckerrc(5)`_.\n\n.. _linkchecker(1): https://linkchecker.github.io/linkchecker/man/linkchecker.html\n\n.. _linkcheckerrc(5): https://linkchecker.github.io/linkchecker/man/linkcheckerrc.html\n\nDocker usage\n-------------\n\nIf you do not want to install any additional libraries/dependencies you can use\nthe Docker image which is published on GitHub Packages.\n\nExample for external web site check::\n\n  docker run --rm -it -u $(id -u):$(id -g) ghcr.io/linkchecker/linkchecker:latest --verbose https://www.example.com\n\nLocal HTML file check::\n\n  docker run --rm -it -u $(id -u):$(id -g) -v \"$PWD\":/mnt ghcr.io/linkchecker/linkchecker:latest --verbose index.html\n\nIn addition to the rolling latest image, uniquely tagged images can also be found\non the `packages`_ page.\n\n.. _packages: https://github.com/linkchecker/linkchecker/pkgs/container/linkchecker\n"
    },
    "latest_release_at": "2025-07-28T18:41:00+00:00",
    "bot_like_contribs": 1,
    "human_contribs": 50,
    "run_ts": "2025-10-02T15:19:45.762690+00:00"
  },
  {
    "full_name": "simpleai-team/simpleai",
    "html_url": "https://github.com/simpleai-team/simpleai",
    "description": "simple artificial intelligence utilities",
    "language": "Python",
    "stars": 990,
    "forks": 250,
    "open_issues": 13,
    "owner_type": "Org",
    "created_at": "2012-07-24T23:12:50+00:00",
    "pushed_at": "2023-11-06T02:52:07+00:00",
    "default_branch": "master",
    "docs": {
      "README.rst": "Simple AI\n=========\n\nProject home: http://github.com/simpleai-team/simpleai\n\nThis lib implements many of the artificial intelligence algorithms described on the book \"Artificial Intelligence, a Modern Approach\", from Stuart Russel and Peter Norvig. We strongly recommend you to read the book, or at least the introductory chapters and the ones related to the components you want to use, because we won't explain the algorithms here.\n\nThis implementation takes some of the ideas from the Norvig's implementation (the `aima-python <https://code.google.com/p/aima-python/>`_ lib), but it's made with a more \"pythonic\" approach, and more emphasis on creating a stable, modern, and maintainable version. We are testing the majority of the lib, it's available via pip install, has a standard repo and lib architecture, well documented, respects the python pep8 guidelines, provides only working code (no placeholders for future things), etc. Even the internal code is written with readability in mind, not only the external API.\n\nAt this moment, the implementation includes:\n\n* Search\n    * Traditional search algorithms (not informed and informed)\n    * Local Search algorithms\n    * Constraint Satisfaction Problems algorithms\n    * Interactive execution viewers for search algorithms (web-based and terminal-based)\n* Machine Learning\n    * Statistical Classification \n\n\nInstallation\n============\n\nJust get it:\n\n.. code-block::\n\n    pip install simpleai\n\n\nAnd if you want to use the interactive search viewers, also install:\n\n.. code-block::\n\n    pip install pydot flask\n\n\nYou will need to have pip installed on your system. On linux install the \npython-pip package, on windows follow `this <http://stackoverflow.com/questions/4750806/how-to-install-pip-on-windows>`_.\nAlso, if you are on linux and not working with a virtualenv, remember to use\n``sudo`` for both commands (``sudo pip install ...``).\n\n\nExamples\n========\n\nSimple AI allows you to define problems and look for the solution with\ndifferent strategies. Another samples are in the ``samples`` directory, but\nhere is an easy one.\n\nThis problem tries to create the string \"HELLO WORLD\" using the A* algorithm:\n\n.. code-block:: python\n\n\n    from simpleai.search import SearchProblem, astar\n\n    GOAL = 'HELLO WORLD'\n\n\n    class HelloProblem(SearchProblem):\n        def actions(self, state):\n            if len(state) < len(GOAL):\n                return list(' ABCDEFGHIJKLMNOPQRSTUVWXYZ')\n            else:\n                return []\n\n        def result(self, state, action):\n            return state + action\n\n        def is_goal(self, state):\n            return state == GOAL\n\n        def heuristic(self, state):\n            # how far are we from the goal?\n            wrong = sum([1 if state[i] != GOAL[i] else 0\n                        for i in range(len(state))])\n            missing = len(GOAL) - len(state)\n            return wrong + missing\n\n    problem = HelloProblem(initial_state='')\n    result = astar(problem)\n\n    print(result.state)\n    print(result.path())\n\n\nMore detailed documentation\n===========================\n\nYou can read the docs online `here <http://simpleai.readthedocs.org/en/latest/>`_. Or for offline access, you can clone the project code repository and read them from the ``docs`` folder.\n\n\nHelp and discussion\n===================\n\nJoin us at the Simple AI `google group <http://groups.google.com/group/simpleai>`_.\n\n    \nAuthors\n=======\n\n* Many people you can find on the `contributors section <https://github.com/simpleai-team/simpleai/graphs/contributors>`_.\n* Special acknowledgements to `Machinalis <http://www.machinalis.com/>`_ for the time provided to work on this project. Machinalis also works on some other very interesting projects, like `Quepy <http://quepy.machinalis.com/>`_ and `more <https://github.com/machinalis>`_.\n"
    },
    "latest_release_at": null,
    "bot_like_contribs": 0,
    "human_contribs": 11,
    "run_ts": "2025-10-02T15:19:45.762690+00:00"
  },
  {
    "full_name": "bitcoindevkit/bdk",
    "html_url": "https://github.com/bitcoindevkit/bdk",
    "description": "A modern, lightweight, descriptor-based wallet library written in Rust!",
    "language": "Rust",
    "stars": 981,
    "forks": 403,
    "open_issues": 72,
    "owner_type": "Org",
    "created_at": "2020-01-22T21:16:35+00:00",
    "pushed_at": "2025-10-02T06:01:26+00:00",
    "default_branch": "master",
    "docs": {
      "README.md": "# The Bitcoin Dev Kit\n\n<div align=\"center\">\n\n  <img src=\"./static/bdk.png\" width=\"220\" />\n\n  <p>\n    <strong>A suite of libraries for building modern, lightweight, descriptor-based wallets written in Rust!</strong>\n  </p>\n\n  <p>\n    <a href=\"https://github.com/bitcoindevkit/bdk/blob/master/LICENSE\"><img alt=\"MIT or Apache-2.0 Licensed\" src=\"https://img.shields.io/badge/license-MIT%2FApache--2.0-blue.svg\"/></a>\n    <a href=\"https://github.com/bitcoindevkit/bdk/actions?query=workflow%3ACI\"><img alt=\"CI Status\" src=\"https://github.com/bitcoindevkit/bdk/workflows/CI/badge.svg\"></a>\n    <a href=\"https://coveralls.io/github/bitcoindevkit/bdk?branch=master\"><img src=\"https://coveralls.io/repos/github/bitcoindevkit/bdk/badge.svg?branch=master\"/></a>\n    <a href=\"https://blog.rust-lang.org/2022/08/11/Rust-1.63.0.html\"><img alt=\"Rustc Version 1.63.0+\" src=\"https://img.shields.io/badge/rustc-1.63.0%2B-lightgrey.svg\"/></a>\n    <a href=\"https://discord.gg/d7NkDKm\"><img alt=\"Chat on Discord\" src=\"https://img.shields.io/discord/753336465005608961?logo=discord\"></a>\n  </p>\n\n  <h4>\n    <a href=\"https://bitcoindevkit.org\">Project Homepage</a>\n  </h4>\n</div>\n\n## About\n\nThe `bdk` libraries aim to provide well engineered and reviewed components for Bitcoin wallets and other applications.\nThey are built upon the excellent [`rust-bitcoin`] and [`rust-miniscript`] crates.\n\n## Architecture\n\nThe workspace in this repository contains several crates in the `/crates` directory:\n\n| Sub-Directory | Description | Badges |\n|---------------|-------------|--------|\n| [`chain`](./crates/chain) | Tools for storing and indexing chain data. | ![Chain Crate Info](https://img.shields.io/crates/v/bdk_chain.svg) ![Chain API Docs](https://img.shields.io/badge/docs.rs-bdk_chain-green) |\n| [`core`](./crates/core) | A collection of core structures used by the [`bdk_chain`], [`bdk_wallet`], and BDK's chain data source crates. | ![Core Crate Info](https://img.shields.io/crates/v/bdk_core.svg) ![Core API Docs](https://img.shields.io/badge/docs.rs-bdk_core-green) |\n| [`esplora`](./crates/esplora) | Extends the [`esplora-client`] crate with methods to fetch chain data from an esplora HTTP server in the form that [`bdk_chain`] and `Wallet` can consume. | ![Esplora Crate Info](https://img.shields.io/crates/v/bdk_esplora.svg) ![Esplora API Docs](https://img.shields.io/badge/docs.rs-bdk_esplora-green) |\n| [`electrum`](./crates/electrum) | Extends the [`electrum-client`] crate with methods to fetch chain data from an electrum server in the form that [`bdk_chain`] and `Wallet` can consume. | ![Electrum Crate Info](https://img.shields.io/crates/v/bdk_electrum.svg) ![Electrum API Docs](https://img.shields.io/badge/docs.rs-bdk_electrum-green) |\n| [`bitcoind_rpc`](./crates/bitcoind_rpc) | Extends [`bitcoincore-rpc`] for emitting blockchain data from the `bitcoind` RPC interface in the form that [`bdk_chain`] and `Wallet` can consume. | ![BitcoinD RPC Crate Info](https://img.shields.io/crates/v/bdk_bitcoind_rpc.svg) ![BitcoinD RPC API Docs](https://img.shields.io/badge/docs.rs-bdk_bitcoind_rpc-green) |\n| [`file_store`](./crates/file_store) | Persistence backend for storing chain data in a single file. Intended for testing and development purposes, not for production. | ![File Store Crate Info](https://img.shields.io/crates/v/bdk_file_store.svg) ![File Store API Docs](https://img.shields.io/badge/docs.rs-bdk_file_store-green) |\n\nThe [`bdk_wallet`] repository and crate contains a higher level `Wallet` type that depends on the above lower-level mechanism crates.\n\nFully working examples of how to use these components are in `/examples`:\n\n- [`example_cli`](examples/example_cli): Library used by the `example_*` crates. Provides utilities for syncing, showing the balance, generating addresses and creating transactions without using the bdk_wallet `Wallet`.\n- [`example_electrum`](examples/example_electrum): A command line Bitcoin wallet application built on top of `example_cli` and the `electrum` crate. It shows the power of the bdk tools (`chain` + `file_store` + `electrum`), without depending on the main `bdk_wallet` library.\n- [`example_esplora`](examples/example_esplora): A command line Bitcoin wallet application built on top of `example_cli` and the `esplora` crate. It shows the power of the bdk tools (`chain` + `file_store` + `esplora`), without depending on the main `bdk_wallet` library.\n- [`example_bitcoind_rpc_polling`](examples/example_bitcoind_rpc_polling): A command line Bitcoin wallet application built on top of `example_cli` and the `bitcoind_rpc` crate. It shows the power of the bdk tools (`chain` + `file_store` + `bitcoind_rpc`), without depending on the main `bdk_wallet` library.\n\n[`rust-miniscript`]: https://github.com/rust-bitcoin/rust-miniscript\n[`rust-bitcoin`]: https://github.com/rust-bitcoin/rust-bitcoin\n[`esplora-client`]: https://docs.rs/esplora-client/\n[`electrum-client`]: https://docs.rs/electrum-client/\n[`bitcoincore-rpc`]: https://docs.rs/bitcoincore-rpc/\n[`bdk_chain`]: https://docs.rs/bdk-chain/\n[`bdk_wallet`]: https://github.com/bitcoindevkit/bdk_wallet\n\n## Minimum Supported Rust Version (MSRV)\n\nThe following BDK crates maintains a MSRV of 1.63.0. To build these crates with the MSRV of 1.63.0 you will need to pin dependencies by running the [`pin-msrv.sh`](./ci/pin-msrv.sh) script.\n\n- `bdk_core`\n- `bdk_chain`\n- `bdk_bitcoind_rpc`\n- `bdk_esplora`\n- `bdk_file_store`\n\nThe MSRV of the `bdk_electrum` crate is 1.75.0.\n\n## Just\n\nThis project has a [`justfile`](/justfile) for easy command running. You must have [`just`](https://github.com/casey/just) installed.\n\nTo see a list of available recipes: `just`\n\n## License\n\nLicensed under either of\n\n* Apache License, Version 2.0, ([LICENSE-APACHE](LICENSE-APACHE) or <https://www.apache.org/licenses/LICENSE-2.0>)\n* MIT license ([LICENSE-MIT](LICENSE-MIT) or <https://opensource.org/licenses/MIT>)\n\nat your option.\n\n### Contribution\n\nUnless you explicitly state otherwise, any contribution intentionally\nsubmitted for inclusion in the work by you, as defined in the Apache-2.0\nlicense, shall be dual licensed as above, without any additional terms or\nconditions.\n",
      "CONTRIBUTING.md": "Contributing to BDK\n==============================\n\nThe BDK project operates an open contributor model where anyone is welcome to\ncontribute towards development in the form of peer review, documentation,\ntesting and patches.\n\nAnyone is invited to contribute without regard to technical experience,\n\"expertise\", OSS experience, age, or other concern. However, the development of\ncryptocurrencies demands a high-level of rigor, adversarial thinking, thorough\ntesting and risk-minimization.\nAny bug may cost users real money. That being said, we deeply welcome people\ncontributing for the first time to an open source project or picking up Rust while\ncontributing. Don't be shy, you'll learn.\n\nCommunications Channels\n-----------------------\n\nCommunication about BDK happens primarily on the [BDK Discord](https://discord.gg/dstn4dQ).\n\nDiscussion about code base improvements happens in GitHub [issues](https://github.com/bitcoindevkit/bdk/issues) and\non [pull requests](https://github.com/bitcoindevkit/bdk/pulls).\n\nContribution Workflow\n---------------------\n\nThe codebase is maintained using the \"contributor workflow\" where everyone\nwithout exception contributes patch proposals using \"pull requests\". This\nfacilitates social contribution, easy testing and peer review.\n\nTo contribute a patch, the workflow is as follows:\n\n  1. Fork Repository\n  2. Create topic branch\n  3. Commit patches\n\nIn general commits should be atomic and diffs should be easy to read.\nFor this reason do not mix any formatting fixes or code moves with actual code\nchanges. Further, each commit, individually, should compile and pass tests, in\norder to ensure git bisect and other automated tools function properly.\n\nWhen adding a new feature, thought must be given to the long term technical\ndebt.\nEvery new feature should be covered by functional tests where possible.\n\nWhen refactoring, structure your PR to make it easy to review and don't\nhesitate to split it into multiple small, focused PRs.\n\nThe Minimum Supported Rust Version is **1.63.0** (enforced by our CI).\n\nCommits should cover both the issue fixed and the solution's rationale.\nThese [guidelines](https://chris.beams.io/posts/git-commit/) should be kept in mind. Commit messages follow the [\"Conventional Commits 1.0.0\"](https://www.conventionalcommits.org/en/v1.0.0/) to make commit histories easier to read by humans and automated tools. All commits must be [GPG signed](https://docs.github.com/en/authentication/managing-commit-signature-verification/signing-commits).\n\nTo facilitate communication with other contributors, the project is making use\nof GitHub's \"assignee\" field. First check that no one is assigned and then\ncomment suggesting that you're working on it. If someone is already assigned,\ndon't hesitate to ask if the assigned party or previous commenter are still\nworking on it if it has been a while.\n\nDeprecation policy\n------------------\n\nWhere possible, breaking existing APIs should be avoided. Instead, add new APIs and\nuse [`#[deprecated]`](https://github.com/rust-lang/rfcs/blob/master/text/1270-deprecation.md)\nto discourage use of the old one.\n\nDeprecated APIs are typically maintained for one release cycle. In other words, an\nAPI that has been deprecated with the 0.10 release can be expected to be removed in the\n0.11 release. This allows for smoother upgrades without incurring too much technical\ndebt inside this library.\n\nIf you deprecated an API as part of a contribution, we encourage you to \"own\" that API\nand send a follow-up to remove it as part of the next release cycle.\n\nPeer review\n-----------\n\nAnyone may participate in peer review which is expressed by comments in the\npull request. Typically reviewers will review the code for obvious errors, as\nwell as test out the patch set and opine on the technical merits of the patch.\nPR should be reviewed first on the conceptual level before focusing on code\nstyle or grammar fixes.\n\nTo merge a PR we require all CI tests to pass, the PR has at least one approving review by a maintainer with write access, and reasonable criticisms have been addressed.\n\nCoding Conventions\n------------------\n\nThis codebase uses spaces, not tabs.\nRun `just check` to check formatting, linting, compilation and commit signing, `just fmt` to format code before commiting, and `just test` to run tests for all crates.\nThis is also enforced by the CI.\nAll public items must be documented. We adhere to the [Rust API Guidelines](https://rust-lang.github.io/api-guidelines/about.html) with respect to documentation.\n\nThe library is written using safe rust. Special consideration must be given to code which proposes an exception to the rule.\n\nAll new features require testing. Tests should be unique and self-describing. If a test is in development or is broken or no longer useful, then a reason should be given for adding the `#[ignore]` attribute.\n\nSecurity\n--------\n\nSecurity is a high priority of BDK; disclosure of security vulnerabilities helps\nprevent user loss of funds.\n\nNote that BDK is currently considered \"pre-production\" during this time, there\nis no special handling of security issues. Please simply open an issue on\nGithub.\n\nBDK requires all commits to be signed using PGP. Refer to\n[this guide](https://git-scm.com/book/en/v2/Git-Tools-Signing-Your-Work)\nif you don't have a PGP key set up with `git` yet.\n\nTesting\n-------\n\nRelated to the security aspect, BDK developers take testing very seriously.\nDue to the modular nature of the project, writing new functional tests is easy\nand good test coverage of the codebase is an important goal.\nRefactoring the project to enable fine-grained unit testing is also an ongoing\neffort.\n\nFirst Time Contributors\n-----------------------\n\nIf it is your first time contributing to the BDK family of libraries, welcome! We're glad to have you with us. If your\nfirst (or few first) PRs are focused on very small fixes to documentation, however, they might not meet our threshold\nfor acceptance for first time contributors.\n\nMinor grammar and punctuation fixes aren't a good way to start contributing to a project, and instead we suggest you\nstart with something a little more substantial. It's better to find an issue where you can demonstrate some knowledge\nof bitcoin or the code base, such as improving the substance of documentation, testing, or fixing some small issue\neven if it's considered low priority.\n\nThis being said we are always looking forward to working with new folks interested in contributing to our libraries.\nIf you are looking for issues to work on, check out the good first issue label and join our Discord server!\n\nGoing further\n-------------\n\nYou may be interested by Jon Atacks guide on [How to review Bitcoin Core PRs](https://github.com/jonatack/bitcoin-development/blob/master/how-to-review-bitcoin-core-prs.md)\nand [How to make Bitcoin Core PRs](https://github.com/jonatack/bitcoin-development/blob/master/how-to-make-bitcoin-core-prs.md).\nWhile there are differences between the projects in terms of context and\nmaturity, many of the suggestions offered apply to this project.\n\nOverall, have fun :)\n"
    },
    "latest_release_at": "2025-09-12T00:55:07+00:00",
    "bot_like_contribs": 1,
    "human_contribs": 59,
    "run_ts": "2025-10-02T15:19:45.762690+00:00"
  },
  {
    "full_name": "reactiveui/splat",
    "html_url": "https://github.com/reactiveui/splat",
    "description": "Makes things cross-platform",
    "language": "C#",
    "stars": 989,
    "forks": 142,
    "open_issues": 11,
    "owner_type": "Org",
    "created_at": "2013-06-30T18:47:46+00:00",
    "pushed_at": "2025-09-27T16:40:49+00:00",
    "default_branch": "main",
    "docs": {
      "README.md": "[![NuGet Stats](https://img.shields.io/nuget/v/splat.svg)](https://www.nuget.org/packages/splat) ![Build](https://github.com/reactiveui/splat/workflows/Build/badge.svg) [![Code Coverage](https://codecov.io/gh/reactiveui/splat/branch/main/graph/badge.svg)](https://codecov.io/gh/reactiveui/splat)\n<br>\n<a href=\"https://www.nuget.org/packages/splat\">\n        <img src=\"https://img.shields.io/nuget/dt/splat.svg\">\n</a>\n<a href=\"https://reactiveui.net/slack\">\n        <img src=\"https://img.shields.io/badge/chat-slack-blue.svg\">\n</a>\n\n<img src=\"https://github.com/reactiveui/styleguide/blob/master/logo_splat/logo.png?raw=true\" width=\"200\" />\n\n# Splat\n\nCertain types of things are basically impossible to do in cross-platform\nmobile code today, yet there's no reason why. Writing a ViewModel that handles\nloading a gallery of pictures from disk will be completely riddled with\n`#ifdefs` and basically unreadable.\n\nSplat aims to fix that, by providing a usable leaky abstraction above platform\ncode. It is leaky, because it always provides an extension method `ToNative()`\nand `FromNative()`, which converts the abstraction to the platform-specific\nversion. Load the image in the cross-platform code, then call `ToNative()` in\nyour view to actually display it.\n\n### What does it do?\n\nSplat currently supports:\n\n* Cross-platform image loading/saving\n* A port of System.Drawing.Color for portable libraries\n* Cross-platform geometry primitives (PointF, SizeF, RectangleF), as well as a bunch of\n  additional extension methods to make using them easier.\n* A way to detect whether you're in a Unit Test runner / Design Mode\n* A cross-platform logging framework\n* Simple yet flexible Service Location\n\n### Core Team\n\n<table>\n  <tbody>\n    <tr>\n      <td align=\"center\" valign=\"top\">\n        <img width=\"100\" height=\"100\" src=\"https://github.com/glennawatson.png?s=150\">\n        <br>\n        <a href=\"https://github.com/glennawatson\">Glenn Watson</a>\n        <p>Melbourne, Australia</p>\n      </td>\n      <td align=\"center\" valign=\"top\">\n        <img width=\"100\" height=\"100\" src=\"https://github.com/rlittlesii.png?s=150\">\n        <br>\n        <a href=\"https://github.com/rlittlesii\">Rodney Littles II</a>\n        <p>Texas, USA</p>\n      </td>\n    </tr>\n    <tr>\n      <td align=\"center\" valign=\"top\">\n        <img width=\"100\" height=\"100\" src=\"https://github.com/dpvreony.png?s=150\">\n        <br>\n        <a href=\"https://github.com/dpvreony\">David Vreony</a>\n        <p>UK</p>\n      </td>\n      <td align=\"center\" valign=\"top\">\n        <img width=\"100\" height=\"100\" src=\"https://github.com/chrispulman.png?s=150\">\n        <br>\n        <a href=\"https://github.com/chrispulman\">Chris Pulman</a>\n        <p>UK</p>\n      </td>\n    </tr>\n  </tbody>\n</table>\n\n### How do I install?\n\n[Always Be NuGetting](https://nuget.org/packages/Splat/). Package contains binaries for:\n\n* .NET Framework 4.6.2, .NET Framework 4.7.2, .NET Standard 2.0, .NET 6.0, and .NET 8.0\n- Works with:\n  * WPF\n  * Windows Forms\n  * WinUI 3\n  * Maui (WinUI, Android, iOS and Mac)\n  * Avalonia\n\n## Detecting whether you're in a unit test runner\n\n```cs\n// If true, we are running unit tests\nModeDetector.InUnitTestRunner();  \n```\n\n## Service Location\n\nSplat provides a simple service location implementation that is optimized for\nDesktop and Mobile applications, while still remaining reasonably flexible.\n\nThere are 2 parts to the locator design:\n\n* **Locator.Current** The property to use to **retrieve** services. Locator.Current is a static variable that can be set on startup, to adapt Splat to other DI/IoC frameworks. We're currently working from v7 onward to make it easier to use your DI/IoC framework of choice. (see below)\n* **Locator.CurrentMutable** The property to use to **register** services\n\nTo get a service:\n\n```cs\n// To get a single service registration\nvar toaster = Locator.Current.GetService<IToaster>();\n\n// To get all service registrations\nvar allToasterImpls = Locator.Current.GetServices<IToaster>();\n```\n\nLocator.Current is a static variable that can be set on startup, to adapt Splat\nto other DI/IoC frameworks. We're currently working from v7 onward to make it easier to use your DI/IoC framework of choice.\n\nThe default implementation of Service Location also allows new types to be\nregistered at runtime.\n\n```cs\n// Create a new Toaster any time someone asks\nLocator.CurrentMutable.Register(() => new Toaster(), typeof(IToaster));\n\n// Register a singleton instance\nLocator.CurrentMutable.RegisterConstant(new ExtraGoodToaster(), typeof(IToaster));\n\n// Register a singleton which won't get created until the first user accesses it\nLocator.CurrentMutable.RegisterLazySingleton(() => new LazyToaster(), typeof(IToaster));\n```\n\n### Dependency Injection Source Generator\nThere is a source generator that will inject constructor and properties. See [here](https://github.com/reactivemarbles/Splat.DI.SourceGenerator) for instructions.\n\n### Dependency Resolver Packages\nFor each of the provided dependency resolver adapters, there is a specific package that allows the service locator to be implemented by another ioc container.\n\n**Note:** When using ReactiveUI and overriding Splat's default behavior, you have to be sure to [initialize ReactiveUI](https://reactiveui.net/docs/handbook/dependency-inversion/custom-dependency-inversion#set-the-locator.current-to-your-implementation) before your container finalizes.\n\nPlease note: If you are adjusting behaviours of Splat by working with your custom container directly. Please read the relevant projects documentation on\nREPLACING the registration. If the container supports appending\\ multiple registrations you may get undesired behaviours, such as the wrong logger factory\nbeing used.\n\n| Container | NuGet | Read Me\n|---------|-------|-------|\n| [Splat.Autofac][SplatAutofacNuGet] | [![SplatAutofacBadge]][SplatAutofacNuGet] | [Setup Autofac][SplatAutofacReadme]\n| [Splat.DryIoc][SplatDryIocNuGet] | [![SplatDryIocBadge]][SplatDryIocNuGet] | [Setup DryIoc][SplatDryIocReadme]\n| [Splat.Microsoft.Extensions.DependencyInjection][SplatMicrosoftNuGet] | [![SplatMicrosoftBadge]][SplatMicrosoftNuGet] | [Setup Microsoft DI][SplatMicrosoftReadme]\n| [Splat.Ninject][SplatNinjectNuGet] | [![SplatNinjectBadge]][SplatNinjectNuGet] | [Setup Ninject][SplatNinjectReadme]\n| [Splat.SimpleInjector][SplatSimpleInjectorNuGet] | [![SplatSimpleInjectorBadge]][SplatSimpleInjectorNuGet] | [Setup Simple Injector][SplatSimpleInjectorReadme] |\n\n[SplatAutofacNuGet]: https://www.nuget.org/packages/Splat.Autofac/\n[SplatAutofacBadge]: https://img.shields.io/nuget/v/Splat.Autofac.svg\n[SplatAutofacReadme]: ./src/Splat.Autofac/README.md\n[SplatDryIocNuGet]: https://www.nuget.org/packages/Splat.DryIoc/\n[SplatDryIocBadge]: https://img.shields.io/nuget/v/Splat.DryIoc.svg\n[SplatDryIocReadme]: ./src/Splat.DryIoc/README.md\n[SplatMicrosoftNuGet]: https://www.nuget.org/packages/Splat.Microsoft.Extensions.DependencyInjection/\n[SplatMicrosoftBadge]: https://img.shields.io/nuget/v/Splat.Microsoft.Extensions.DependencyInjection.svg\n[SplatMicrosoftReadme]: ./src/Splat.Microsoft.Extensions.DependencyInjection/README.md\n[SplatNinjectNuGet]: https://www.nuget.org/packages/Splat.Ninject/\n[SplatNinjectBadge]: https://img.shields.io/nuget/v/Splat.Ninject.svg\n[SplatNinjectReadme]: ./src/Splat.Ninject/README.md\n[SplatSimpleInjectorNuGet]: https://www.nuget.org/packages/Splat.SimpleInjector/\n[SplatSimpleInjectorBadge]: https://img.shields.io/nuget/v/Splat.SimpleInjector.svg\n[SplatSimpleInjectorReadme]: ./src/Splat.SimpleInjector/README.md\n\n## AppBuilder and IModule (AOT-friendly configuration)\n\nWhen targeting AOT or trimming scenarios, you can configure Splat (and consumers such as ReactiveUI) without reflection using the AppBuilder and IModule pattern.\n\n- IModule defines a single Configure(IMutableDependencyResolver) method where you register services.\n- AppBuilder gathers modules and custom registrations, then applies them to a chosen resolver when Build() is called.\n- You can target the current Locator.CurrentMutable or an external container that implements IMutableDependencyResolver via UseCurrentSplatLocator().\n\n### Define modules\n\n```cs\nusing Splat;\nusing Splat.Builder;\n\n// App services\npublic sealed class CoreModule : IModule\n{\n    public void Configure(IMutableDependencyResolver resolver)\n    {\n        // register your services here\n        resolver.RegisterLazySingleton(() => new ApiClient(), typeof(IApiClient));\n        resolver.Register(() => new MainViewModel(resolver.GetService<IApiClient>()!), typeof(IMainViewModel));\n    }\n}\n\n// Logging (Serilog adapter) - requires Splat.Serilog package\nusing Splat.Serilog;\npublic sealed class SerilogModule : IModule\n{\n    public void Configure(IMutableDependencyResolver resolver)\n    {\n        // assumes Serilog.Log has been configured elsewhere\n        resolver.UseSerilogFullLogger();\n    }\n}\n\n// Cross-platform drawing (IBitmapLoader) - requires Splat.Drawing package\npublic sealed class DrawingModule : IModule\n{\n    public void Configure(IMutableDependencyResolver resolver)\n    {\n        resolver.RegisterPlatformBitmapLoader();\n    }\n}\n```\n\nTip: You can also apply a module immediately to the current locator without a builder:\n\n```cs\nnew CoreModule().Apply(); // calls module.Configure(Locator.CurrentMutable)\n```\n\n### Build your application registrations\n\n```cs\nusing Splat;\nusing Splat.Builder;\n\n// choose the resolver to configure (Locator.CurrentMutable by default)\nnew AppBuilder(Locator.CurrentMutable)\n    .UsingModule(new CoreModule())\n    .UsingModule(new SerilogModule())\n    .UsingModule(new DrawingModule())\n    // ad-hoc registrations can be added too\n    .WithCustomRegistration(r => r.RegisterConstant(new AppConfig(\"Prod\"), typeof(AppConfig)))\n    .Build();\n```\n\n### Using an external container as the Splat resolver\n\nIf you adapt an external container to Splat first, UseCurrentSplatLocator() ensures later module registrations are applied to that container instance.\n\nMicrosoft.Extensions.DependencyInjection example:\n\n```cs\nusing Microsoft.Extensions.DependencyInjection;\nusing Microsoft.Extensions.Logging;\nusing Splat;\nusing Splat.Builder;\nusing Splat.Microsoft.Extensions.DependencyInjection;\nusing Splat.Microsoft.Extensions.Logging;\n\nvar services = new ServiceCollection();\nservices.UseMicrosoftDependencyResolver(); // set Locator.Current to MS.DI resolver backed by IServiceCollection\n\n// register framework logging provider that forwards to Splat\nservices.AddLogging(b => b.AddSplat());\n\n// build container and rebind Locator.Current to the built provider\nvar provider = services.BuildServiceProvider();\nprovider.UseMicrosoftDependencyResolver();\n\nnew AppBuilder(Locator.CurrentMutable)\n    .UseCurrentSplatLocator() // target whatever Locator.CurrentMutable points to (MS.DI in this case)\n    .UsingModule(new CoreModule())\n    .WithCustomRegistration(r =>\n    {\n        // forward Microsoft.Extensions.Logging to Splat\n        var factory = provider.GetRequiredService<ILoggerFactory>();\n        r.UseMicrosoftExtensionsLoggingWithWrappingFullLogger(factory);\n    })\n    .Build();\n```\n\nThe same pattern works with other adapters (Autofac, DryIoc, SimpleInjector, Ninject) after setting Locator.Current to the adapter’s resolver.\n\n### Extending AppBuilder\n\nAppBuilder is extensible. Override WithCoreServices() to ensure common registrations are always applied before modules:\n\n```cs\nusing Splat;\nusing Splat.Builder;\n\npublic sealed class MyAppBuilder : AppBuilder\n{\n    public MyAppBuilder(IMutableDependencyResolver resolver) : base(resolver) { }\n\n    public override AppBuilder WithCoreServices()\n    {\n        // register core bits once for your app\n        // e.g., default logger, scheduler, or platform services\n        // resolver is obtained per registration in Build(),\n        // so prefer idempotent registrations guarded by HasRegistration\n        return this;\n    }\n}\n\n// usage\nnew MyAppBuilder(Locator.CurrentMutable)\n    .UsingModule(new CoreModule())\n    .Build();\n```\n\nNotes:\n- Build() is idempotent per process: subsequent calls no-op after the first successful build.\n- Prefer RegisterLazySingleton for singletons and check HasRegistration when composing multiple modules.\n\n## Logging\n\nSplat provides a simple logging proxy for libraries and applications to set up.\nBy default, this logging isn't configured (i.e. it logs to the Null Logger). To\nset up logging:\n\n1. Register an implementation of `ILogger` using Service Location.\n1. In the class in which you want to log stuff, \"implement\" the `IEnableLogger`\n   interface (this is a tag interface, no implementation actually needed).\n1. Call the `Log` method to write log entries:\n\n```cs\nthis.Log().Warn(\"Something bad happened: {0}\", errorMessage);\nthis.Log().ErrorException(\"Tried to do a thing and failed\", exception);\n```\n\nFor static methods, `LogHost.Default` can be used as the object to write a log\nentry for. The Static logger uses a different interface from the main logger to allow capture of additional\ncaller context as it doesn't have the details of the class instance etc. when compared to the normal logger.\nTo get the benefit of these you don't need to do much as they are optional parameters at the end of the methods\nthat are utilised by the compiler\\framework. Currently we only capture [CallerMemberName](https://docs.microsoft.com/en-us/dotnet/api/system.runtime.compilerservices.callermembernameattribute).\n\n### Available logging adapters\n\nSplat has support for the following logging frameworks\n\n| Target | Package | NuGet |\n|---------|-------|------|\n| Console | [Splat][SplatNuGet] | [![SplatBadge]][SplatNuGet] |\n| Debug | [Splat][SplatNuGet] | [![SplatBadge]][SplatNuGet] |\n| Log4Net | [Splat.Log4Net][SplatLog4NetNuGet] | [![SplatLog4NetBadge]][SplatLog4NetNuGet]  |\n| Microsoft Extensions Logging | [Splat.Microsoft.Extensions.Logging][SplatMicrosoftExtensionsLoggingNuGet] | [![SplatMicrosoftExtensionsLoggingBadge]][SplatMicrosoftExtensionsLoggingNuGet] |\n| NLog | [Splat.NLog][SplatNLogNuGet] | [![SplatNLogBadge]][SplatNLogNuGet] |\n| Serilog | [Splat.Serilog][SplatSerilogNuGet] | [![SplatSerilogBadge]][SplatSerilogNuGet] |\n\n[SplatNuGet]: https://www.nuget.org/packages/Splat/\n[SplatBadge]: https://img.shields.io/nuget/v/Splat.svg\n[SplatLog4NetNuGet]: https://www.nuget.org/packages/Splat.Log4Net/\n[SplatLog4NetBadge]: https://img.shields.io/nuget/v/Splat.Log4Net.svg\n[SplatMicrosoftExtensionsLoggingNuGet]: https://www.nuget.org/packages/Splat.Microsoft.Extensions.Logging/\n[SplatMicrosoftExtensionsLoggingBadge]: https://img.shields.io/nuget/v/Splat.Microsoft.Extensions.Logging.svg\n[SplatNLogNuGet]: https://www.nuget.org/packages/Splat.NLog/\n[SplatNLogBadge]: https://img.shields.io/nuget/v/Splat.NLog.svg\n[SplatSerilogNuGet]: https://www.nuget.org/packages/Splat.Serilog/\n[SplatSerilogBadge]: https://img.shields.io/nuget/v/Splat.Serilog.svg\n\n### Log4Net\n\nFirst configure Log4Net. For guidance see https://logging.apache.org/log4net/release/manual/configuration.html\n\n```cs\nusing Splat.Log4Net;\n\n// then in your service locator initialisation\nLocator.CurrentMutable.UseLog4NetWithWrappingFullLogger();\n```\n\nThanks to @dpvreony for first creating this logger.\n\n### Microsoft.Extensions.Logging\n\nFirst configure Microsoft.Extensions.Logging. For guidance see https://docs.microsoft.com/en-us/aspnet/core/fundamentals/logging/\n\n```cs\nusing Splat.Microsoft.Extensions.Logging;\n\n// note: this is different from the other adapter extension methods\n//       as it needs knowledge of the logger factory\n//       also the \"container\" is how you configured the Microsoft.Logging.Extensions\nvar loggerFactory = container.Resolve<ILoggerFactory>();\n// in theory it could also be\n// var loggerFactory = new LoggerFactory();\n\n\n/// then in your service locator initialisation\nLocator.CurrentMutable.UseMicrosoftExtensionsLoggingWithWrappingFullLogger(loggerFactory);\n```\n\nThanks to @dpvreony for first creating this logger.\n\n### NLog\n\nFirst configure NLog. For guidance see https://github.com/nlog/nlog/wiki/Tutorial and https://github.com/nlog/nlog/wiki/Configuration-file\n\n```cs\nusing Splat.NLog;\n\n//  then in your service locator initialisation\nLocator.CurrentMutable.UseNLogWithWrappingFullLogger();\n```\n\nThanks to @dpvreony for first creating this logger.\n\n### Serilog\n\nFirst configure Serilog. For guidance see https://github.com/serilog/serilog/wiki/Configuration-Basics\n\n```cs\nusing Splat.Serilog;\n\n// Then in your service locator initialisation\nLocator.CurrentMutable.UseSerilogFullLogger()\n```\n\nThanks to @joelweiss for first creating this logger.\n\n## Cross platform drawing\n\n| Target | Package | NuGet |\n|---------|-------|------|\n| Splat.Drawing | [Splat.Drawing][SplatDrawingNuGet] | [![SplatDrawingBadge]][SplatDrawingNuGet] |\n\n[SplatDrawingNuGet]: https://www.nuget.org/packages/Splat.Drawing/\n[SplatDrawingBadge]: https://img.shields.io/nuget/v/Splat.Drawing.svg\n\n### Using Cross-Platform Colors and Geometry\n\n\n```cs\n// This System.Drawing class works, even on WinRT where it's not supposed to exist\n// Also, this works in a Portable Library, in your ViewModel\nProfileBackgroundAccentColor = Color.FromArgb(255, 255, 255, 255);\n```\n\nLater, in the view, we can use it:\n\n```\nImageView.Background = ViewModel.ProfileBackgroundAccentColor.ToNativeBrush();\n```\n\nIf targeting iOS or Mac in a cross-platform solution (e.g. iOS & Android), use\nthe SplatColor class to define colors in your netstandard library\n(since Cocoa doesn't include System.Drawing.Color).\n\n```cs\n// In a netstandard library\nSplatColor BackgroundColor = SplatColor.Red;\n```\n\n```\n// From an iOS project\nUIColor bgColor = ViewModel.BackgroundColor.ToNative();\n```\n\n```\n// From an Android project\nAndroid.Graphics.Color bgColor = ViewModel.BackgroundColor.ToNative();\n```\n### Cross-platform Image Loading\n\nYou can register with the Splat locators.\n\n```cs\nLocator.CurrentMutable.RegisterPlatformBitmapLoader();\n```\n\nYou can then load your images in a cross platform way:\n\n```cs\n//\n// Load an Image\n// This code even works in a Portable Library\n//\n\nvar wc = new WebClient();\nStream imageStream = wc.OpenRead(\"http://octodex.github.com/images/Professortocat_v2.png\");\n\n// IBitmap is a type that provides basic image information such as dimensions\nIBitmap profileImage = await BitmapLoader.Current.Load(imageStream, null /* Use original width */, null /* Use original height */);\n```\n\nThen later, in your View:\n\n```cs\n// ToNative always converts an IBitmap into the type that the platform\n// uses, such as UIBitmap on iOS or BitmapSource in WPF\nImageView.Source = ViewModel.ProfileImage.ToNative();\n```\n\nImages can also be loaded from a Resource. On Android, this can either be a\nResource ID casted to a string, or the name of the resource *as* as string\n(optionally including the extension).\n\n```cs\nvar profileImage = await BitmapLoader.Current.LoadFromResource(\"DefaultAvatar.png\", null, null);\n```\n\nBitmaps can also be created and saved - actually *drawing* on the image is\nbeyond the scope of this library, you should do this in your view-specific\ncode.\n\n```cs\nvar blankImage = BitmapLoader.Current.Create(512.0f, 512.0f);\nawait blankImage.Save(CompressedBitmapFormat.Png, 0.0, File.Open(\"ItsBlank.png\"));\n```\n### Detecting if you're in design mode\n\n```cs\n// If true, we are running inside Blend, so don't do anything\nPlatformModeDetector.InDesignMode();\n```\n\n### Application Performance Monitoring\n\nApplication Performance Monitoring is split into the follow sections\n\n* Error Reporting\n* Feature Usage Tracking\n* View Tracking\n\nThe table below shows the support across various APM packages\n\n| Product | Package | NuGet | Maturity Level | Error Reporting | Feature Usage Tracking | View Tracking |\n|----|----|----|----|----|----|----|\n| Appcenter | [Splat.AppCenter][SplatAppcenterNuGet] | [![SplatAppcenterBadge]][SplatAppcenterNuGet] | Alpha | TODO | Native | Native |\n| Application Insights | [Splat.ApplicationInsights][SplatApplicationInsightsNuGet] | [![SplatApplicationInsightsBadge]][SplatApplicationInsightsNuGet] | Alpha | TODO | Native | Native |\n| Exceptionless | [Splat.Exceptionless][SplatExceptionlessNuGet] | [![SplatExceptionlessBadge]][SplatExceptionlessNuGet] | Alpha | TODO | Native | By Convention |\n| New Relic | N\\A | N\\A | Not Started | TODO | TODO | TODO\n| OpenTrace | N\\A | N\\A | Not Started |TODO | TODO | TODO\n| Raygun | [Splat.Raygun][SplatRaygunNuGet] | [![SplatRaygunBadge]][SplatRaygunNuGet] | Prototype | TODO | By Convention | By Convention |\n\n[SplatAppcenterNuGet]: https://www.nuget.org/packages/Splat.Appcenter/\n[SplatAppcenterBadge]: https://img.shields.io/nuget/v/Splat.Appcenter.svg\n[SplatApplicationInsightsNuGet]: https://www.nuget.org/packages/Splat.ApplicationInsights/\n[SplatApplicationInsightsBadge]: https://img.shields.io/nuget/v/Splat.ApplicationInsights.svg\n[SplatExceptionlessNuGet]: https://www.nuget.org/packages/Splat.Exceptionless/\n[SplatExceptionlessBadge]: https://img.shields.io/nuget/v/Splat.Exceptionless.svg\n[SplatRaygunNuGet]: https://www.nuget.org/packages/Splat.Raygun/\n[SplatRaygunBadge]: https://img.shields.io/nuget/v/Splat.Raygun.svg\n\n#### Goals of the Splat APM feature\n\n* To sit on top of existing APM libaries using native features where possible, or by using a common convention that gives parity in behaviour.\n** Where there is a convention behaviour it will be detailed under the relevant frameworks documentation.\n* To define basic behaviours that are dropped into consuming libraries, for example with ReactiveUI\n** Commands\n** ViewModels\n** Views\n\n#### Getting started with APM with Splat\n\nSplat comes with a default implementation that pushes events into your active Splat logging framework. This allows for design and testing prior to hooking up a full APM offering.\n\n#### Error Reporting\n\nTODO\n\n#### Feature Usage Tracking\n\nThe most basic ability for feature usage tracking is to implement the Splat.ApplicationPerformanceMonitoring.IEnableFeatureUsageTracking interface. This has the same behaviour as the logging interface and allows Splat to inject whichever\nAPM platform is registered with the ServiceLocator at initialization.\n\n```cs\n        /// <summary>\n        /// Dummy object for testing IEnableFeatureUsageTracking.\n        /// </summary>\n        public sealed class TestObjectThatSupportsFeatureUsageTracking : IEnableFeatureUsageTracking\n        {\n\t\t\tpublic async Task SomeFeatureIWantToTrack()\n\t\t\t{\n                using (var trackingSession = this.FeatureUsageTrackingSession(\"featureName\"))\n                {\n\t\t\t\t\ttry\n\t\t\t\t\t{\n\t\t\t\t\t\t// do some work here.\n\t\t\t\t\t}\n\t\t\t\t\tcatch (Exception exception)\n\t\t\t\t\t{\n\t\t\t\t\t\ttrackingSession.OnException(exception);\n\t\t\t\t\t}\n                }\n\t\t\t}\n        }\n```\n\nSplat also has the notion of subfeatures, some APM platforms support this natively, others have been done by convention, which will be explained in the relevant library.\nSplat itself does not dictate when these should be used. It's up to you. You may have a primary feature (such as a search view) and then track buttons, etc. on that view\nas subfeatures.\n\n```cs\n        /// <summary>\n        /// Dummy object for testing IEnableFeatureUsageTracking.\n        /// </summary>\n        public sealed class TestObjectThatSupportsFeatureUsageTracking : IEnableFeatureUsageTracking\n        {\n\t\t\tpublic async Task SomeFeatureIWantToTrack()\n\t\t\t{\n                using (var mainFeature = this.FeatureUsageTrackingSession(\"featureName\"))\n                {\n\t\t\t\t\ttry\n\t\t\t\t\t{\n\t\t\t\t\t\tawait DoSubFeature(mainFeature).ConfigureAwait(false);\n\t\t\t\t\t}\n\t\t\t\t\tcatch (Exception exception)\n\t\t\t\t\t{\n\t\t\t\t\t\tmainFeature.OnException(exception);\n\t\t\t\t\t}\n                }\n\t\t\t}\n\n\t\t\tpublic async Task SomeFeatureIWantToTrack(IFeatureUsageTrackingSession parentFeature)\n\t\t\t{\n                using (var subFeature = parentFeature.SubFeature(\"subFeatureName\"))\n                {\n\t\t\t\t\ttry\n\t\t\t\t\t{\n\t\t\t\t\t\t// do some work here.\n\t\t\t\t\t}\n\t\t\t\t\tcatch (Exception exception)\n\t\t\t\t\t{\n\t\t\t\t\t\tsubFeature.OnException(exception);\n\t\t\t\t\t}\n                }\n\t\t\t}\n        }\n```\n\n#### View Tracking\n\nTODO\n\n#### Configuring Appcenter\n\nFirst configure Appcenter. For guidance see https://docs.microsoft.com/en-us/appcenter/diagnostics/enabling-diagnostics\n\n```cs\nusing Splat.AppCenter;\n\n// then in your service locator initialisation\nLocator.CurrentMutable.UseAppcenterApm();\n```\n\n#### Configuring Application Insights\n\nFirst configure Application Insights. For guidance see https://docs.microsoft.com/en-us/azure/azure-monitor/app/worker-service\n\n```cs\nusing Splat.ApplicationInsights;\n\n// then in your service locator initialisation\nLocator.CurrentMutable.UseApplicationInsightsApm();\n```\n\n#### Configuring Exceptionless\n\nFirst configure Exceptionless. For guidance see https://github.com/exceptionless/Exceptionless/wiki/Getting-Started\n\n```cs\nusing Splat.Exceptionless;\n\n// then in your service locator initialisation\nLocator.CurrentMutable.UseExceptionlessApm();\n```\n\n#### Configuring New Relic\n\nNew Relic support isn't currently available.\n\n#### Configuring OpenTrace\n\nOpenTrace support isn't currently available.\n\n#### Configuring Raygun\n\nFirst configure Raygun. For guidance see TODO\n\n```cs\nusing Splat.Raygun;\n\n// then in your service locator initialisation\nLocator.CurrentMutable.UseRaygunApm();\n```\n\n#### Testing and developing the APM functionality\n\nThe unit tests for this functionality do not generate activity to the relevant platform.\nThe integration tests DO SEND TEST DATA to the relevant platforms, so they need to have\nthe user-secrets configured. There is a script in the \\scripts\\inttestusersecrets.cmd\nthat shows how to set the relevant secrets up.\n\n## Contribute\n\nSplat is developed under an OSI-approved open source license, making it freely usable and distributable, even for commercial use. We ❤ the people who are involved in this project, and we’d love to have you on board, especially if you are just getting started or have never contributed to open-source before.\n\nSo here's to you, lovely person who wants to join us — this is how you can support us:\n\n* [Responding to questions on StackOverflow](https://stackoverflow.com/questions/tagged/splat)\n* [Passing on knowledge and teaching the next generation of developers](http://ericsink.com/entries/dont_use_rxui.html)\n* Submitting documentation updates where you see fit or lacking.\n* Making contributions to the code base.\n",
      "CONTRIBUTING.md": "# Contributing to Splat\n\nWe'd love for you to contribute to our source code and to make splat even better than it is\ntoday! Here are the guidelines we'd like you to follow:\n\n - [Code of Conduct](https://reactiveui.net/code-of-conduct)\n - [Question or Problem?](#question)\n - [Issues and Bugs](#issue)\n - [Feature Requests](#feature)\n - [Submission Guidelines](#submit)\n - [Coding Rules](#rules)\n - [Commit Message Guidelines](https://reactiveui.net/contribute/software-style-guide/commit-message-convention)\n\n## <a name=\"question\"></a> Got a Question or Problem?\n\nIf you have questions about how to use splat, please direct these to [Discussions](https://github.com/reactiveui/splat/discussions). The project maintainers hang out in this [Slack](https://github.com/splat/splat#slack) channel.\n\n## <a name=\"issue\"></a> Found an Issue?\n\nIf you find a bug in the source code or a mistake in the documentation, you can help us by\nsubmitting an issue to our [GitHub Repository](https://github.com/splat/splat). Even better you can submit a Pull Request\nwith a fix.\n\n**Please see the [Submission Guidelines](#submit) below.**\n\n## <a name=\"feature\"></a> Want a Feature?\n\nYou can request a new feature by submitting an issue to our [GitHub Repository](https://github.com/splat/splat).  If you\nwould like to implement a new feature then consider what kind of change it is:\n\n* **Major Changes** that you wish to contribute to the project should be discussed first in [Slack](https://github.com/splat/splat#slack) so that we can better coordinate our efforts,\n  prevent duplication of work, and help you to craft the change so that it is successfully accepted\n  into the project.\n* **Small Changes** can be crafted and submitted to the [GitHub Repository](https://github.com/splat/splat) as a Pull\n  Request.\n\n## <a name=\"submit\"></a> Submission Guidelines\n\n### Submitting an Issue\n\nIf your issue appears to be a bug, and hasn't been reported, open a new issue. Help us to maximize\nthe effort we can spend fixing issues and adding new features, by not reporting duplicate issues.\n\nProviding the following information will increase the chances of your issue being dealt with\nquickly:\n\n* **Overview of the Issue** - if an error is being thrown a stack trace helps\n* **Motivation for or Use Case** - explain why this is a bug for you\n* **splat Version(s)** - is it a regression?\n* **Operating System** - is this a problem with all browsers or only specific ones?\n* **Reproduce the Error** - provide a example or an unambiguous set of steps.\n* **Related Issues** - has a similar issue been reported before?\n* **Suggest a Fix** - if you can't fix the bug yourself, perhaps you can point to what might be\n  causing the problem (line of code or commit)\n\n**If you get help, help others. Good karma rulez!**\n\n### Submitting a Pull Request\nBefore you submit your pull request consider the following guidelines:\n\n* Search [GitHub](https://github.com/splat/splat/pulls) for an open or closed Pull Request\n  that relates to your submission. You don't want to duplicate effort.\n* Make your changes in a new git branch:\n\n    ```shell\n    git checkout -b my-fix-branch main\n    ```\n\n* Create your patch, **including appropriate test cases**.\n* Follow our [Coding Rules](#rules).\n* Run the test suite, as described below.\n* Commit your changes using a descriptive commit message that follows our\n  [commit message conventions](#commit).\n\n    ```shell\n    git commit -a\n    ```\n  Note: the optional commit `-a` command line option will automatically \"add\" and \"rm\" edited files.\n\n* Build your changes locally to ensure all the tests pass:\n\n    ```shell\n    build.cmd\n    ```\n\n* Push your branch to GitHub:\n\n    ```shell\n    git push origin my-fix-branch\n    ```\n\nIn GitHub, send a pull request to `splat:main`.\n\nIf we suggest changes, then:\n\n* Make the required updates.\n* Re-run the test suite to ensure tests are still passing.\n* Commit your changes to your branch (e.g. `my-fix-branch`).\n* Push the changes to your GitHub repository (this will update your Pull Request).\n\nIf the PR gets too outdated we may ask you to rebase and force push to update the PR:\n\n```shell\ngit rebase main -i\ngit push origin my-fix-branch -f\n```\n\n_WARNING: Squashing or reverting commits and force-pushing thereafter may remove GitHub comments\non code that were previously made by you or others in your commits. Avoid any form of rebasing\nunless necessary._\n\nThat's it! Thank you for your contribution!\n\n#### After your pull request is merged\n\nAfter your pull request is merged, you can safely delete your branch and pull the changes\nfrom the main (upstream) repository:\n\n* Delete the remote branch on GitHub either through the GitHub web UI or your local shell as follows:\n\n    ```shell\n    git push origin --delete my-fix-branch\n    ```\n\n* Check out the main branch:\n\n    ```shell\n    git checkout main -f\n    ```\n\n* Delete the local branch:\n\n    ```shell\n    git branch -D my-fix-branch\n    ```\n\n* Update your main with the latest upstream version:\n\n    ```shell\n    git pull --ff upstream main\n    ```\n\n## <a name=\"rules\"></a> Coding Rules\n\nTo ensure consistency throughout the source code, keep these rules in mind as you are working:\n\n* All features or bug fixes **must be tested** by one or more unit tests.\n* All public API methods **must be documented** with XML documentation.\n",
      "CODE_OF_CONDUCT.md": "# Contributor Code of Conduct\n\nIf you’re being harassed, noticed someone else being harassed, or have any other concerns, please <a href=\"mailto:hello@reactiveui.net\">contact us immediately</a>. Your reports will be taken seriously and will not be dismissed or argued with. All members, committers and volunteers in this community are required to act according to the [Code of Conduct](https://reactiveui.net/code-of-conduct/).\n"
    },
    "latest_release_at": "2025-09-23T02:48:53+00:00",
    "bot_like_contribs": 4,
    "human_contribs": 56,
    "run_ts": "2025-10-02T15:19:45.762690+00:00"
  },
  {
    "full_name": "Azure/AzurePublicDataset",
    "html_url": "https://github.com/Azure/AzurePublicDataset",
    "description": "Microsoft Azure Traces",
    "language": "Jupyter Notebook",
    "stars": 996,
    "forks": 165,
    "open_issues": 12,
    "owner_type": "Org",
    "created_at": "2017-08-18T17:37:45+00:00",
    "pushed_at": "2025-02-25T18:56:19+00:00",
    "default_branch": "master",
    "docs": {
      "README.md": "# Overview\n\nThis repository contains public releases of Microsoft Azure traces for the benefit of the research and academic community.\n\nThere are currently four classes of traces:\n\n* VM Traces: two representative traces of the virtual machine (VM) workload of Microsoft Azure collected in 2017 and 2019, and one VM request trace specifically for investigating packing algorithms.\n* Azure Functions Traces: representative traces of Azure Functions invocations, collected over two weeks in 2019, and of Azure Functions blob accesses, collected between November and December of 2020.\n* Azure LLM Inference Traces: representative traces of LLM inference invocations with input and output tokens, collected in November 2023 and May 2024.\n* Azure VM Benchmark Noise Data: longitudinal data on performance variability for some resources and applications for two VM SKUs in two regions in Azure between May 2023 and September 2024.\n\nWe provide the traces as they are, but are willing to help researchers understand and use them. So, please let us know of any issues or questions by sending email to our  [mailing list](mailto:azurepublicdataset@service.microsoft.com).\n\n## Quick links by paper:\n\n* Traces ([2017](https://github.com/Azure/AzurePublicDataset/blob/master/AzurePublicDatasetV1.md))([2019](https://github.com/Azure/AzurePublicDataset/blob/master/AzurePublicDatasetV2.md)) for the paper \"Resource Central: Understanding and Predicting Workloads for Improved Resource Management in Large Cloud Platforms\" (SOSP'17)\n* Traces ([2019](https://github.com/Azure/AzurePublicDataset/blob/master/AzureFunctionsDataset2019.md)) for the paper \"Serverless in the Wild: Characterizing and Optimizing the Serverless Workload at a Large Cloud Provider\" (ATC'19)\n* Traces ([2020](https://github.com/Azure/AzurePublicDataset/blob/master/AzureTracesForPacking2020.md)) for the paper \"Protean: VM Allocation Service at Scale\" (OSDI'20)\n* Traces ([2020](https://github.com/Azure/AzurePublicDataset/blob/master/AzureFunctionsBlobDataset2020.md)) for the paper \"Faa$T: A Transparent Auto-Scaling Cache for Serverless Applications\" (SoCC'21)\n* Traces ([2023](https://github.com/Azure/AzurePublicDataset/blob/master/AzureLLMInferenceDataset2023.md)) for the paper \"Splitwise: Efficient generative LLM inference using phase splitting\" (ISCA'24)\n* Dataset and code ([2023](AzureGreenSKUFramework2023.md)) for the paper \"Designing Cloud Servers for Lower Carbon\" (ISCA'24)\n* Traces ([2024](https://github.com/Azure/AzurePublicDataset/blob/master/AzureLLMInferenceDataset2024.md)) for the paper \"DynamoLLM: Designing LLM Inference Clusters for Performance and Energy Efficiency\" (HPCA'25)\n* Cloud Benchmarks ([2024](https://github.com/Azure/AzurePublicDataset/blob/master/AzureVMNoiseDataset2024.md)) for the paper \"TUNA: Tuning Unstable and Noisy Cloud Applications\" (EuroSys'25)\n\n## VM Traces\n\nThe traces are sanitized subsets of the first-party VM workload in one of Azure’s geographical regions.  We include jupyter notebooks that directly compare the main characteristics of each trace to its corresponding full VM workload, showing that they are qualitatively very similar (except for VM deployment sizes in 2019).  Comparing the characteristics of the two traces illustrates how the workload has changed over this two-year span.\n\nIf you do use either of these VM traces in your research, please make sure to cite our SOSP’17 paper [\"Resource Central: Understanding and Predicting Workloads for Improved Resource Management in Large Cloud Platforms\"](https://www.microsoft.com/en-us/research/wp-content/uploads/2017/10/Resource-Central-SOSP17.pdf), which includes a full analysis of the Azure VM workload in 2017.\n\n### Trace Locations\n\n* [AzurePublicDatasetV1](https://github.com/Azure/AzurePublicDataset/blob/master/AzurePublicDatasetV1.md) - Trace created using data from 2017 Azure VM workload containing information about ~2M VMs and 1.2B utilization readings.\n* [AzurePublicDatasetV2](https://github.com/Azure/AzurePublicDataset/blob/master/AzurePublicDatasetV2.md) - Trace created using data from 2019 Azure VM workload containing information about ~2.6M VMs and 1.9B utilization readings.\n\n## Azure Traces for Packing\n\n* [AzureTracesForPacking2020](https://github.com/Azure/AzurePublicDataset/blob/master/AzureTracesForPacking2020.md) - This dataset represents part of the workload on Microsoft's Azure Compute and is specifically intended to evaluate packing algorithms. The dataset includes:\n\n  * VM requests along with their priority\n  * The lifetime for each requested VM\n  * The (normalized) resources allocated for each VM type.\n\nIf you do use the Azure Trace for Packing in your research, please make sure to cite our OSDI'20 paper [\"Protean: VM Allocation Service at Scale\"](https://www.usenix.org/system/files/osdi20-hadary.pdf), which includes a description of the Azure allocator and related workload analysis.\n\n\n## Azure Functions Traces\n\n### Function Invocations\n* [AzureFunctionsDataset2019](https://github.com/Azure/AzurePublicDataset/blob/master/AzureFunctionsDataset2019.md) - These traces contain, for a subset of applications running on Azure Functions in July of 2019:\n\n  * how many times per minute each (anonymized) function is invoked and its corresponding trigger group\n  * how (anonymized) functions are grouped into (anonymized) applications, and how applications are grouped by (anonymized) owner\n  * the distribution of execution times per function\n  * the distribution of memory usage per application\n\nIf you do use the Azure Functions 2019 traces in your research, please make sure to cite our ATC'20 paper [\"Serverless in the Wild: Characterizing and Optimizing the Serverless Workload at a Large Cloud Provider\"](https://www.microsoft.com/en-us/research/uploads/prod/2020/05/serverless-ATC20.pdf), which includes a full analysis of the Azure Functions workload in July 2019.\n\n* [AzureFunctionsInvocationTrace2021](https://github.com/Azure/AzurePublicDataset/blob/master/AzureFunctionsInvocationTrace2021.md) - This is a trace of function invocations for two weeks starting on 2021-01-31. The trace contains invocation arrival and departure (or compeletion) times, with the folloiwng schema:  \n\n  * app: application id (encrypted)\n  * func: function id (encrypted), and unique only within an application \n  * end_timestamp: function invocation end timestamp in millisecond\n  * duration: duration of function invocation in millisecond\n\n\nIf you do use the Azure Functions 2021 trace in your research, please cite this SOSP'21 paper [\"Faster and Cheaper Serverless Computing on Harvested Resources\"](https://www.microsoft.com/en-us/research/publication/faster-and-cheaper-serverless-computing-on-harvested-resources/).\n\n### Functions Blob Accesses\n\n* [AzureFunctionsBlobDataset2020](https://github.com/Azure/AzurePublicDataset/blob/master/AzureFunctionsBlobDataset2020.md) - This is a sample of the blob accesses in Microsoft's Azure Functions, collected between November 23<sup>rd</sup> and December 6<sup>th</sup> 2020. This dataset is the data described and analyzed in the SoCC 2021 paper 'Faa$T: A Transparent Auto-Scaling Cache for Serverless Applications'.\n\n\n## Azure LLM Inference Traces\n* [AzureLLMInferenceDataset2023](https://github.com/Azure/AzurePublicDataset/blob/master/AzureLLMInferenceDataset2023.md) - This is a sample of two LLM inference services in Azure containing the input and output tokens. This dataset was collected on November 11<sup>th</sup> 2023. This contains the data described and analyzed in the ISCA 2024 paper 'Splitwise: Efficient generative LLM inference using phase splitting'.\n* [AzureLLMInferenceDataset2024](https://github.com/Azure/AzurePublicDataset/blob/master/AzureLLMInferenceDataset2024.md) - This is a longer one week sample of two LLM inference services in Azure containing the input and output tokens. This dataset was collected on May 2024. This contains the data described and analyzed in the HPCA 2025 paper 'DynamoLLM: Designing LLM Inference Clusters for Performance and Energy Efficiency'.\n\n## Azure Benchmark Traces\n* [AzureVMNoiseDataset2024](https://github.com/Azure/AzurePublicDataset/blob/master/AzureVMNoiseDataset2024.md) - This is a set of benchmarks that were run repeatedely over a period of 483 days. This dataset was collected from May 2023 to September 2024, and described and used as motivation in the EuroSys 2025 paper 'TUNA: Tuning Unstable and Noisy Cloud Applications'.\n\n### Contact us\nPlease let us know of any issues or questions by sending email to our [mailing list](mailto:azurepublicdataset@service.microsoft.com).\n\nThese traces derive from a collaboration between Azure and Microsoft Research.\n"
    },
    "latest_release_at": null,
    "bot_like_contribs": 1,
    "human_contribs": 12,
    "run_ts": "2025-10-02T15:19:45.762690+00:00"
  }
]