[
  {
    "full_name": "apache/celeborn",
    "asof": "2025-09-01T00:00:00+00:00",
    "run_ts": "2025-10-02T15:47:33.012942+00:00",
    "comment_dump_index": {
      "repo_index": "mined/comments_365d/shard_14/apache__celeborn/index.json",
      "shard_manifest": "mined/comments_365d/shard_14.comments.index.json",
      "counts": {
        "issue": 2028,
        "review": 2448,
        "total": 4476
      },
      "pr_count_dumped": 794
    },
    "readme_words": 3352,
    "docs_md_count": 14,
    "has_contributing": true,
    "has_coc": false,
    "has_issue_template": true,
    "has_pr_template": true,
    "has_codeowners": false,
    "has_maintainers": false,
    "has_governance": false,
    "has_workflows": true,
    "workflows_count": 16,
    "discussions_enabled": true,
    "onboarding_surfaces_count": 5,
    "pr_merge_rate_90": null,
    "denom_prs_90": 0,
    "censor_days": 7,
    "maintainer_first_reply_median_hrs_365": 20.053055555555556,
    "pr_with_human_maint_comment_rate_365": 0.663,
    "maintainer_to_author_comment_ratio_365": 1.31,
    "links_per_comment_365": 0.106,
    "denom_prs_comment_window_365": 753,
    "count_prs_with_maint_comment_365": 499,
    "count_maintainer_comments_365": 1853,
    "count_author_comments_365": 1414,
    "count_human_comments_365": 3448,
    "count_links_365": 365,
    "convo_readability_feats": {
      "n_words": 18128,
      "n_sents": 2601,
      "flesch_reading_ease": 55.06,
      "avg_sentence_len": 6.97,
      "code_block_count": 221,
      "heading_count": 1,
      "passive_hits": 93
    },
    "convo_broken_link_ratio_365": 0.25,
    "R_convo_rule_365": 3.3,
    "newcomers_strict_window": 40,
    "total_prs_in_window": 719,
    "conversion_1m": 0.41,
    "denom_conv_1m": 39,
    "conversion_3m": 0.629,
    "denom_conv_3m": 35,
    "conversion_6m": 0.741,
    "denom_conv_6m": 27,
    "additional_prs_1m": {
      "sum": 39,
      "avg": 1.0,
      "median": 0.0
    },
    "additional_prs_3m": {
      "sum": 81,
      "avg": 2.314,
      "median": 1.0
    },
    "additional_prs_6m": {
      "sum": 115,
      "avg": 4.259,
      "median": 2.0
    },
    "retention_1m": 0.256,
    "denom_ret_1m": 39,
    "retention_3m": 0.229,
    "denom_ret_3m": 35,
    "retention_6m": 0.222,
    "denom_ret_6m": 27,
    "newcomer_became_merger_ever_rate": null,
    "newcomer_became_merger_ever_count": 0,
    "denom_newcomer_became_merger_ever": 0
  },
  {
    "full_name": "RubyCrypto/rbnacl",
    "asof": "2025-09-01T00:00:00+00:00",
    "run_ts": "2025-10-02T15:47:33.012942+00:00",
    "comment_dump_index": {
      "repo_index": "mined/comments_365d/shard_14/RubyCrypto__rbnacl/index.json",
      "shard_manifest": "mined/comments_365d/shard_14.comments.index.json",
      "counts": {
        "issue": 3,
        "review": 3,
        "total": 6
      },
      "pr_count_dumped": 7
    },
    "readme_words": 1006,
    "docs_md_count": 0,
    "has_contributing": false,
    "has_coc": false,
    "has_issue_template": false,
    "has_pr_template": false,
    "has_codeowners": false,
    "has_maintainers": false,
    "has_governance": false,
    "has_workflows": true,
    "workflows_count": 1,
    "discussions_enabled": false,
    "onboarding_surfaces_count": 1,
    "pr_merge_rate_90": null,
    "denom_prs_90": 0,
    "censor_days": 7,
    "maintainer_first_reply_median_hrs_365": 1988.141111111111,
    "pr_with_human_maint_comment_rate_365": 0.5,
    "maintainer_to_author_comment_ratio_365": 1.0,
    "links_per_comment_365": 0.0,
    "denom_prs_comment_window_365": 4,
    "count_prs_with_maint_comment_365": 2,
    "count_maintainer_comments_365": 2,
    "count_author_comments_365": 2,
    "count_human_comments_365": 4,
    "count_links_365": 0,
    "convo_readability_feats": {
      "n_words": 39,
      "n_sents": 6,
      "flesch_reading_ease": 72.25,
      "avg_sentence_len": 6.5,
      "code_block_count": 2,
      "heading_count": 0,
      "passive_hits": 0
    },
    "convo_broken_link_ratio_365": 0.0,
    "R_convo_rule_365": 4.3,
    "newcomers_strict_window": 2,
    "total_prs_in_window": 4,
    "conversion_1m": 0.0,
    "denom_conv_1m": 2,
    "conversion_3m": 0.0,
    "denom_conv_3m": 2,
    "conversion_6m": 0.0,
    "denom_conv_6m": 1,
    "additional_prs_1m": {
      "sum": 0,
      "avg": 0.0,
      "median": 0.0
    },
    "additional_prs_3m": {
      "sum": 0,
      "avg": 0.0,
      "median": 0.0
    },
    "additional_prs_6m": {
      "sum": 0,
      "avg": 0.0,
      "median": 0.0
    },
    "retention_1m": 0.0,
    "denom_ret_1m": 2,
    "retention_3m": 0.0,
    "denom_ret_3m": 2,
    "retention_6m": 0.0,
    "denom_ret_6m": 1,
    "newcomer_became_merger_ever_rate": null,
    "newcomer_became_merger_ever_count": 0,
    "denom_newcomer_became_merger_ever": 0
  },
  {
    "full_name": "3b1b/manim",
    "asof": "2025-09-01T00:00:00+00:00",
    "run_ts": "2025-10-02T15:47:33.012942+00:00",
    "comment_dump_index": {
      "repo_index": "mined/comments_365d/shard_14/3b1b__manim/index.json",
      "shard_manifest": "mined/comments_365d/shard_14.comments.index.json",
      "counts": {
        "issue": 89,
        "review": 24,
        "total": 113
      },
      "pr_count_dumped": 124
    },
    "readme_words": 980,
    "docs_md_count": 0,
    "has_contributing": false,
    "has_coc": false,
    "has_issue_template": true,
    "has_pr_template": true,
    "has_codeowners": false,
    "has_maintainers": false,
    "has_governance": false,
    "has_workflows": true,
    "workflows_count": 2,
    "discussions_enabled": true,
    "onboarding_surfaces_count": 3,
    "pr_merge_rate_90": null,
    "denom_prs_90": 0,
    "censor_days": 7,
    "maintainer_first_reply_median_hrs_365": 141.0402777777778,
    "pr_with_human_maint_comment_rate_365": 0.308,
    "maintainer_to_author_comment_ratio_365": 1.394,
    "links_per_comment_365": 0.229,
    "denom_prs_comment_window_365": 91,
    "count_prs_with_maint_comment_365": 28,
    "count_maintainer_comments_365": 46,
    "count_author_comments_365": 33,
    "count_human_comments_365": 83,
    "count_links_365": 19,
    "convo_readability_feats": {
      "n_words": 4499,
      "n_sents": 356,
      "flesch_reading_ease": 64.15,
      "avg_sentence_len": 12.64,
      "code_block_count": 70,
      "heading_count": 2,
      "passive_hits": 18
    },
    "convo_broken_link_ratio_365": 0.526,
    "R_convo_rule_365": 4.3,
    "newcomers_strict_window": 34,
    "total_prs_in_window": 82,
    "conversion_1m": 0.097,
    "denom_conv_1m": 31,
    "conversion_3m": 0.185,
    "denom_conv_3m": 27,
    "conversion_6m": 0.167,
    "denom_conv_6m": 18,
    "additional_prs_1m": {
      "sum": 6,
      "avg": 0.194,
      "median": 0.0
    },
    "additional_prs_3m": {
      "sum": 15,
      "avg": 0.556,
      "median": 0.0
    },
    "additional_prs_6m": {
      "sum": 12,
      "avg": 0.667,
      "median": 0.0
    },
    "retention_1m": 0.065,
    "denom_ret_1m": 31,
    "retention_3m": 0.037,
    "denom_ret_3m": 27,
    "retention_6m": 0.0,
    "denom_ret_6m": 18,
    "newcomer_became_merger_ever_rate": null,
    "newcomer_became_merger_ever_count": 0,
    "denom_newcomer_became_merger_ever": 0
  },
  {
    "full_name": "denysdovhan/wtfjs",
    "asof": "2025-09-01T00:00:00+00:00",
    "run_ts": "2025-10-02T15:47:33.012942+00:00",
    "comment_dump_index": {
      "repo_index": "mined/comments_365d/shard_14/denysdovhan__wtfjs/index.json",
      "shard_manifest": "mined/comments_365d/shard_14.comments.index.json",
      "counts": {
        "issue": 10,
        "review": 0,
        "total": 10
      },
      "pr_count_dumped": 7
    },
    "readme_words": 9621,
    "docs_md_count": 0,
    "has_contributing": true,
    "has_coc": false,
    "has_issue_template": false,
    "has_pr_template": false,
    "has_codeowners": false,
    "has_maintainers": false,
    "has_governance": false,
    "has_workflows": true,
    "workflows_count": 2,
    "discussions_enabled": true,
    "onboarding_surfaces_count": 2,
    "pr_merge_rate_90": null,
    "denom_prs_90": 0,
    "censor_days": 7,
    "maintainer_first_reply_median_hrs_365": 2900.0933333333332,
    "pr_with_human_maint_comment_rate_365": 0.5,
    "maintainer_to_author_comment_ratio_365": 1.0,
    "links_per_comment_365": 0.0,
    "denom_prs_comment_window_365": 2,
    "count_prs_with_maint_comment_365": 1,
    "count_maintainer_comments_365": 1,
    "count_author_comments_365": 0,
    "count_human_comments_365": 1,
    "count_links_365": 0,
    "convo_readability_feats": {
      "n_words": 9,
      "n_sents": 2,
      "flesch_reading_ease": 70.67,
      "avg_sentence_len": 4.5,
      "code_block_count": 0,
      "heading_count": 0,
      "passive_hits": 0
    },
    "convo_broken_link_ratio_365": 0.0,
    "R_convo_rule_365": 4.0,
    "newcomers_strict_window": 2,
    "total_prs_in_window": 2,
    "conversion_1m": 0.0,
    "denom_conv_1m": 2,
    "conversion_3m": 0.0,
    "denom_conv_3m": 1,
    "conversion_6m": 0.0,
    "denom_conv_6m": 1,
    "additional_prs_1m": {
      "sum": 0,
      "avg": 0.0,
      "median": 0.0
    },
    "additional_prs_3m": {
      "sum": 0,
      "avg": 0.0,
      "median": 0.0
    },
    "additional_prs_6m": {
      "sum": 0,
      "avg": 0.0,
      "median": 0.0
    },
    "retention_1m": 0.0,
    "denom_ret_1m": 2,
    "retention_3m": 0.0,
    "denom_ret_3m": 1,
    "retention_6m": 0.0,
    "denom_ret_6m": 1,
    "newcomer_became_merger_ever_rate": null,
    "newcomer_became_merger_ever_count": 0,
    "denom_newcomer_became_merger_ever": 0
  },
  {
    "full_name": "huihut/interview",
    "asof": "2025-09-01T00:00:00+00:00",
    "run_ts": "2025-10-02T15:47:33.012942+00:00",
    "comment_dump_index": {
      "repo_index": "mined/comments_365d/shard_14/huihut__interview/index.json",
      "shard_manifest": "mined/comments_365d/shard_14.comments.index.json",
      "counts": {
        "issue": 8,
        "review": 0,
        "total": 8
      },
      "pr_count_dumped": 4
    },
    "readme_words": 11175,
    "docs_md_count": 3,
    "has_contributing": false,
    "has_coc": false,
    "has_issue_template": false,
    "has_pr_template": false,
    "has_codeowners": false,
    "has_maintainers": false,
    "has_governance": false,
    "has_workflows": false,
    "workflows_count": 0,
    "discussions_enabled": false,
    "onboarding_surfaces_count": 2,
    "pr_merge_rate_90": null,
    "denom_prs_90": 0,
    "censor_days": 7,
    "maintainer_first_reply_median_hrs_365": 47.28138888888889,
    "pr_with_human_maint_comment_rate_365": 1.0,
    "maintainer_to_author_comment_ratio_365": 1.0,
    "links_per_comment_365": 1.0,
    "denom_prs_comment_window_365": 1,
    "count_prs_with_maint_comment_365": 1,
    "count_maintainer_comments_365": 1,
    "count_author_comments_365": 0,
    "count_human_comments_365": 1,
    "count_links_365": 1,
    "convo_readability_feats": {
      "n_words": 10,
      "n_sents": 2,
      "flesch_reading_ease": 49.48,
      "avg_sentence_len": 5.0,
      "code_block_count": 0,
      "heading_count": 0,
      "passive_hits": 0
    },
    "convo_broken_link_ratio_365": 1.0,
    "R_convo_rule_365": 3.0,
    "newcomers_strict_window": 0,
    "total_prs_in_window": 1,
    "conversion_1m": null,
    "denom_conv_1m": 0,
    "conversion_3m": null,
    "denom_conv_3m": 0,
    "conversion_6m": null,
    "denom_conv_6m": 0,
    "additional_prs_1m": {
      "sum": 0,
      "avg": null,
      "median": null
    },
    "additional_prs_3m": {
      "sum": 0,
      "avg": null,
      "median": null
    },
    "additional_prs_6m": {
      "sum": 0,
      "avg": null,
      "median": null
    },
    "retention_1m": null,
    "denom_ret_1m": 0,
    "retention_3m": null,
    "denom_ret_3m": 0,
    "retention_6m": null,
    "denom_ret_6m": 0,
    "newcomer_became_merger_ever_rate": null,
    "newcomer_became_merger_ever_count": 0,
    "denom_newcomer_became_merger_ever": 0
  }
]