[
  {
    "full_name": "RSSNext/Folo",
    "language": "TypeScript",
    "owner_type": "Org",
    "stars": 34577,
    "pushed_at": "2025-09-30T16:01:28+00:00",
    "latest_release_at": "2025-09-15T07:39:30+00:00",
    "bot_like_contribs": 1,
    "human_contribs": 59,
    "R": 3.5,
    "A": 3.5,
    "C": 4.7,
    "score": 3.86,
    "readability_feats": {
      "n_words": 2460,
      "n_sents": 270,
      "flesch_reading_ease": 47.75,
      "avg_sentence_len": 9.11,
      "code_block_count": 46,
      "heading_count": 28,
      "passive_hits": 15
    },
    "completeness_sections": {
      "overview": true,
      "install": true,
      "quickstart": true,
      "dev_setup": true,
      "testing": false,
      "contrib": true,
      "coc": true,
      "troubleshooting": true,
      "release": true
    },
    "broken_link_ratio": 0.55,
    "rationale": {
      "readability": "Flesch=47.75 ASL=9.11 code_blocks=46",
      "actuality": "broken_link_ratio=0.55, months_since_push=-0.99",
      "completeness": "sections_present=['coc', 'contrib', 'dev_setup', 'install', 'overview', 'quickstart', 'release', 'troubleshooting']"
    },
    "run_ts": "2025-10-02T22:46:38.940744+00:00"
  },
  {
    "full_name": "minio/minio",
    "language": "Go",
    "owner_type": "Org",
    "stars": 55520,
    "pushed_at": "2025-10-01T06:06:01+00:00",
    "latest_release_at": "2025-09-07T18:02:10+00:00",
    "bot_like_contribs": 1,
    "human_contribs": 59,
    "R": 3.5,
    "A": 3.5,
    "C": 3.9,
    "score": 3.62,
    "readability_feats": {
      "n_words": 4543,
      "n_sents": 422,
      "flesch_reading_ease": 49.3,
      "avg_sentence_len": 10.77,
      "code_block_count": 48,
      "heading_count": 51,
      "passive_hits": 29
    },
    "completeness_sections": {
      "overview": true,
      "install": true,
      "quickstart": true,
      "dev_setup": false,
      "testing": true,
      "contrib": true,
      "coc": false,
      "troubleshooting": false,
      "release": true
    },
    "broken_link_ratio": 0.25,
    "rationale": {
      "readability": "Flesch=49.3 ASL=10.77 code_blocks=48",
      "actuality": "broken_link_ratio=0.25, months_since_push=-1.02",
      "completeness": "sections_present=['contrib', 'install', 'overview', 'quickstart', 'release', 'testing']"
    },
    "run_ts": "2025-10-02T22:46:38.940744+00:00"
  },
  {
    "full_name": "ghostty-org/ghostty",
    "language": "Zig",
    "owner_type": "Org",
    "stars": 36398,
    "pushed_at": "2025-10-02T22:42:10+00:00",
    "latest_release_at": "2025-10-02T21:50:24+00:00",
    "bot_like_contribs": 1,
    "human_contribs": 59,
    "R": 3.5,
    "A": 3.5,
    "C": 3.1,
    "score": 3.38,
    "readability_feats": {
      "n_words": 2270,
      "n_sents": 185,
      "flesch_reading_ease": 53.47,
      "avg_sentence_len": 12.27,
      "code_block_count": 12,
      "heading_count": 23,
      "passive_hits": 32
    },
    "completeness_sections": {
      "overview": true,
      "install": true,
      "quickstart": false,
      "dev_setup": false,
      "testing": true,
      "contrib": true,
      "coc": false,
      "troubleshooting": false,
      "release": false
    },
    "broken_link_ratio": 0.65,
    "rationale": {
      "readability": "Flesch=53.47 ASL=12.27 code_blocks=12",
      "actuality": "broken_link_ratio=0.65, months_since_push=-1.05",
      "completeness": "sections_present=['contrib', 'install', 'overview', 'testing']"
    },
    "run_ts": "2025-10-02T22:46:38.940744+00:00"
  },
  {
    "full_name": "tinygrad/tinygrad",
    "language": "Python",
    "owner_type": "Org",
    "stars": 30209,
    "pushed_at": "2025-10-02T10:56:15+00:00",
    "latest_release_at": "2025-08-19T21:08:56+00:00",
    "bot_like_contribs": 0,
    "human_contribs": 60,
    "R": 4.5,
    "A": 4.0,
    "C": 3.5,
    "score": 4.05,
    "readability_feats": {
      "n_words": 6999,
      "n_sents": 833,
      "flesch_reading_ease": 63.48,
      "avg_sentence_len": 8.4,
      "code_block_count": 126,
      "heading_count": 95,
      "passive_hits": 30
    },
    "completeness_sections": {
      "overview": true,
      "install": true,
      "quickstart": true,
      "dev_setup": false,
      "testing": true,
      "contrib": true,
      "coc": false,
      "troubleshooting": false,
      "release": false
    },
    "broken_link_ratio": 0.0,
    "rationale": {
      "readability": "Flesch=63.48 ASL=8.4 code_blocks=126",
      "actuality": "broken_link_ratio=0.0, months_since_push=-1.05",
      "completeness": "sections_present=['contrib', 'install', 'overview', 'quickstart', 'testing']"
    },
    "run_ts": "2025-10-02T22:46:38.940744+00:00"
  },
  {
    "full_name": "TheAlgorithms/C-Plus-Plus",
    "language": "C++",
    "owner_type": "Org",
    "stars": 33035,
    "pushed_at": "2025-10-01T14:33:13+00:00",
    "latest_release_at": null,
    "bot_like_contribs": 1,
    "human_contribs": 59,
    "R": 3.5,
    "A": 4.0,
    "C": 4.3,
    "score": 3.89,
    "readability_feats": {
      "n_words": 3378,
      "n_sents": 341,
      "flesch_reading_ease": 40.73,
      "avg_sentence_len": 9.91,
      "code_block_count": 56,
      "heading_count": 40,
      "passive_hits": 32
    },
    "completeness_sections": {
      "overview": true,
      "install": true,
      "quickstart": false,
      "dev_setup": false,
      "testing": true,
      "contrib": true,
      "coc": true,
      "troubleshooting": true,
      "release": true
    },
    "broken_link_ratio": 0.1,
    "rationale": {
      "readability": "Flesch=40.73 ASL=9.91 code_blocks=56",
      "actuality": "broken_link_ratio=0.1, months_since_push=-1.02",
      "completeness": "sections_present=['coc', 'contrib', 'install', 'overview', 'release', 'testing', 'troubleshooting']"
    },
    "run_ts": "2025-10-02T22:46:38.940744+00:00"
  }
]