[
  {
    "full_name": "McCloudS/subgen",
    "language": "Python",
    "owner_type": "User",
    "stars": 989,
    "pushed_at": "2025-09-17T14:11:06+00:00",
    "latest_release_at": null,
    "bot_like_contribs": 1,
    "human_contribs": 15,
    "R": 3.5,
    "A": 3.5,
    "C": 2.7,
    "score": 3.26,
    "readability_feats": {
      "n_words": 3758,
      "n_sents": 322,
      "flesch_reading_ease": 50.73,
      "avg_sentence_len": 11.67,
      "code_block_count": 14,
      "heading_count": 22,
      "passive_hits": 14
    },
    "completeness_sections": {
      "overview": true,
      "install": true,
      "quickstart": false,
      "dev_setup": false,
      "testing": true,
      "contrib": false,
      "coc": false,
      "troubleshooting": false,
      "release": false
    },
    "broken_link_ratio": 0.6,
    "rationale": {
      "readability": "Flesch=50.73 ASL=11.67 code_blocks=14",
      "actuality": "broken_link_ratio=0.6, months_since_push=-0.56",
      "completeness": "sections_present=['install', 'overview', 'testing']"
    },
    "run_ts": "2025-10-02T14:52:08.467643+00:00"
  },
  {
    "full_name": "uniswap-python/uniswap-python",
    "language": "Python",
    "owner_type": "Org",
    "stars": 994,
    "pushed_at": "2024-11-05T14:35:50+00:00",
    "latest_release_at": "2023-09-09T12:18:51+00:00",
    "bot_like_contribs": 1,
    "human_contribs": 25,
    "R": 3.5,
    "A": 2.5,
    "C": 4.3,
    "score": 3.44,
    "readability_feats": {
      "n_words": 1400,
      "n_sents": 183,
      "flesch_reading_ease": 41.47,
      "avg_sentence_len": 7.65,
      "code_block_count": 2,
      "heading_count": 16,
      "passive_hits": 9
    },
    "completeness_sections": {
      "overview": true,
      "install": true,
      "quickstart": true,
      "dev_setup": false,
      "testing": true,
      "contrib": false,
      "coc": true,
      "troubleshooting": true,
      "release": true
    },
    "broken_link_ratio": 0.05,
    "rationale": {
      "readability": "Flesch=41.47 ASL=7.65 code_blocks=2",
      "actuality": "broken_link_ratio=0.05, months_since_push=9.82",
      "completeness": "sections_present=['coc', 'install', 'overview', 'quickstart', 'release', 'testing', 'troubleshooting']"
    },
    "run_ts": "2025-10-02T14:52:08.467643+00:00"
  },
  {
    "full_name": "Tencent/TencentKona-8",
    "language": "Java",
    "owner_type": "Org",
    "stars": 994,
    "pushed_at": "2025-08-05T03:46:34+00:00",
    "latest_release_at": "2025-07-28T06:46:16+00:00",
    "bot_like_contribs": 0,
    "human_contribs": 60,
    "R": 3.0,
    "A": 3.5,
    "C": 2.3,
    "score": 2.94,
    "readability_feats": {
      "n_words": 231,
      "n_sents": 22,
      "flesch_reading_ease": 40.53,
      "avg_sentence_len": 10.5,
      "code_block_count": 0,
      "heading_count": 6,
      "passive_hits": 0
    },
    "completeness_sections": {
      "overview": true,
      "install": true,
      "quickstart": false,
      "dev_setup": false,
      "testing": false,
      "contrib": false,
      "coc": false,
      "troubleshooting": false,
      "release": false
    },
    "broken_link_ratio": 0.75,
    "rationale": {
      "readability": "Flesch=40.53 ASL=10.5 code_blocks=0",
      "actuality": "broken_link_ratio=0.75, months_since_push=0.85",
      "completeness": "sections_present=['install', 'overview']"
    },
    "run_ts": "2025-10-02T14:52:08.467643+00:00"
  },
  {
    "full_name": "spatie/laravel-failed-job-monitor",
    "language": "PHP",
    "owner_type": "Org",
    "stars": 992,
    "pushed_at": "2025-09-08T07:51:58+00:00",
    "latest_release_at": "2025-02-19T07:00:54+00:00",
    "bot_like_contribs": 0,
    "human_contribs": 25,
    "R": 3.5,
    "A": 3.5,
    "C": 3.1,
    "score": 3.38,
    "readability_feats": {
      "n_words": 748,
      "n_sents": 98,
      "flesch_reading_ease": 37.24,
      "avg_sentence_len": 7.63,
      "code_block_count": 55,
      "heading_count": 14,
      "passive_hits": 1
    },
    "completeness_sections": {
      "overview": true,
      "install": true,
      "quickstart": false,
      "dev_setup": false,
      "testing": true,
      "contrib": true,
      "coc": false,
      "troubleshooting": false,
      "release": false
    },
    "broken_link_ratio": 0.2,
    "rationale": {
      "readability": "Flesch=37.24 ASL=7.63 code_blocks=55",
      "actuality": "broken_link_ratio=0.2, months_since_push=-0.26",
      "completeness": "sections_present=['contrib', 'install', 'overview', 'testing']"
    },
    "run_ts": "2025-10-02T14:52:08.467643+00:00"
  },
  {
    "full_name": "axiomhq/hyperloglog",
    "language": "Go",
    "owner_type": "Org",
    "stars": 999,
    "pushed_at": "2025-09-07T10:11:04+00:00",
    "latest_release_at": "2025-02-28T20:07:27+00:00",
    "bot_like_contribs": 0,
    "human_contribs": 22,
    "R": 3.0,
    "A": 4.0,
    "C": 1.9,
    "score": 2.97,
    "readability_feats": {
      "n_words": 440,
      "n_sents": 43,
      "flesch_reading_ease": 33.02,
      "avg_sentence_len": 10.23,
      "code_block_count": 0,
      "heading_count": 7,
      "passive_hits": 2
    },
    "completeness_sections": {
      "overview": false,
      "install": false,
      "quickstart": false,
      "dev_setup": false,
      "testing": false,
      "contrib": true,
      "coc": false,
      "troubleshooting": false,
      "release": false
    },
    "broken_link_ratio": 0.0,
    "rationale": {
      "readability": "Flesch=33.02 ASL=10.23 code_blocks=0",
      "actuality": "broken_link_ratio=0.0, months_since_push=-0.23",
      "completeness": "sections_present=['contrib']"
    },
    "run_ts": "2025-10-02T14:52:08.467643+00:00"
  }
]