[
  {
    "full_name": "scolladon/sfdx-git-delta",
    "asof": "2025-09-01T00:00:00+00:00",
    "run_ts": "2025-10-01T05:26:42.488578+00:00",
    "comment_dump_index": {
      "repo_index": "mined/comments_365d/shard_03/scolladon__sfdx-git-delta/index.json",
      "shard_manifest": "mined/comments_365d/shard_03.comments.index.json",
      "counts": {
        "issue": 693,
        "review": 85,
        "total": 778
      },
      "pr_count_dumped": 138
    },
    "readme_words": 4403,
    "docs_md_count": 1,
    "has_contributing": true,
    "has_coc": true,
    "has_issue_template": false,
    "has_pr_template": true,
    "has_codeowners": true,
    "has_maintainers": false,
    "has_governance": false,
    "has_workflows": true,
    "workflows_count": 8,
    "discussions_enabled": true,
    "onboarding_surfaces_count": 6,
    "pr_merge_rate_90": null,
    "denom_prs_90": 0,
    "censor_days": 7,
    "maintainer_first_reply_median_hrs_365": 1.3655555555555556,
    "pr_with_human_maint_comment_rate_365": 0.091,
    "maintainer_to_author_comment_ratio_365": 0.347,
    "links_per_comment_365": 0.494,
    "denom_prs_comment_window_365": 132,
    "count_prs_with_maint_comment_365": 12,
    "count_maintainer_comments_365": 52,
    "count_author_comments_365": 150,
    "count_human_comments_365": 247,
    "count_links_365": 122,
    "convo_readability_feats": {
      "n_words": 10902,
      "n_sents": 1095,
      "flesch_reading_ease": 54.53,
      "avg_sentence_len": 9.96,
      "code_block_count": 161,
      "heading_count": 9,
      "passive_hits": 53
    },
    "convo_broken_link_ratio_365": 0.2,
    "R_convo_rule_365": 3.3,
    "newcomers_strict_window": 8,
    "total_prs_in_window": 125,
    "conversion_1m": 0.0,
    "denom_conv_1m": 7,
    "conversion_3m": 0.0,
    "denom_conv_3m": 6,
    "conversion_6m": 0.25,
    "denom_conv_6m": 4,
    "additional_prs_1m": {
      "sum": 0,
      "avg": 0.0,
      "median": 0.0
    },
    "additional_prs_3m": {
      "sum": 0,
      "avg": 0.0,
      "median": 0.0
    },
    "additional_prs_6m": {
      "sum": 2,
      "avg": 0.5,
      "median": 0.0
    },
    "retention_1m": 0.0,
    "denom_ret_1m": 7,
    "retention_3m": 0.0,
    "denom_ret_3m": 6,
    "retention_6m": 0.0,
    "denom_ret_6m": 4,
    "newcomer_became_merger_ever_rate": 0.0,
    "newcomer_became_merger_ever_count": 0,
    "denom_newcomer_became_merger_ever": 1
  },
  {
    "full_name": "WardPearce/paaster",
    "asof": "2025-09-01T00:00:00+00:00",
    "run_ts": "2025-10-01T05:26:42.488578+00:00",
    "comment_dump_index": {
      "repo_index": "mined/comments_365d/shard_03/WardPearce__paaster/index.json",
      "shard_manifest": "mined/comments_365d/shard_03.comments.index.json",
      "counts": {
        "issue": 789,
        "review": 0,
        "total": 789
      },
      "pr_count_dumped": 380
    },
    "readme_words": 805,
    "docs_md_count": 0,
    "has_contributing": false,
    "has_coc": false,
    "has_issue_template": true,
    "has_pr_template": false,
    "has_codeowners": false,
    "has_maintainers": false,
    "has_governance": false,
    "has_workflows": true,
    "workflows_count": 2,
    "discussions_enabled": false,
    "onboarding_surfaces_count": 2,
    "pr_merge_rate_90": null,
    "denom_prs_90": 0,
    "censor_days": 7,
    "maintainer_first_reply_median_hrs_365": 16.27722222222222,
    "pr_with_human_maint_comment_rate_365": 0.235,
    "maintainer_to_author_comment_ratio_365": 54.0,
    "links_per_comment_365": 0.0,
    "denom_prs_comment_window_365": 374,
    "count_prs_with_maint_comment_365": 88,
    "count_maintainer_comments_365": 108,
    "count_author_comments_365": 2,
    "count_human_comments_365": 110,
    "count_links_365": 0,
    "convo_readability_feats": {
      "n_words": 478,
      "n_sents": 75,
      "flesch_reading_ease": -29.72,
      "avg_sentence_len": 6.37,
      "code_block_count": 30,
      "heading_count": 0,
      "passive_hits": 0
    },
    "convo_broken_link_ratio_365": 0.0,
    "R_convo_rule_365": 3.3,
    "newcomers_strict_window": 2,
    "total_prs_in_window": 354,
    "conversion_1m": 0.0,
    "denom_conv_1m": 2,
    "conversion_3m": 0.0,
    "denom_conv_3m": 1,
    "conversion_6m": 0.0,
    "denom_conv_6m": 1,
    "additional_prs_1m": {
      "sum": 0,
      "avg": 0.0,
      "median": 0.0
    },
    "additional_prs_3m": {
      "sum": 0,
      "avg": 0.0,
      "median": 0.0
    },
    "additional_prs_6m": {
      "sum": 0,
      "avg": 0.0,
      "median": 0.0
    },
    "retention_1m": 0.0,
    "denom_ret_1m": 2,
    "retention_3m": 0.0,
    "denom_ret_3m": 1,
    "retention_6m": 0.0,
    "denom_ret_6m": 1,
    "newcomer_became_merger_ever_rate": null,
    "newcomer_became_merger_ever_count": 0,
    "denom_newcomer_became_merger_ever": 0
  },
  {
    "full_name": "Mythologyli/zju-connect",
    "asof": "2025-09-01T00:00:00+00:00",
    "run_ts": "2025-10-01T05:26:42.488578+00:00",
    "comment_dump_index": {
      "repo_index": "mined/comments_365d/shard_03/Mythologyli__zju-connect/index.json",
      "shard_manifest": "mined/comments_365d/shard_03.comments.index.json",
      "counts": {
        "issue": 13,
        "review": 11,
        "total": 24
      },
      "pr_count_dumped": 4
    },
    "readme_words": 655,
    "docs_md_count": 4,
    "has_contributing": false,
    "has_coc": false,
    "has_issue_template": false,
    "has_pr_template": false,
    "has_codeowners": false,
    "has_maintainers": false,
    "has_governance": false,
    "has_workflows": true,
    "workflows_count": 3,
    "discussions_enabled": true,
    "onboarding_surfaces_count": 2,
    "pr_merge_rate_90": null,
    "denom_prs_90": 0,
    "censor_days": 7,
    "maintainer_first_reply_median_hrs_365": 0.1375,
    "pr_with_human_maint_comment_rate_365": 0.667,
    "maintainer_to_author_comment_ratio_365": 1.75,
    "links_per_comment_365": 0.0,
    "denom_prs_comment_window_365": 3,
    "count_prs_with_maint_comment_365": 2,
    "count_maintainer_comments_365": 14,
    "count_author_comments_365": 8,
    "count_human_comments_365": 23,
    "count_links_365": 0,
    "convo_readability_feats": {
      "n_words": 197,
      "n_sents": 6,
      "flesch_reading_ease": 57.56,
      "avg_sentence_len": 32.83,
      "code_block_count": 0,
      "heading_count": 0,
      "passive_hits": 0
    },
    "convo_broken_link_ratio_365": 0.0,
    "R_convo_rule_365": 2.5,
    "newcomers_strict_window": 1,
    "total_prs_in_window": 3,
    "conversion_1m": 0.0,
    "denom_conv_1m": 1,
    "conversion_3m": 0.0,
    "denom_conv_3m": 1,
    "conversion_6m": 0.0,
    "denom_conv_6m": 1,
    "additional_prs_1m": {
      "sum": 0,
      "avg": 0.0,
      "median": 0.0
    },
    "additional_prs_3m": {
      "sum": 0,
      "avg": 0.0,
      "median": 0.0
    },
    "additional_prs_6m": {
      "sum": 0,
      "avg": 0.0,
      "median": 0.0
    },
    "retention_1m": 0.0,
    "denom_ret_1m": 1,
    "retention_3m": 0.0,
    "denom_ret_3m": 1,
    "retention_6m": 0.0,
    "denom_ret_6m": 1,
    "newcomer_became_merger_ever_rate": null,
    "newcomer_became_merger_ever_count": 0,
    "denom_newcomer_became_merger_ever": 0
  },
  {
    "full_name": "Leedehai/typst-physics",
    "asof": "2025-09-01T00:00:00+00:00",
    "run_ts": "2025-10-01T05:26:42.488578+00:00",
    "comment_dump_index": {
      "repo_index": "mined/comments_365d/shard_03/Leedehai__typst-physics/index.json",
      "shard_manifest": "mined/comments_365d/shard_03.comments.index.json",
      "counts": {
        "issue": 23,
        "review": 0,
        "total": 23
      },
      "pr_count_dumped": 16
    },
    "readme_words": 632,
    "docs_md_count": 0,
    "has_contributing": false,
    "has_coc": false,
    "has_issue_template": false,
    "has_pr_template": false,
    "has_codeowners": false,
    "has_maintainers": false,
    "has_governance": false,
    "has_workflows": true,
    "workflows_count": 2,
    "discussions_enabled": false,
    "onboarding_surfaces_count": 1,
    "pr_merge_rate_90": null,
    "denom_prs_90": 0,
    "censor_days": 7,
    "maintainer_first_reply_median_hrs_365": 37.788333333333334,
    "pr_with_human_maint_comment_rate_365": 0.625,
    "maintainer_to_author_comment_ratio_365": 1.875,
    "links_per_comment_365": 0.174,
    "denom_prs_comment_window_365": 16,
    "count_prs_with_maint_comment_365": 10,
    "count_maintainer_comments_365": 15,
    "count_author_comments_365": 8,
    "count_human_comments_365": 23,
    "count_links_365": 4,
    "convo_readability_feats": {
      "n_words": 823,
      "n_sents": 75,
      "flesch_reading_ease": 70.49,
      "avg_sentence_len": 10.97,
      "code_block_count": 10,
      "heading_count": 0,
      "passive_hits": 1
    },
    "convo_broken_link_ratio_365": 0.75,
    "R_convo_rule_365": 4.3,
    "newcomers_strict_window": 12,
    "total_prs_in_window": 16,
    "conversion_1m": 0.091,
    "denom_conv_1m": 11,
    "conversion_3m": 0.111,
    "denom_conv_3m": 9,
    "conversion_6m": 0.25,
    "denom_conv_6m": 8,
    "additional_prs_1m": {
      "sum": 1,
      "avg": 0.091,
      "median": 0.0
    },
    "additional_prs_3m": {
      "sum": 1,
      "avg": 0.111,
      "median": 0.0
    },
    "additional_prs_6m": {
      "sum": 2,
      "avg": 0.25,
      "median": 0.0
    },
    "retention_1m": 0.0,
    "denom_ret_1m": 11,
    "retention_3m": 0.0,
    "denom_ret_3m": 9,
    "retention_6m": 0.0,
    "denom_ret_6m": 8,
    "newcomer_became_merger_ever_rate": null,
    "newcomer_became_merger_ever_count": 0,
    "denom_newcomer_became_merger_ever": 0
  },
  {
    "full_name": "danielewood/sierra-wireless-modems",
    "asof": "2025-09-01T00:00:00+00:00",
    "run_ts": "2025-10-01T05:26:42.488578+00:00",
    "comment_dump_index": {
      "repo_index": "mined/comments_365d/shard_03/danielewood__sierra-wireless-modems/index.json",
      "shard_manifest": "mined/comments_365d/shard_03.comments.index.json",
      "counts": {
        "issue": 1,
        "review": 0,
        "total": 1
      },
      "pr_count_dumped": 2
    },
    "readme_words": 2843,
    "docs_md_count": 0,
    "has_contributing": false,
    "has_coc": false,
    "has_issue_template": true,
    "has_pr_template": false,
    "has_codeowners": false,
    "has_maintainers": false,
    "has_governance": false,
    "has_workflows": true,
    "workflows_count": 1,
    "discussions_enabled": true,
    "onboarding_surfaces_count": 2,
    "pr_merge_rate_90": null,
    "denom_prs_90": 0,
    "censor_days": 7,
    "maintainer_first_reply_median_hrs_365": null,
    "pr_with_human_maint_comment_rate_365": 0.0,
    "maintainer_to_author_comment_ratio_365": null,
    "links_per_comment_365": 0.0,
    "denom_prs_comment_window_365": 1,
    "count_prs_with_maint_comment_365": 0,
    "count_maintainer_comments_365": 0,
    "count_author_comments_365": 0,
    "count_human_comments_365": 0,
    "count_links_365": 0,
    "convo_readability_feats": {
      "n_words": 0,
      "n_sents": 1,
      "flesch_reading_ease": 0.0,
      "avg_sentence_len": 0.0,
      "code_block_count": 0,
      "heading_count": 0,
      "passive_hits": 0
    },
    "convo_broken_link_ratio_365": 0.0,
    "R_convo_rule_365": 3.0,
    "newcomers_strict_window": 1,
    "total_prs_in_window": 1,
    "conversion_1m": 0.0,
    "denom_conv_1m": 1,
    "conversion_3m": null,
    "denom_conv_3m": 0,
    "conversion_6m": null,
    "denom_conv_6m": 0,
    "additional_prs_1m": {
      "sum": 0,
      "avg": 0.0,
      "median": 0.0
    },
    "additional_prs_3m": {
      "sum": 0,
      "avg": null,
      "median": null
    },
    "additional_prs_6m": {
      "sum": 0,
      "avg": null,
      "median": null
    },
    "retention_1m": 0.0,
    "denom_ret_1m": 1,
    "retention_3m": null,
    "denom_ret_3m": 0,
    "retention_6m": null,
    "denom_ret_6m": 0,
    "newcomer_became_merger_ever_rate": null,
    "newcomer_became_merger_ever_count": 0,
    "denom_newcomer_became_merger_ever": 0
  }
]