[
  {
    "full_name": "Ebazhanov/linkedin-skill-assessments-quizzes",
    "asof": "2025-09-01T00:00:00+00:00",
    "run_ts": "2025-10-02T20:51:28.667638+00:00",
    "comment_dump_index": {
      "repo_index": "mined/comments_365d/shard_17/Ebazhanov__linkedin-skill-assessments-quizzes/index.json",
      "shard_manifest": "mined/comments_365d/shard_17.comments.index.json",
      "counts": {
        "issue": 38,
        "review": 0,
        "total": 38
      },
      "pr_count_dumped": 53
    },
    "readme_words": 98025,
    "docs_md_count": 0,
    "has_contributing": true,
    "has_coc": true,
    "has_issue_template": false,
    "has_pr_template": false,
    "has_codeowners": true,
    "has_maintainers": false,
    "has_governance": false,
    "has_workflows": true,
    "workflows_count": 1,
    "discussions_enabled": false,
    "onboarding_surfaces_count": 4,
    "pr_merge_rate_90": null,
    "denom_prs_90": 0,
    "censor_days": 7,
    "maintainer_first_reply_median_hrs_365": 4.065833333333333,
    "pr_with_human_maint_comment_rate_365": 0.347,
    "maintainer_to_author_comment_ratio_365": 3.0,
    "links_per_comment_365": 0.0,
    "denom_prs_comment_window_365": 49,
    "count_prs_with_maint_comment_365": 17,
    "count_maintainer_comments_365": 18,
    "count_author_comments_365": 6,
    "count_human_comments_365": 24,
    "count_links_365": 0,
    "convo_readability_feats": {
      "n_words": 208,
      "n_sents": 13,
      "flesch_reading_ease": 41.32,
      "avg_sentence_len": 16.0,
      "code_block_count": 0,
      "heading_count": 0,
      "passive_hits": 0
    },
    "convo_broken_link_ratio_365": 0.0,
    "R_convo_rule_365": 3.0,
    "newcomers_strict_window": 12,
    "total_prs_in_window": 49,
    "conversion_1m": 0.417,
    "denom_conv_1m": 12,
    "conversion_3m": 0.455,
    "denom_conv_3m": 11,
    "conversion_6m": 0.5,
    "denom_conv_6m": 10,
    "additional_prs_1m": {
      "sum": 9,
      "avg": 0.75,
      "median": 0.0
    },
    "additional_prs_3m": {
      "sum": 9,
      "avg": 0.818,
      "median": 0.0
    },
    "additional_prs_6m": {
      "sum": 9,
      "avg": 0.9,
      "median": 0.5
    },
    "retention_1m": 0.0,
    "denom_ret_1m": 12,
    "retention_3m": 0.0,
    "denom_ret_3m": 11,
    "retention_6m": 0.0,
    "denom_ret_6m": 10,
    "newcomer_became_merger_ever_rate": null,
    "newcomer_became_merger_ever_count": 0,
    "denom_newcomer_became_merger_ever": 0
  },
  {
    "full_name": "aosabook/500lines",
    "asof": "2025-09-01T00:00:00+00:00",
    "run_ts": "2025-10-02T20:51:28.667638+00:00",
    "comment_dump_index": {
      "repo_index": "mined/comments_365d/shard_17/aosabook__500lines/index.json",
      "shard_manifest": "mined/comments_365d/shard_17.comments.index.json",
      "counts": {
        "issue": 8,
        "review": 0,
        "total": 8
      },
      "pr_count_dumped": 2
    },
    "readme_words": 1685,
    "docs_md_count": 0,
    "has_contributing": false,
    "has_coc": false,
    "has_issue_template": false,
    "has_pr_template": false,
    "has_codeowners": false,
    "has_maintainers": false,
    "has_governance": false,
    "has_workflows": false,
    "workflows_count": 0,
    "discussions_enabled": false,
    "onboarding_surfaces_count": 1,
    "pr_merge_rate_90": null,
    "denom_prs_90": 0,
    "censor_days": 7,
    "maintainer_first_reply_median_hrs_365": null,
    "pr_with_human_maint_comment_rate_365": 0.0,
    "maintainer_to_author_comment_ratio_365": null,
    "links_per_comment_365": 0.375,
    "denom_prs_comment_window_365": 2,
    "count_prs_with_maint_comment_365": 0,
    "count_maintainer_comments_365": 0,
    "count_author_comments_365": 0,
    "count_human_comments_365": 8,
    "count_links_365": 3,
    "convo_readability_feats": {
      "n_words": 120,
      "n_sents": 13,
      "flesch_reading_ease": 77.62,
      "avg_sentence_len": 9.23,
      "code_block_count": 0,
      "heading_count": 0,
      "passive_hits": 1
    },
    "convo_broken_link_ratio_365": 0.0,
    "R_convo_rule_365": 4.0,
    "newcomers_strict_window": 2,
    "total_prs_in_window": 2,
    "conversion_1m": 0.0,
    "denom_conv_1m": 2,
    "conversion_3m": 0.0,
    "denom_conv_3m": 2,
    "conversion_6m": 0.0,
    "denom_conv_6m": 2,
    "additional_prs_1m": {
      "sum": 0,
      "avg": 0.0,
      "median": 0.0
    },
    "additional_prs_3m": {
      "sum": 0,
      "avg": 0.0,
      "median": 0.0
    },
    "additional_prs_6m": {
      "sum": 0,
      "avg": 0.0,
      "median": 0.0
    },
    "retention_1m": 0.0,
    "denom_ret_1m": 2,
    "retention_3m": 0.0,
    "denom_ret_3m": 2,
    "retention_6m": 0.0,
    "denom_ret_6m": 2,
    "newcomer_became_merger_ever_rate": null,
    "newcomer_became_merger_ever_count": 0,
    "denom_newcomer_became_merger_ever": 0
  },
  {
    "full_name": "StevenBlack/hosts",
    "asof": "2025-09-01T00:00:00+00:00",
    "run_ts": "2025-10-02T20:51:28.667638+00:00",
    "comment_dump_index": {
      "repo_index": "mined/comments_365d/shard_17/StevenBlack__hosts/index.json",
      "shard_manifest": "mined/comments_365d/shard_17.comments.index.json",
      "counts": {
        "issue": 137,
        "review": 28,
        "total": 165
      },
      "pr_count_dumped": 43
    },
    "readme_words": 0,
    "docs_md_count": 0,
    "has_contributing": false,
    "has_coc": false,
    "has_issue_template": false,
    "has_pr_template": false,
    "has_codeowners": false,
    "has_maintainers": false,
    "has_governance": false,
    "has_workflows": true,
    "workflows_count": 4,
    "discussions_enabled": true,
    "onboarding_surfaces_count": 0,
    "pr_merge_rate_90": null,
    "denom_prs_90": 0,
    "censor_days": 7,
    "maintainer_first_reply_median_hrs_365": 40.57694444444444,
    "pr_with_human_maint_comment_rate_365": 0.762,
    "maintainer_to_author_comment_ratio_365": 1.277,
    "links_per_comment_365": 0.246,
    "denom_prs_comment_window_365": 42,
    "count_prs_with_maint_comment_365": 32,
    "count_maintainer_comments_365": 60,
    "count_author_comments_365": 47,
    "count_human_comments_365": 118,
    "count_links_365": 29,
    "convo_readability_feats": {
      "n_words": 4390,
      "n_sents": 436,
      "flesch_reading_ease": 67.79,
      "avg_sentence_len": 10.07,
      "code_block_count": 30,
      "heading_count": 13,
      "passive_hits": 27
    },
    "convo_broken_link_ratio_365": 0.4,
    "R_convo_rule_365": 4.3,
    "newcomers_strict_window": 23,
    "total_prs_in_window": 36,
    "conversion_1m": 0.211,
    "denom_conv_1m": 19,
    "conversion_3m": 0.188,
    "denom_conv_3m": 16,
    "conversion_6m": 0.273,
    "denom_conv_6m": 11,
    "additional_prs_1m": {
      "sum": 6,
      "avg": 0.316,
      "median": 0.0
    },
    "additional_prs_3m": {
      "sum": 5,
      "avg": 0.312,
      "median": 0.0
    },
    "additional_prs_6m": {
      "sum": 5,
      "avg": 0.455,
      "median": 0.0
    },
    "retention_1m": 0.0,
    "denom_ret_1m": 19,
    "retention_3m": 0.0,
    "denom_ret_3m": 16,
    "retention_6m": 0.0,
    "denom_ret_6m": 11,
    "newcomer_became_merger_ever_rate": null,
    "newcomer_became_merger_ever_count": 0,
    "denom_newcomer_became_merger_ever": 0
  },
  {
    "full_name": "psf/black",
    "asof": "2025-09-01T00:00:00+00:00",
    "run_ts": "2025-10-02T20:51:28.667638+00:00",
    "comment_dump_index": {
      "repo_index": "mined/comments_365d/shard_17/psf__black/index.json",
      "shard_manifest": "mined/comments_365d/shard_17.comments.index.json",
      "counts": {
        "issue": 352,
        "review": 209,
        "total": 561
      },
      "pr_count_dumped": 255
    },
    "readme_words": 1432,
    "docs_md_count": 6,
    "has_contributing": true,
    "has_coc": true,
    "has_issue_template": true,
    "has_pr_template": true,
    "has_codeowners": false,
    "has_maintainers": false,
    "has_governance": false,
    "has_workflows": true,
    "workflows_count": 11,
    "discussions_enabled": false,
    "onboarding_surfaces_count": 6,
    "pr_merge_rate_90": null,
    "denom_prs_90": 0,
    "censor_days": 7,
    "maintainer_first_reply_median_hrs_365": 2.2419444444444445,
    "pr_with_human_maint_comment_rate_365": 0.427,
    "maintainer_to_author_comment_ratio_365": 1.479,
    "links_per_comment_365": 0.151,
    "denom_prs_comment_window_365": 199,
    "count_prs_with_maint_comment_365": 85,
    "count_maintainer_comments_365": 179,
    "count_author_comments_365": 121,
    "count_human_comments_365": 305,
    "count_links_365": 46,
    "convo_readability_feats": {
      "n_words": 12736,
      "n_sents": 989,
      "flesch_reading_ease": 66.79,
      "avg_sentence_len": 12.88,
      "code_block_count": 135,
      "heading_count": 9,
      "passive_hits": 83
    },
    "convo_broken_link_ratio_365": 0.15,
    "R_convo_rule_365": 4.3,
    "newcomers_strict_window": 49,
    "total_prs_in_window": 177,
    "conversion_1m": 0.188,
    "denom_conv_1m": 48,
    "conversion_3m": 0.22,
    "denom_conv_3m": 41,
    "conversion_6m": 0.357,
    "denom_conv_6m": 28,
    "additional_prs_1m": {
      "sum": 22,
      "avg": 0.458,
      "median": 0.0
    },
    "additional_prs_3m": {
      "sum": 31,
      "avg": 0.756,
      "median": 0.0
    },
    "additional_prs_6m": {
      "sum": 30,
      "avg": 1.071,
      "median": 0.0
    },
    "retention_1m": 0.125,
    "denom_ret_1m": 48,
    "retention_3m": 0.122,
    "denom_ret_3m": 41,
    "retention_6m": 0.107,
    "denom_ret_6m": 28,
    "newcomer_became_merger_ever_rate": 1.0,
    "newcomer_became_merger_ever_count": 2,
    "denom_newcomer_became_merger_ever": 2
  },
  {
    "full_name": "agno-agi/agno",
    "asof": "2025-09-01T00:00:00+00:00",
    "run_ts": "2025-10-02T20:51:28.667638+00:00",
    "comment_dump_index": {
      "repo_index": "mined/comments_365d/shard_17/agno-agi__agno/index.json",
      "shard_manifest": "mined/comments_365d/shard_17.comments.index.json",
      "counts": {
        "issue": 1202,
        "review": 4384,
        "total": 5586
      },
      "pr_count_dumped": 2428
    },
    "readme_words": 1151,
    "docs_md_count": 0,
    "has_contributing": true,
    "has_coc": true,
    "has_issue_template": false,
    "has_pr_template": false,
    "has_codeowners": false,
    "has_maintainers": false,
    "has_governance": false,
    "has_workflows": true,
    "workflows_count": 6,
    "discussions_enabled": true,
    "onboarding_surfaces_count": 3,
    "pr_merge_rate_90": null,
    "denom_prs_90": 0,
    "censor_days": 7,
    "maintainer_first_reply_median_hrs_365": 14.863055555555556,
    "pr_with_human_maint_comment_rate_365": 0.375,
    "maintainer_to_author_comment_ratio_365": 1.991,
    "links_per_comment_365": 0.065,
    "denom_prs_comment_window_365": 2315,
    "count_prs_with_maint_comment_365": 868,
    "count_maintainer_comments_365": 3233,
    "count_author_comments_365": 1624,
    "count_human_comments_365": 5464,
    "count_links_365": 354,
    "convo_readability_feats": {
      "n_words": 18045,
      "n_sents": 1544,
      "flesch_reading_ease": 59.6,
      "avg_sentence_len": 11.69,
      "code_block_count": 544,
      "heading_count": 12,
      "passive_hits": 136
    },
    "convo_broken_link_ratio_365": 0.55,
    "R_convo_rule_365": 3.3,
    "newcomers_strict_window": 339,
    "total_prs_in_window": 2001,
    "conversion_1m": 0.249,
    "denom_conv_1m": 305,
    "conversion_3m": 0.322,
    "denom_conv_3m": 242,
    "conversion_6m": 0.346,
    "denom_conv_6m": 130,
    "additional_prs_1m": {
      "sum": 231,
      "avg": 0.757,
      "median": 0.0
    },
    "additional_prs_3m": {
      "sum": 547,
      "avg": 2.26,
      "median": 0.0
    },
    "additional_prs_6m": {
      "sum": 546,
      "avg": 4.2,
      "median": 0.0
    },
    "retention_1m": 0.082,
    "denom_ret_1m": 305,
    "retention_3m": 0.062,
    "denom_ret_3m": 242,
    "retention_6m": 0.062,
    "denom_ret_6m": 130,
    "newcomer_became_merger_ever_rate": 1.0,
    "newcomer_became_merger_ever_count": 5,
    "denom_newcomer_became_merger_ever": 5
  }
]