[
  {
    "full_name": "Ullaakut/nmap",
    "html_url": "https://github.com/Ullaakut/nmap",
    "description": "Idiomatic nmap library for go developers",
    "language": "Go",
    "stars": 995,
    "forks": 114,
    "open_issues": 12,
    "owner_type": "User",
    "created_at": "2019-01-19T14:52:59+00:00",
    "pushed_at": "2025-05-23T14:06:00+00:00",
    "default_branch": "master",
    "docs": {
      "README.md": "# nmap\n\n<p align=\"center\">\n    <img width=\"350\" src=\"img/logo.png\"/>\n<p>\n\n<p align=\"center\">\n    <a href=\"LICENSE\">\n        <img src=\"https://img.shields.io/badge/license-MIT-blue.svg?style=flat\" />\n    </a>\n    <a href=\"https://pkg.go.dev/github.com/Ullaakut/nmap/v3\"><img src=\"https://pkg.go.dev/badge/github.com/Ullaakut/nmap/v3\" alt=\"PkgGoDev github.com/Ullaakut/nmap/v3\"></a>\n    <a href=\"https://goreportcard.com/report/github.com/Ullaakut/nmap/v3\">\n        <img src=\"https://goreportcard.com/badge/github.com/Ullaakut/nmap/v3\">\n    </a>\n    <a href=\"https://github.com/Ullaakut/nmap/actions/workflows/build.yml\">\n        <img src=\"https://github.com/Ullaakut/nmap/actions/workflows/build.yml/badge.svg\">\n    </a>\n    <a href=\"https://github.com/Ullaakut/nmap/actions/workflows/test.yml\">\n        <img src=\"https://github.com/Ullaakut/nmap/actions/workflows/test.yml/badge.svg\">\n    </a>\n    <a href='https://coveralls.io/github/Ullaakut/nmap'>\n        <img src='https://coveralls.io/repos/github/Ullaakut/nmap/badge.svg' alt='Coverage Status' />\n    </a>\n\n<p>\n\nThis library aims at providing idiomatic `nmap` bindings for go developers, in order to make it easier to write security audit tools using golang.\n\n## What is nmap\n\nNmap (Network Mapper) is a free and open-source network scanner created by [Gordon Lyon](https://en.wikipedia.org/wiki/Gordon_Lyon). Nmap is used to discover hosts and services on a computer network by sending packets and analyzing the responses.\n\nNmap provides a number of features for probing computer networks, including host discovery and service and operating system detection. These features are extensible by scripts that provide more advanced service detection, vulnerability detection, and other features. Nmap can adapt to network conditions including latency and congestion during a scan.\n\n## Why use go for penetration testing\n\nMost pentest tools are currently written using Python and not Go, because it is easy to quickly write scripts, lots of libraries are available, and it's a simple language to use. However, for writing robust and reliable applications, Go is the better tool. It is statically compiled, has a static type system, much better performance, it is also a very simple language to use and goroutines are awesome... But I might be slighly biased, so feel free to disagree.\n\n## Supported features\n\n- [x] All of `nmap`'s native options.\n- [x] Additional [idiomatic go filters](examples/service_detection/main.go#L19) for filtering hosts and ports.\n- [x] Helpful enums for nmap commands. (time templates, os families, port states, etc.)\n- [x] Complete documentation of each option, mostly insipred from nmap's documentation.\n- [x] Run a nmap scan asynchronously.\n- [x] Scan progress can be piped through a channel.\n- [x] Write the nmap output to a given file while also parsing it to the struct.\n- [x] Stream the nmap output to an `io.Writer` interface while also parsing it to the struct.\n- [x] Functionality to show local interfaces and routes.\n\n## Simple example\n\n```go\npackage main\n\nimport (\n    \"context\"\n    \"fmt\"\n    \"log\"\n    \"time\"\n\n    \"github.com/Ullaakut/nmap/v3\"\n)\n\nfunc main() {\n\tctx, cancel := context.WithTimeout(context.Background(), 5*time.Minute)\n\tdefer cancel()\n\n\t// Equivalent to `/usr/local/bin/nmap -p 80,443,843 google.com facebook.com youtube.com`,\n\t// with a 5-minute timeout.\n\tscanner, err := nmap.NewScanner(\n\t\tctx,\n\t\tnmap.WithTargets(\"google.com\", \"facebook.com\", \"youtube.com\"),\n\t\tnmap.WithPorts(\"80,443,843\"),\n\t)\n\tif err != nil {\n\t\tlog.Fatalf(\"unable to create nmap scanner: %v\", err)\n\t}\n\n\tresult, warnings, err := scanner.Run()\n\tif len(*warnings) > 0 {\n\t\tlog.Printf(\"run finished with warnings: %s\\n\", *warnings) // Warnings are non-critical errors from nmap.\n\t}\n\tif err != nil {\n\t\tlog.Fatalf(\"unable to run nmap scan: %v\", err)\n\t}\n\n\t// Use the results to print an example output\n\tfor _, host := range result.Hosts {\n\t\tif len(host.Ports) == 0 || len(host.Addresses) == 0 {\n\t\t\tcontinue\n\t\t}\n\n\t\tfmt.Printf(\"Host %q:\\n\", host.Addresses[0])\n\n\t\tfor _, port := range host.Ports {\n\t\t\tfmt.Printf(\"\\tPort %d/%s %s %s\\n\", port.ID, port.Protocol, port.State, port.Service.Name)\n\t\t}\n\t}\n\n\tfmt.Printf(\"Nmap done: %d hosts up scanned in %.2f seconds\\n\", len(result.Hosts), result.Stats.Finished.Elapsed)\n}\n```\n\nThe program above outputs:\n\n```bash\nHost \"172.217.16.46\":\n    Port 80/tcp open http\n    Port 443/tcp open https\n    Port 843/tcp filtered unknown\nHost \"31.13.81.36\":\n    Port 80/tcp open http\n    Port 443/tcp open https\n    Port 843/tcp open unknown\nHost \"216.58.215.110\":\n    Port 80/tcp open http\n    Port 443/tcp open https\n    Port 843/tcp filtered unknown\nNmap done: 3 hosts up scanned in 1.29 seconds\n```\n\n## Advanced example\n\n[Cameradar](https://github.com/Ullaakut/cameradar) already uses this library at its core to communicate with nmap, discover RTSP streams and access them remotely.\n\n<p align=\"center\">\n   <img src=\"https://raw.githubusercontent.com/Ullaakut/cameradar/master/images/Cameradar.gif\" width=\"100%\"/>\n</p>\n\nMore examples:\n\n- [Basic scan](examples/basic_scan/main.go)\n- [Basic scan but asynchronously](examples/basic_scan_async/main.go)\n- [Basic scan with nmap progress piped through](examples/basic_scan_progress/main.go)\n- [Basic scan with output to a streamer](examples/basic_scan_streamer_interface/main.go)\n- [Count hosts for each operating system on a network](examples/count_hosts_by_os/main.go)\n- [Service detection](examples/service_detection/main.go)\n- [IP address spoofing and decoys](examples/spoof_and_decoys/main.go)\n- [List local interfaces](examples/list_interfaces/main.go)\n\n## External resources\n\n- [Official nmap documentation](https://nmap.org/docs.html)\n- [Nmap reference guide](https://nmap.org/book/man.html)\n"
    },
    "latest_release_at": "2025-05-23T14:05:15+00:00",
    "bot_like_contribs": 0,
    "human_contribs": 24,
    "run_ts": "2025-10-02T13:37:39.637474+00:00"
  },
  {
    "full_name": "moononournation/Arduino_GFX",
    "html_url": "https://github.com/moononournation/Arduino_GFX",
    "description": "Arduino GFX developing for various color displays and various data bus interfaces",
    "language": "C",
    "stars": 1000,
    "forks": 205,
    "open_issues": 3,
    "owner_type": "User",
    "created_at": "2019-07-16T05:52:13+00:00",
    "pushed_at": "2025-09-30T14:33:03+00:00",
    "default_branch": "master",
    "docs": {
      "README.md": "# Arduino_GFX\n\nArduino_GFX is a Arduino graphics library supporting various displays with various data bus interfaces.\n\nThis library start rewrite from Adafruit_GFX, LovyanGFX, TFT_eSPI, Ucglib, and more...\n\n![GitHub release (latest by date)](https://img.shields.io/github/v/release/moononournation/Arduino_GFX)\n![GitHub Release Date](https://img.shields.io/github/release-date/moononournation/Arduino_GFX)\n![GitHub commits since latest release (by date)](https://img.shields.io/github/commits-since/moononournation/Arduino_GFX/latest)\n![GitHub last commit](https://img.shields.io/github/last-commit/moononournation/Arduino_GFX)\n\n![GitHub Sponsors](https://img.shields.io/github/sponsors/moononournation)\n![Twitter Follow](https://img.shields.io/twitter/follow/moononournation)\n\n[![Buy Me A Coffee](https://cdn.buymeacoffee.com/buttons/v2/default-yellow.png)](https://www.buymeacoffee.com/moononournx)\n\n## Ease of use\n\n### Simple Declaration\n\n```C\n#include <Arduino_GFX_Library.h>\nArduino_DataBus *bus = new Arduino_HWSPI(16 /* DC */, 5 /* CS */);\nArduino_GFX *gfx = new Arduino_ILI9341(bus, 17 /* RST */);\n```\n\n### And Simple Usage\n\n```C\ngfx->begin();\ngfx->fillScreen(RGB565_BLACK);\ngfx->setCursor(10, 10);\ngfx->setTextColor(RGB565_RED);\ngfx->println(\"Hello World!\");\n```\n\n## Get Started\n\nIf you are new on this library, I always recommend try Library Example PDQgraphicstest first. You can find it at Arduino IDE -> File menu -> Examples -> GFX Library for Arduino -> PDQgraphicstest.\n\nAfter open the example, you can see many tabs. The first is PDQgraphicstest, the main program. Start from the second tab, it is related header files, Arduino_GFX_databus.h, ... etc.\n\n### Using supported Dev Device\n\nIf you are using below listed support dev device, simply select the Arduino_GFX_dev_device.h and uncomment the define of your dev device. E.g. if you are using LilyGo T-Deck:\n\n```C\n...\n// #define JC3248W535\n#define LILYGO_T_DECK\n// #define LILYGO_T_DISPLAY\n...\n```\n\n### Custom device and display\n\nIf you are not using supported dev device:\n\n- Default DataBus is using Arduino SPI. Other DataBus can modify in Arduino_GFX_databus.h.\n\n- Default Display is using ILI9341 LCD. Other Display can modify in Arduino_GFX_display.h.\n\n## More Details\n\n<details>\n\n<summary>U8g2 Font Support</summary>\n\n[U8g2](https://github.com/olikraus/u8g2.git) provided various font type and stored in compressed format. So U8g2 font gives more UI design possibilities and still can fit in the MCU limited storage space. Using U8g2 font in Arduino_GFX simply include U8g2lib.h before Arduino_GFX_Library.h:\n\n```C\n#include <U8g2lib.h>\n#include <Arduino_GFX_Library.h>\n```\n\nAnd then setfont file to use:\n\n```C\ngfx->setCursor(10, 20);\ngfx->setFont(u8g2_font_maniac_tr);\ngfx->println(\"Hello World!\");\n```\n\nU8g2 font list can be found at: <https://github.com/olikraus/u8g2/wiki/fntlistall>\n\n### U8g2 Unicode (UTF8) Font Support\n\nAnother U8g2 font advantage is the font support Unicode glyphs. Simply enable setUTF8Print:\n\n```C\ngfx->begin();\ngfx->fillScreen(RGB565_BLACK);\ngfx->setUTF8Print(true);\n```\n\nAnd then print UTF8 string as usual:\n\n```C\ngfx->setCursor(0, 16);\n\ngfx->setFont(u8g2_font_unifont_tr);\ngfx->println(\"Hello World!\");\n\ngfx->setFont(u8g2_font_unifont_t_polish);\ngfx->println(\"Witaj świecie!\");\n\ngfx->setFont(u8g2_font_unifont_t_vietnamese1);\ngfx->println(\"Chào thế giới!\");\n\ngfx->setFont(u8g2_font_unifont_t_chinese2);\ngfx->println(\"世界你好!\");\n\ngfx->setFont(u8g2_font_unifont_t_japanese1);\ngfx->println(\"こんにちは世界!\");\n\ngfx->setFont(u8g2_font_unifont_t_korean1);\ngfx->println(\"안녕하세요, 세계입니다!\");\n```\n\nU8g2 Unifont list can be found at: <https://github.com/olikraus/u8g2/wiki/fntgrpunifont>\n\n### Extra Fonts\n\nBesides U8g2 generated font, Arduino_GFX also generated some useful font set:\n\n#### [Chill-Bitmap v2.400](https://github.com/Warren2060/Chill-Bitmap)\n\n##### u8g2_font_chill7_h_cjk\n\n- Glyphs: 13478/13478\n- Size: 254,960\n- Generation script:\n\n```console\notf2bdf ChillBitmap7x.ttf -p 6 -o ChillBitmap7x.bdf\nbdfconv -v -f 1 -b 1 -m \"0-4294967295\" ChillBitmap7x.bdf -o u8g2_font_chill7_h_cjk.h -n u8g2_font_chill7_h_cjk\n```\n\n#### [Cubic 11 v1.013](https://github.com/ACh-K/Cubic-11)\n\n##### u8g2_font_cubic11_h_cjk\n\n- Glyphs: 10167/10167\n- Size: 337,650\n- Generation script:\n\n```console\notf2bdf Cubic_11_1.013_R.ttf -p 9 -o Cubic_11_1.013_R.bdf\nbdfconv -v -f 1 -b 1 -m \"0-4294967295\" Cubic_11_1.013_R.bdf -o u8g2_font_cubic11_h_cjk.h -n u8g2_font_cubic11_h_cjk\n```\n\n#### [QuanPixel](https://diaowinner.itch.io/galmuri-extended)\n\n##### u8g2_font_quan7_h_cjk\n\n- Glyphs: 18082/18082\n- Size: 335,225\n- Generation script:\n\n```console\n./bdfconv -v -f 1 -b 1 -m \"0-4294967295\" quan.bdf -o u8g2_font_quan7_h_cjk.h -n u8g2_font_quan7_h_cjk\n```\n\n#### [unifont_jp-14.0.02](http://unifoundry.com/pub/unifont/unifont-14.0.02/font-builds/unifont_jp-14.0.02.bdf.gz)\n\n##### u8g2_font_unifont_h_utf8\n\n- Glyphs: 57389/57389\n- Size: 2,250,360\n- Generation script:\n\n```console\nbdfconv -v -f 1 -b 1 -m \"0-1114111\" unifont_jp-14.0.02.bdf -o u8g2_font_unifont_h_utf8.h -n u8g2_font_unifont_h_utf8\n```\n\n##### u8g2_font_unifont_t_chinese\n\n- Glyphs: 22145/57389\n- Size: 979,557\n- Generation script:\n\n```console\nbdfconv -v -f 1 -m \"32-127,11904-12351,19968-40959,63744-64255,65280-65376\" unifont_jp-14.0.02.bdf -o u8g2_font_unifont_t_chinese.h -n u8g2_font_unifont_t_chinese\n```\n\n##### u8g2_font_unifont_t_chinese4\n\n- Glyphs: 7199/57389\n- Size: 298,564\n- Traditional Chinese common font list: <https://raw.githubusercontent.com/ButTaiwan/cjktables/master/taiwan/edu_standard_1.txt>\n- Simplified Chinese common font list: <http://zht.glyphwiki.org/font/gw1197839.source>\n- extra font list: 32-127,11904-12351,63744-64255,65280-65376\n- Generation script:\n\n```console\nbdfconv -v -f 1 -M chinese4.list unifont_jp-14.0.02.bdf -o u8g2_font_unifont_t_chinese4.h -n u8g2_font_unifont_t_chinese4\n```\n\n##### u8g2_font_unifont_t_cjk\n\n- Glyphs: 41364/57389\n- Size: 1,704,862\n- Generation script:\n\n```console\nbdfconv -v -f 1 -m \"32-127,4352-4607,11904-12255,12288-19903,19968-40943,43360-43391,44032-55203,55216-55295,63744-64255,65072-65103,65280-65519\" unifont_jp-14.0.02.bdf -o u8g2_font_unifont_t_cjk.h -n u8g2_font_unifont_t_cjk\n```\n\n</details>\n\n<details>\n\n<summary>Performance</summary>\n\nThis library is not putting speed at the first priority, but still paid much effort to make the display look smooth.\n\n### Figures\n\nBelow are some figures compare with other 3 Arduino common display libraries.\n\n- Arduino IDE: 1.8.15\n- arduino-esp32: 1.0.6\n- Dev Board: TTGO T8 v1.8\n- PSRAM: disable\n- Display: ILI9341\n- Interface: SPI\n- SPI Frequency: 40MHz\n- Test time: 2021 Jun 16\n\n| Benchmark          |  Adafruit_GFX | *Arduino_GFX* |    Lovyan_GFX |      TFT_eSPI |\n| ------------------ | ------------- | ------------- | ------------- | ------------- |\n| Screen fill        |       195,782 |     *160,094* |       154,341 |       155,938 |\n| Text               |        97,662 |      *18,960* |        22,473 |        21,752 |\n| Pixels             |     1,365,211 |     *903,549* |       867,702 |       775,781 |\n| Lines              |     1,062,311 |     *412,026* |       269,060 |       264,950 |\n| Horiz/Vert Lines   |        17,637 |      *14,197* |        13,692 |        13,833 |\n| Rectangles-filled  |       406,817 |     *332,696* |       320,761 |       323,908 |\n| Rectangles         |        11,641 |       *9,254* |         8,545 |         8,714 |\n| Triangles-filled   |       150,941 |     *118,010* |       105,661 |       109,675 |\n| Triangles          |        58,843 |      *23,570* |        15,884 |        16,277 |\n| Circles-filled     |        76,739 |      *52,170* |        42,787 |        45,827 |\n| Circles            |       118,125 |      *40,955* |        25,959 |        25,269 |\n| Arcs-filled        |      N/A      |      *33,381* |        21,546 |      N/A      |\n| Arcs               |      N/A      |      *66,054* |        47,901 |      N/A      |\n| Rounded rects-fill |       408,534 |     *338,136* |       318,882 |       323,189 |\n| Rounded rects      |        43,185 |      *21,562* |        13,089 |        15,371 |\n\n### Why Run Fast?\n\n- No read operation. Since not all display provide read back graphic memories API, Arduino_GFX skip all read operations. It can reduce the library size footprint and sometimes reduce the operation time.\n- Tailor-made data bus classes. Arduino_GFX decouple data bus operation from display driver, it is more easy to write individual data bus class for each platform.\n\n</details>\n\n<details>\n\n<summary>Supported Interfaces</summary>\n\n### Various data bus interfaces\n\nArduino_GFX utilizes Arduino Built-in SPI class to support 8-bit SPI for most platforms.\n\nMost tiny displays in hobbyist electronics world support 8-bit SPI, but some require 9-bit SPI. Arduino_GFX should be the first Arduino display library that can use ESP32 SPI to support 9-bit hardware SPI. It is important to support the displays that require 9-bit SPI interface. (e.g. HX8357B, ...)\n\nLarger displays most likely do not support standalone SPI since it is not fast enough to refresh the full screen details. Most of them support 8-bit/16-bit Parallel interface.\n\nSome larger display require RGB + 3-bit SPI combo interface, This interface requies at most 3(9-bit SPI) + 4(CS, CD, WR, RD) + 24(RBG888) = 31 pins. Most dev board do not have enough GPIO to support this. Arduino_GFX is stick to RGB565 color, so RGB666 and RGB888 require some connection hack. E.g. RGB666 connect R5 and R6 together, B5 and B6 together to become RGB565. Then the least GPIO requirement can become 3(9-bit SPI) + 2(CD, WR) + 16(RBG565) = 21 pins. **Remember always pull down CS pin and always pull up RD pin.**\n\n### Currently Supported data bus [[Wiki](https://github.com/moononournation/Arduino_GFX/wiki/Data-Bus-Class)]\n\n- 8-bit and 9-bit hardware SPI (ESP32SPI)\n- 8-bit hardware SPI (HWSPI, ESP8266SPI, mbedSPI, NRFXSPI, RPiPicoSPI)\n- 8-bit and 9-bit software SPI (SWSPI)\n- 8-bit parallel interface (SWPAR8, AVRPAR8, ESP32LCD8, ESP32PAR8, ESP32S2PAR8, RPiPicoPAR8, RTLPAR8, STM32PAR8)\n- 16-bit parallel interface (ESP32LCD16, ESP32PAR16, ESP32S2PAR16, RPiPicoPAR16)\n- RGB565+SPI interface (ESP32RGBPanel)\n\n#### Note\n\nESP32LCD8, ESP32LCD16 and ESP32RGBPanel only supported by arduino-esp32 v2.x and no longer support in v3.0.\n\n</details>\n\n<details>\n\n<summary>Supported Dev Board</summary>\n\n### Currently Supported Dev Board\n\n- Ameba RTL8722DM Board (AMB 21)\n- Ameba RTL8722DM MINI Board (AMB 23)\n- Arduino Mega 2560 [[demo video](https://youtu.be/Hn2cTNrkOSM)]\n- Arduino Nano\n- Arduino Nano BLE 33\n- Arduino Pro Micro\n- Arduino UNO\n- Arduino UNO R4 Minima [[demo video](https://youtu.be/M1TuEU5uPb0)]\n- Arduino UNO R4 WiFi [[demo video](https://youtu.be/GB90AFSLIFo)]\n- ESP8266 Series\n- ESP32 Series\n- ESP32-C3 Series\n- ESP32-S2 Series\n- ESP32-S3 Series\n- Raspberry Pi Pico\n- Raspberry Pi Pico W\n- rtlduino BW16 (by Ai-Thinker)\n- Sony Spresense\n- WeAct BlackPill V2.0 (BlackPill F411CE)\n- [Seeed Studio XIAO SAMD21](https://www.seeedstudio.com/Seeeduino-XIAO-3Pcs-p-4546.html)\n- [Seeed Studio XIAO ESP32C3](https://www.seeedstudio.com/Seeed-XIAO-ESP32C3-p-5431.html)\n- [Seeed Studio XIAO ESP32S3](https://www.seeedstudio.com/XIAO-ESP32S3-p-5627.html)\n\n</details>\n\n<details>\n\n<summary>Supported Dev Device</summary>\n\n### Currently Supported Dev Device [[Wiki](https://github.com/moononournation/Arduino_GFX/wiki/Dev-Device-Declaration)]\n\n- [ESP32-1732S019](https://www.aliexpress.com/item/1005005059421229.html) [[demo video](https://youtube.com/shorts/VS4Qb3g2dWk)] [[LVGL demo video](https://youtu.be/V5xib6OnWiM)]\n- ESP32-2432S028\n- ESP32-2424012 [[demo video](https://youtu.be/EXw_yEMgug8)]\n- ESP32-3248S035\n- ESP32-4827A043 [[demo video](https://youtu.be/pd1DTW9QHkg)] [[LVGL demo video](https://youtu.be/L8iYjiy-DUI)]\n- [ESP32-4827S043](https://www.aliexpress.com/item/1005004788147691.html) [[demo video 1](https://youtu.be/60rl7QoU4Sc)] [[demo video 2](https://youtube.com/shorts/QY09u37htIk)] [[LVGL demo video](https://youtu.be/VvpILAVyPt8)]\n- [ESP32-8048S043](https://www.aliexpress.com/item/1005004788147691.html) [[demo video](https://youtu.be/tXBVTAzSf58)]\n- [ESP32-8048S070](https://www.aliexpress.com/item/1005004952726089.html) [[LVGL demo video](https://youtu.be/7BRGVsnQpgE)]\n- [ESP32 LCDKIT](https://docs.espressif.com/projects/espressif-esp-dev-kits/en/latest/esp32/esp32-lcdkit/user_guide.html)\n- [ESP32-S3-EYE](https://github.com/espressif/esp-who/blob/master/docs/en/get-started/ESP32-S3-EYE_Getting_Started_Guide.md)\n- [ESP32-S3-Box](https://www.espressif.com/en/news/ESP32-S3-BOX_video)\n- [ESP32-S3-Box-3](https://www.espressif.com/en/news/ESP32-S3-BOX-3)\n- [ESP32-S3-RGB](https://github.com/W00ng/ESP32-S3-RGB-Panel) [[LVGL demo video](https://youtu.be/d11yUvjh34A)]\n- ESP32S3-2.1-TP\n- [ESPboy](https://www.espboy.com) [[demo video](https://youtu.be/Cx82XWrc8-0)]\n- [Guition JC1060P470](https://www.aliexpress.com/item/1005008328088576.html) [[demo video](https://youtu.be/CF1EDSQDHQ8)] [[LVGL demo](https://youtu.be/CF1EDSQDHQ8)]\n- [LILYGO T-Deck](https://www.lilygo.cc/products/t-deck?bg_ref=Ts2JN05e23) [[demo video](https://youtube.com/shorts/fXKTVqjUoPM)]\n- [LILYGO T-Deck Plus](https://www.lilygo.cc/products/t-deck-plus-1?bg_ref=Ts2JN05e23)\n- [LILYGO T-Display](https://www.lilygo.cc/products/lilygo®-ttgo-t-display-1-14-inch-lcd-esp32-control-board?bg_ref=Ts2JN05e23)\n- [LILYGO T-Display-S3](https://www.lilygo.cc/products/t-display-s3?bg_ref=Ts2JN05e23) [[demo video](https://youtu.be/kpRC64QNQAo)]\n- [LILYGO T-Display-S3 AMOLED](https://www.lilygo.cc/products/t-display-s3-amoled?bg_ref=Ts2JN05e23) [[demo video](https://youtu.be/NvOGJAMlh1M)]\n- [LILYGO T-Display-S3 AMOLED 1.64](https://www.lilygo.cc/products/t-display-s3-amoled-1-64?bg_ref=Ts2JN05e23) [[demo video](https://youtu.be/5O3fQ1xNsrg)][[LVGL demo video](https://youtu.be/6UEaxWfxm9g)]\n- [LILYGO T-Display S3 Long](https://www.lilygo.cc/products/t-display-s3-long?bg_ref=Ts2JN05e23)[[LVGL demo video](https://youtu.be/OuxLFwxvcVc)]\n- [LILYGO T-Display S3 Pro](https://www.lilygo.cc/products/t-display-s3-pro?bg_ref=Ts2JN05e23) [[demo video](https://youtube.com/shorts/PE-GKTzbdP8)]\n- [LILYGO T-QT Pro](https://www.lilygo.cc/products/t-qt-pro?bg_ref=Ts2JN05e23) [[demo video](https://youtube.com/shorts/V1MCQ1tQ8PM)]\n- [LILYGO T-RGB](https://www.lilygo.cc/products/t-rgb?bg_ref=Ts2JN05e23) [[LVGL demo video](https://youtu.be/BKEl_pWp_qQ)]\n- [LILYGO T-Track](https://www.lilygo.cc/products/t-track?bg_ref=Ts2JN05e23) [[demo video](https://youtu.be/6wmUhp-5eMg)][[LVGL demo video](https://youtu.be/wQjMu5JZSkg)]\n- LILYGO T-Watch\n- [LILYGO T-Watch 2021](https://www.lilygo.cc/products/t-watch-2021?bg_ref=Ts2JN05e23)\n- [LILYGO T4 S3](https://www.lilygo.cc/products/t4-s3?bg_ref=Ts2JN05e23)[[LVGL demo video](https://youtu.be/h4vXEYrDERM)]\n- [M5Stack Core Family](https://shop.m5stack.com/collections/m5-controllers/CORE)\n- [M5Stack AtomS3](https://shop.m5stack.com/products/atoms3-dev-kit-w-0-85-inch-screen)[[demo video](https://youtu.be/8u4TwZHmnN0)]\n- [Makerfabs ESP32 3.5\" TFT Touch with Camera](https://www.makerfabs.com/esp32-3.5-inch-tft-touch-capacitive-with-camera.html)\n- [Makerfabs ESP32-S3 TFT 4.0\"](https://www.makerfabs.com/esp32-s3-parallel-tft-with-touch-4-inch.html) [[demo video](https://youtu.be/Fmxd-Xu97C8)]\n- [Makerfabs ESP32-S3 TFT 4.3\" v1.3](https://www.makerfabs.com/esp32-s3-parallel-tft-with-touch-4-3-inch.html) [[demo video](https://youtu.be/oQ57L2gTHoo)]\n- [Odroid Go](https://www.hardkernel.com/shop/odroid-go/)\n- [seeed studio Wio Terminal](https://wiki.seeedstudio.com/Wio-Terminal-Getting-Started/)\n- [Waveshare ESP32-C6-LCD-1.47](https://www.waveshare.com/esp32-c6-lcd-1.47.htm?&aff_id=moononournation)\n- [Waveshare ESP32-C6-LCD-1.9](https://www.waveshare.com/esp32-c6-lcd-1.9.htm?&aff_id=moononournation)[[demo video](https://youtube.com/shorts/OryF57VqufY?feature=share)]\n- [Waveshare ESP32-S3 1.46inch Round Display Development Board](https://www.waveshare.com/esp32-s3-touch-lcd-1.46b.htm?&aff_id=moononournation) [[demo video](https://youtube.com/shorts/tqyqxdRA550)]\n- [Waveshare ESP32-S3-Touch-LCD-1.3](https://www.waveshare.com/esp32-s3-lcd-1.3.htm?&aff_id=moononournation) [[demo video](https://youtube.com/shorts/_n3qTa_nVGE)]\n- [Waveshare ESP32-S3-Touch-LCD-1.3 with case and prism cube](https://www.waveshare.com/esp32-s3-lcd-1.3.htm?sku=30559&aff_id=moononournation) [[demo video](https://youtube.com/shorts/tqyqxdRA550)]\n- [Waveshare ESP32-S3-Touch-LCD-2.8](https://www.waveshare.com/esp32-s3-touch-lcd-2.8.htm?&aff_id=moononournation) [[demo video](https://youtube.com/shorts/1RU_EanUgSU)\n- [Waveshare ESP32-S3-Touch-AMOLED-1.64](https://www.waveshare.com/esp32-s3-touch-amoled-1.64.htm?&aff_id=moononournation)[[demo video](https://youtube.com/shorts/aTTQ9PKgESU?feature=share)]\n- [Waveshare ESP32-S3-Touch-AMOLED-1.8](https://www.waveshare.com/esp32-s3-touch-amoled-1.8.htm?&aff_id=moononournation)[[demo video](https://youtube.com/shorts/sHjCoPSsC2Q?feature=share)]\n\n- [Waveshare ESP32-S3-Touch-AMOLED-2.41](https://www.waveshare.com/esp32-s3-touch-amoled-2.41.htm?&aff_id=moononournation)\n- [Waveshare RP2040-LCD-0.96](https://www.waveshare.com/rp2040-lcd-0.96.htm?&aff_id=moononournation)\n- [Waveshare RP2040-LCD-1.28](https://www.waveshare.com/rp2040-lcd-1.28.htm?&aff_id=moononournation)\n- [Waveshare RP2350-LCD-0.96](https://www.waveshare.com/rp2350-lcd-0.96.htm?&aff_id=moononournation)\n- [Waveshare RP2350-LCD-1.47](https://www.waveshare.com/rp2350-lcd-1.47-a.htm?&aff_id=moononournation)\n- [wireless-tag WT-32-SC01](http://www.wireless-tag.com/portfolio/wt32-sc01/)\n- [Elecrow ESP Terminal with 3.5\" parallel RGB display DLC35010R](https://www.elecrow.com/esp-terminal-with-esp32-3-5-inch-parallel-480x320-tft-capacitive-touch-display-rgb-by-chip-ili9488.html) [[demo video](https://youtu.be/QRDVuwayNFw)]\n- [Elecrow Wizee-ESP32 WZ8048C050](https://www.elecrow.com/esp32-display-5-inch-hmi-display-rgb-tft-lcd-touch-screen-support-lvgl.html)\n- [wireless-tag ZX2D10GE10R-V4848](https://github.com/wireless-tag-com/ZX2D10GE01R-V4848)\n- [wireless-tag ZX3D50CE02S](https://github.com/wireless-tag-com/ZX3D50CE02S)\n- [wireless-tag ZX3D95CE01S-AR](https://github.com/wireless-tag-com/ZX3D95CE01S-AR-4848)\n- [wireless-tag ZX3D95CE01S-TR](https://github.com/wireless-tag-com/ZX3D95CE01S-TR-4848) [[demo video](https://www.youtube.com/shorts/5u6_C-krK2Q)]\n- [QM Smart Panlee 7.0 inch serial screen ZX7D00CE01S](http://en.smartpanle.com/product-item-19.html) [[demo video](https://youtu.be/r-zAMUzpkGE)]\n\n</details>\n\n<details>\n\n<summary>Supported Display</summary>\n\n### Currently Supported Display [[Wiki](https://github.com/moononournation/Arduino_GFX/wiki/Display-Class)]\n\n- GC9A01 240x240 round display [[demo video](https://youtu.be/kJrAFm20-zg)]\n- GC9C01 360x360 round display [[demo video](https://youtube.com/shorts/Sk9sVT9PawA)]\n- GC9106 80x160 [[demo video](https://youtu.be/RToGeeb1jxQ)]\n- GC9107 128x128 [[demo video](https://youtube.com/shorts/V1MCQ1tQ8PM)]\n- GC9503V 480x480 (RGB) [[demo video](https://youtube.com/shorts/hk7ZMBRCmjI)]\n- HX8347C 240x320 [[demo video](https://youtu.be/25ymuV51YQM)]\n- HX8347D 240x320 [[demo video](https://youtu.be/sv6LGkLRZjI)]\n- HX8394 720x1280 [[demo video](https://www.bilibili.com/video/BV1eNLRzaEFL)]\n- HX8352C 240x400 [[demo video](https://youtu.be/m2xWYbS3t7s)]\n- HX8357A 320x480 [[demo video](https://youtu.be/wJkLO_xCTXA)] (currently only portrait works, i.e. rotation 0 and 2)\n- HX8357B 320x480 (9-bit SPI) [[demo video](https://youtu.be/pB6_LOCiUqg)]\n- HX8369A 480x800 [[demo video](https://youtu.be/sXpU8bhtXKQ)] [[LVGL demo video](https://youtu.be/q575lTuVDcU)]\n- ILI6122 480x800 (RGB)\n- ILI6485 480x272 (RGB) [[demo video](https://youtu.be/60rl7QoU4Sc)]\n- ILI9225 176x220 [[demo video](https://youtu.be/jm2UrCG27F4)]\n- ILI9341 240x320 [[demo video](https://youtu.be/NtlEEL7MkQY)]\n- ILI9341 240x320 (8-bit/16-bit Parallel) [[demo video](https://youtu.be/xuVx0dzQ7nM)]\n- ILI9342 320x240 [[demo video](https://youtu.be/UoPpIjVSO5Q)]\n- ILI9481 320x480 (18 bit color) [[demo video](https://youtu.be/YxjuuCFhlqM)]\n- ILI9486 320x480 (8-bit/16-bit Parallel) [[demo video](https://youtu.be/GB90AFSLIFo)]\n- ILI9486 320x480 (18 bit color) [[demo video](https://youtu.be/pZ6izDqmVds)]\n- ILI9488 320x480 (3 bit color with canvas) [[demo video](https://youtu.be/r7be0WbIBYk)]\n- ILI9488 320x480 (18 bit color) [[demo video](https://youtu.be/NkE-LhtLHBQ)]\n- ILI9806 (8-bit/16-bit Parallel) 480x854 [[demo video](https://youtu.be/mYv-wdtWr8s)] [[LVGL demo video](https://youtu.be/PqjV8lovg_c)][[2](https://youtu.be/j31KZoQUKis)]\n- JBT6K71 240x320 (8-bit Parallel) [[demo video](https://youtu.be/qid3F4Gb0mM)]\n- NT35310 320x480 [[demo video](https://youtu.be/bvIz5CoYPNk)]\n- NT35510 480x800 (8-bit/16-bit Parallel) [[demo video](https://youtu.be/C_1ASzUN3bg)]\n- NT39125 240x376 (8-bit/16-bit Parallel) [[demo video](https://youtu.be/JGMrM18JAFA)]\n- NV3007 142x428 [[demo video](https://youtube.com/shorts/ePcf0LmMgOo)]\n- NV3041A 480x272 [[demo video](https://youtu.be/pd1DTW9QHkg)]\n- OTM8009A 480x800 (8-bit/16-bit Parallel)\n- R61529 320x480 (8-bit/16-bit Parallel) [[demo video](https://youtu.be/s93gxjbIAT8)]\n- Raspberry Pi DPI Display (RPi_DPI_RGBPanel) Any Resolution [[demo video](https://youtube.com/shorts/IqQEq-VLVwI)]\n- SEPS525 160x128 [[demo video](https://youtu.be/tlmvFBHYv-k)]\n- SSD1283A 130x130 [[demo video](https://youtu.be/OrIchaRikiQ)]\n- SSD1331 96x64 [[demo video](https://youtu.be/v20b1A_KDcQ)]\n- SSD1351 128x128 [[demo video](https://youtu.be/5TIM-qMVBNQ)]\n- SSD1351 128x96\n- ST7735 128x160 (various tabs) [[demo video](https://youtu.be/eRBSSD_N9II)]\n- ST7735 128x128 (various tabs) [[demo video](https://youtu.be/6rueSV2Ee6c)]\n- ST7735 80x160 [[demo video](https://youtu.be/qESHDuYo_Mk)]\n- ST7701 480x480 (RGB) [[demo video](https://youtube.com/shorts/JV8Rzxop5EQ)] [[2.1\" round display demo video](https://youtube.com/shorts/WLWio1CjBoo?feature=share)] [[2.8\" round display demo video](https://youtube.com/shorts/Ih_QlttWTVk?feature=share)]\n- ST7789 135x240 [[demo video](https://youtu.be/Zk81_T8c20E)]\n- ST7789 240x240 [[demo video](https://youtu.be/Z27zYg5uAsk)]\n- ST7789 240x240 [[demo video](https://youtu.be/9AqsXMB8Qbk)]\n- ST7789 240x280 round corner display [[demo video](https://youtu.be/KzDC02wg8z0)]\n- ST7789 240x320 [[demo video](https://youtu.be/ZEvc1LkuVuQ)]\n- ST7796 320x480 [[demo video](https://youtu.be/hUL-RuG4MAQ)]\n- WEA2012 356x400 [[demo video](https://youtube.com/shorts/neDyijFrfQY)] [[LVGL demo video](https://youtube.com/shorts/z9Z_u0xg_as)]\n\n### Tobe Support Display (Sponsors can make it happen)\n\n- Mono display supported by co-operate with Canvas\n- Multi-color e-ink display supported by co-operate with Canvas\n\n</details>\n\n<details>\n\n<summary>Canvas (framebuffer)</summary>\n\n### Canvas Class [[Wiki](https://github.com/moononournation/Arduino_GFX/wiki/Canvas-Class)]\n\n- Arduino_Canvas (16-bit pixel)\n- Arduino_Canvas_3bit (1/4 memory space of 16-bit pixel)\n- Arduino_Canvas_Indexed (half memory space of 16-bit pixel)\n- Arduino_Canvas_Mono (1/16 memory space of 16-bit pixel)\n\n</details>\n\n<details>\n\n<summary>LVGL Support</summary>\n\n### 3 LVGL demo in Library Examples\n\n- LvglBenchmark [[demo video](https://youtu.be/75Qx-UEgabY)]\n- LvglHelloWorld\n- LvglWidgets\n\n</details>\n\n<details>\n\n<summary>Feature Wishlist</summary>\n\n### Sponsors can make it happen\n\n- Print color Emoji Characters\n- Load bitmap font files from flash / SD\n- Fill Gradient (Discussion #128)\n\n</details>\n\n<details>\n\n<summary>Using source code come from</summary>\n\n- <https://github.com/adafruit/Adafruit-GFX-Library.git>\n- <https://github.com/adafruit/Adafruit_ILI9341.git>\n- <https://github.com/adafruit/Adafruit-SSD1351-library.git>\n- <https://github.com/ananevilya/Arduino-ST7789-Library.git>\n- <https://github.com/BasementCat/arduino-tft-gif.git>\n- <https://github.com/Bodmer/TFT_eSPI.git>\n- <https://github.com/daumemo/IPS_LCD_R61529_FT6236_Arduino_eSPI_Test.git>\n- <https://github.com/espressif/arduino-esp32.git>\n- <https://github.com/espressif/esp-idf.git>\n- <https://github.com/gitcnd/LCDWIKI_SPI.git>\n- <https://github.com/hi631/LCD_NT35510-MRB3971.git>\n- <https://github.com/lcdwiki/LCDWIKI_SPI.git>\n- <https://github.com/Xinyuan-LilyGO/T-RGB.git>\n- <https://github.com/lovyan03/LovyanGFX.git>\n- <https://github.com/modi12jin/Arduino-ESP32-WEA2012.git>\n- <https://github.com/nopnop2002/esp-idf-parallel-tft.git>\n- <https://github.com/olikraus/u8g2.git>\n- <https://www.waveshare.com/wiki/RP2350-Touch-AMOLED-1.8>\n\n</details>\n\n## Sponsorship vs Support\n\nAs you may already aware there are lack of sponsorship in this project. Convert the funding in terms of man power, it is much lower than 1 man hour per month. So don't expect too much on the support. Expecially the features not realted to my planned maker projects ;>\n\nFor the same reason, Arduino_GFX only focus on the Arduino IDE support. Any other IDE, e.g. PlatformIO, if you found an issue at that IDE but normal at Arduino IDE, please direct report to that IDE for better support.\n\n**Please use Discussions space for new hardware support or new feature request. I will direct close any non-issue issues. And I will consider report the users who insist raising duplicate issue continuously.**\n\nIf you like Arduino_GFX, you can:\n\n[![Buy Me A Coffee](https://cdn.buymeacoffee.com/buttons/v2/default-yellow.png)](https://www.buymeacoffee.com/moononournx)\n"
    },
    "latest_release_at": "2025-08-20T13:32:37+00:00",
    "bot_like_contribs": 0,
    "human_contribs": 28,
    "run_ts": "2025-10-02T13:37:39.637474+00:00"
  },
  {
    "full_name": "TheOrcDev/8bitcn-ui",
    "html_url": "https://github.com/TheOrcDev/8bitcn-ui",
    "description": "A set of retro-designed, accessible components and a code distribution platform. Open Source. Open Code.",
    "language": "TypeScript",
    "stars": 1012,
    "forks": 64,
    "open_issues": 6,
    "owner_type": "User",
    "created_at": "2025-03-27T16:11:51+00:00",
    "pushed_at": "2025-09-29T09:05:27+00:00",
    "default_branch": "main",
    "docs": {
      "README.md": "## 8bitcn/ui\n\nAccessible retro components that you can copy and paste into your apps. Free. Open Source.\n\nVisit [8bitcn.com](https://8bitcn.com/)\n\n[![Sponsor](https://img.shields.io/static/v1?label=Sponsor&message=❤&logo=GitHub&color=#fe8e86)](https://github.com/sponsors/theorcdev)\n\n## Contributing\n\nPlease read the [contributing guide](/contributing.md).\n\n## License\n\nLicensed under the [MIT license](/license.md).\n\n## Open Source Program\n\n<a href=\"https://vercel.com/oss\">\n  <img alt=\"Vercel OSS Program\" src=\"https://vercel.com/oss/program-badge.svg\" />\n</a>\n"
    },
    "latest_release_at": null,
    "bot_like_contribs": 0,
    "human_contribs": 21,
    "run_ts": "2025-10-02T13:37:39.637474+00:00"
  },
  {
    "full_name": "rsl/stringex",
    "html_url": "https://github.com/rsl/stringex",
    "description": "Some [hopefully] useful extensions to Ruby’s String class. It is made up of three libraries: ActsAsUrl [permalink solution with better character translation], Unidecoder [Unicode to Ascii transliteration], and StringExtensions [miscellaneous helper methods for the String class].",
    "language": "Ruby",
    "stars": 987,
    "forks": 157,
    "open_issues": 19,
    "owner_type": "User",
    "created_at": "2008-02-19T15:31:07+00:00",
    "pushed_at": "2023-08-29T09:48:30+00:00",
    "default_branch": "master",
    "docs": {
      "README.md": "# Stringex [<img src=\"https://codeclimate.com/github/rsl/stringex.svg\" />](https://codeclimate.com/github/rsl/stringex) [<img src=\"https://travis-ci.org/rsl/stringex.svg?branch=master\" alt=\"Build Status\" />](https://travis-ci.org/rsl/stringex) [<img src=\"https://badge.fury.io/rb/stringex.svg\" alt=\"Gem Version\" />](http://badge.fury.io/rb/stringex)\n\nSome [hopefully] useful extensions to Ruby's String class. It is made up of three libraries: ActsAsUrl, Unidecoder, and StringExtensions.\n\n*NOTE: Stringex 2.0 [and beyond] drops support for Rails 2. If you need support for that version, use 1.5.1 instead.*\n\n## ActsAsUrl\n\n*NOTE: You can now require 'stringex_lite' instead of 'stringex' and skip loading ActsAsUrl functionality if you don't need it.*\n\nThis library is designed to create URI-friendly representations of an attribute, for use in generating urls from your attributes. Basic usage is just calling the method:\n\n```ruby\n# Inside your model\nacts_as_url :title\n```\n\nwhich will populate the `url` attribute on the object with the converted contents of the `title` attribute. `acts_as_url` takes the following options:\n\n| | |\n|---|---|\n| `:url_attribute` | The name of the attribute to use for storing the generated url string. Default is `:url` |\n| `:scope` | The name of model attribute to scope unique urls to. There is no default here. |\n| `:only_when_blank` | If set to true, the url generation will only happen when `:url_attribute` is blank. Default is false (meaning url generation will happen always). |\n| `:sync_url` | If set to true, the url field will be updated when changes are made to the attribute it is based on. Default is false. |\n| `:allow_slash` | If set to true, the url field will not convert slashes. Default is false. |\n| `:allow_duplicates` | If set to true, unique urls will not be enforced. Default is false. *NOTE: This is strongly not recommended if you are routing solely on the generated slug as you will no longer be guaranteed to lookup the expected record based on a duplicate slug.* |\n| `:limit` | If set, will limit length of url generated. Default is nil. |\n| `:truncate_words` | Used with :limit. If set to false, the url will be truncated to the last whole word before the limit was reached. Default is true. |\n| `:blacklist` | List of urls that should not be allowed. Default is `%w{new}` [which avoids confusion on urls like `/documents/new`]. |\n| `:blacklist_policy` | Proc or lambda defining new naming behavior when blacklisted urls are encountered. Default converts `/documents/new` to `/documents/new-document`. |\n\nIn order to use the generated url attribute, you will probably want to\noverride `to_param` like so, in your Model:\n\n```ruby\n# Inside your model\ndef to_param\n  url # or whatever you set :url_attribute to\nend\n```\n\nRouting called via named routes like `foo_path(@foo)` will automatically use the url. In your controllers you will need to call\n`Foo.find_by_url(params[:id])` instead of the regular find. Don't look for `params[:url]` unless you set it explicitly in the routing, `to_param` will generate `params[:id]`.\n\nNote that if you add `acts_as_url` to an existing model, the `url` database column will initially be blank. To set this column for your existing instances, you can use the `initialize_urls` method. So if your class is `Post`, just say `Post.initialize_urls`.\n\nUnlike other permalink solutions, ActsAsUrl doesn't rely on Iconv (which is inconsistent across platforms and doesn't provide great transliteration as is) but instead uses a transliteration scheme (see the code for Unidecoder) which produces much better results for Unicode characters. It also mixes in some custom helpers to translate common characters into a more URI-friendly format rather than just dump them completely. Examples:\n\n```ruby\n# A simple prelude\n\"simple English\".to_url => \"simple-english\"\n\"it's nothing at all\".to_url => \"its-nothing-at-all\"\n\"rock & roll\".to_url => \"rock-and-roll\"\n\n# Let's show off\n\"$12 worth of Ruby power\".to_url => \"12-dollars-worth-of-ruby-power\"\n\"10% off if you act now\".to_url => \"10-percent-off-if-you-act-now\"\n\n# You dont EVEN wanna rely on Iconv for this next part\n\"kick it en Français\".to_url => \"kick-it-en-francais\"\n\"rock it Español style\".to_url => \"rock-it-espanol-style\"\n\"tell your readers 你好\".to_url => \"tell-your-readers-ni-hao\"\n```\n\nCompare those results with the ones produced on my Intel Mac by a leading permalink plugin:\n\n```ruby\n\"simple English\" # => \"simple-english\"\n\"it's nothing at all\" # => \"it-s-nothing-at-all\"\n\"rock & roll\" # => \"rock-roll\"\n\n\"$12 worth of Ruby power\" # => \"12-worth-of-ruby-power\"\n\"10% off if you act now\" # => \"10-off-if-you-act-now\"\n\n\"kick it en Français\" # => \"kick-it-en-francais\"\n\"rock it Español style\" # => \"rock-it-espan-ol-style\"\n\"tell your readers 你好\" # => \"tell-your-readers\"\n```\n\nNot so great, actually.\n\nNote: No offense is intended to the author(s) of whatever plugins might produce such results. It's not your faults Iconv sucks.\n\n## Unidecoder\n\nThis library converts Unicode [and accented ASCII] characters to their plain-text ASCII equivalents. This is a port of Perl's Unidecode and provides eminently superior and more reliable results than Iconv. (Seriously, Iconv... A plague on both your houses! [sic])\n\nYou may require only the unidecoder (and its dependent localization) via\n\n```ruby\nrequire \"stringex/unidecoder\"\n```\n\nYou probably won't ever need to run Unidecoder by itself. Thus, you probably would want to add String#to_ascii which wraps all of Unidecoder's functionality, by requiring:\n\n```ruby\nrequire \"stringex/core_ext\"\n```\n\nFor anyone interested, details of the implementation can be read about in the original implementation of [Text::Unidecode](http://interglacial.com/~sburke/tpj/as_html/tpj22.html). Extensive examples can be found in the tests.\n\n## StringExtensions\n\nA small collection of extensions on Ruby's String class. Please see the documentation for StringExtensions module for more information. There's not much to explain about them really.\n\n## Localization\n\nWith Stringex version 2.0 and higher, you can localize the different conversions in Stringex. Read more [here](https://github.com/rsl/stringex/wiki/Localization-of-Stringex-conversions). If you add a new language, please submit a pull request so we can make it available to other users also.\n\n## Ruby on Rails Usage\n\nWhen using Stringex with Ruby on Rails, you automatically get built-in translations for miscellaneous characters, HTML entities, and vulgar fractions. You can see Stringex's standard translations [here](https://github.com/rsl/stringex/tree/master/locales).\n\nCurrently, built-in translations are available for the following languages:\n\n* English (en)\n* Danish (da)\n* Swedish (sv)\n* Dutch (nl)\n* German (de)\n* Polish (pl)\n* Portuguese Brazilian (pt-BR)\n* Russian (ru)\n\nYou can easily add your own or customize the built-in translations - read [here](https://github.com/rsl/stringex/wiki/Localization-of-Stringex-conversions). If you add a new language, please submit a pull request so we can make it available to other users also.\n\nIf you don't want to use the Stringex built-in translations, you can force Stringex to use English (or another language), regardless what is in your `I18n.locale`. In an initializer, e.g. `config/initializers/stringex.rb`:\n\n```ruby\nStringex::Localization.locale = :en\n```\n\n## CanCan Usage Note\n\nYou'll need to add a `:find_by => :url` to your `load_and_authorize_resource`. Here's an example:\n\n```ruby\nload_and_authorize_resource :class => \"Whatever\", :message => \"Not authorized\", :find_by => :url\n```\n\n## Semantic Versioning\n\nThis project conforms to [semver](http://semver.org/). As a result of this policy, you can (and should) specify a dependency on this gem using the [Pessimistic Version Constraint](http://guides.rubygems.org/patterns/) with two digits of precision. For example:\n\n```ruby\nspec.add_dependency 'stringex', '~> 1.0'\n```\n\nThis means your project is compatible with licensee 1.0 up until 2.0. You can also set a higher minimum version:\n\n```ruby\nspec.add_dependency 'stringex', '~> 1.1'\n```\n\n## Thanks & Acknowledgements\n\nIf it's not obvious, some of the code for ActsAsUrl is based on Rick Olsen's [permalink_fu](http://svn.techno-weenie.net/projects/plugins/permalink_fu/) plugin. Unidecoder is a Ruby port of Sean Burke's [Text::Unidecode](http://interglacial.com/~sburke/tpj/as_html/tpj22.html) module for Perl. And, finally, the bulk of [strip_html_tags](classes/Stringex/StringExtensions.html#M000005) in StringExtensions was stolen from Tobias Lütke's Regex in [Typo](http://typosphere.org/).\n\nGIANT thanks to the many contributors who have helped make Stringex better and better: http://github.com/rsl/stringex/contributors\n\nCopyright (c) 2008-2018 Lucky Sneaks, released under the MIT license\n"
    },
    "latest_release_at": null,
    "bot_like_contribs": 0,
    "human_contribs": 56,
    "run_ts": "2025-10-02T13:37:39.637474+00:00"
  },
  {
    "full_name": "brutella/hkcam",
    "html_url": "https://github.com/brutella/hkcam",
    "description": "Open-Source HomeKit Surveillance Camera",
    "language": "Go",
    "stars": 984,
    "forks": 141,
    "open_issues": 39,
    "owner_type": "User",
    "created_at": "2018-12-10T20:46:35+00:00",
    "pushed_at": "2024-07-01T20:37:02+00:00",
    "default_branch": "master",
    "docs": {
      "README.md": "# hkcam\n\n`hkcam` is an open-source implementation of an HomeKit IP camera. \nIt uses `ffmpeg` to access the camera stream and publishes the stream to HomeKit using [hap](https://github.com/brutella/hap).\nThe camera stream can be viewed in a HomeKit app. For example my [Home+](https://hochgatterer.me/home) app works perfectly with `hkcam`.\n\n<img alt=\"Camera Stream\" src=\"_img/home-app-camera.jpeg?raw=true\" width=\"400\" />\n\n## Features\n\n- Live streaming via HomeKit\n- Works with any HomeKit app (ex. [Home+](https://hochgatterer.me/home))\n- [Multistream Support](#multistream)\n- [Persistent Snapshots](#persistent-snapshots)\n- [Built-in Web Interface](#web-interface)\n- Runs on multiple platforms (Raspberry Pi OS, macOS)\n\n## Get Started\n\n*hkcam uses Go modules and therefore requires Go 1.11 or higher.*\n\n### Mac\n\nThe fastest way to get started is to\n\n1. download the project on a Mac with a built-in iSight camera\n```sh\ngit clone https://github.com/brutella/hkcam && cd hkcam\n```\n2. build and run `cmd/hkcam/main.go` by running `task hkcam` in Terminal\n3. open any HomeKit app and add the camera to HomeKit (pin for initial setup is `001 02 003`)\n3. view the web ui by entering the url http://localhost:8080\n\nThese steps require *git*, *go*, *task* and *ffmpeg* to be installed. On macOS you can install them via Homebrew.\n\n```sh\nbrew install git\nbrew install go\nbrew install go-task/tap/go-task\nbrew install ffmpeg\n```\n\n### Raspberry Pi\n\nYou can use a camera module or USB camera with a Raspberry Pi to create your own surveillance camera.\n\n<img alt=\"ELP 1080p\" src=\"_img/elp-1080p.jpg?raw=true\" width=\"280\" />\n\nFor example the [ELP 1080P USB camera dome](https://de.aliexpress.com/item/4000562253329.html) is great for outdoor use. It is IP66 waterproof and has built-in IR LEDs for night vision. This camera gets you good quality and great performance when running `hkcam` on the latest Raspberry Pi OS.\n\nA cheaper alternative is a [camera module](https://www.raspberrypi.com/products/camera-module-v2/) attached via ribbon cable. You'll have to enable **[Legacy Camera Support](https://www.raspberrypi.com/documentation/accessories/camera.html#libcamera-and-the-legacy-raspicam-camera-stack)** when using a camera module on Raspberry Pi OS. That's why this option is not ideal in my opinion.\n\n---\n\n**How to Install on a Raspberry Pi?**\n\nFollow these steps to install `hkcam` and all the required libraries on a Raspberry Pi OS Lite (32-bit).\n\n1. Download and run the Raspberry Pi Imager from https://www.raspberrypi.com/software/\n<img alt=\"Raspberry Pi Imager\" src=\"_img/rpi-imager.png?raw=true\" width=\"400\" />\n\n- Choose OS → Raspberry Pi OS (other) → Raspberry Pi OS Lite (32-bit)\n<img alt=\"Raspberry Pi Imager\" src=\"_img/rpi-imager-os.png?raw=true\" width=\"400\" />\n\n- Insert a sd card into your computer and choose it as the storage\n<img alt=\"Raspberry Pi Imager\" src=\"_img/rpi-imager-storage.png?raw=true\" width=\"400\" />\n\n- Click on the settings icon and **enable SSH**, **Set username and password** and **configure wifi**\n<img alt=\"Raspberry Pi Imager\" src=\"_img/rpi-imager-settings.png?raw=true\" width=\"400\" />\n\n- Write the operating system on the sd card by clicking on **Write**\n<img alt=\"Raspberry Pi Imager\" src=\"_img/rpi-imager-write.png?raw=true\" width=\"400\" />\n\n2. Insert the sd card in your Raspberry Pi\n3. Connect your camera (in my case the ELP 1080P) and power supply\n4. Connect to your Raspberry Pi via SSH (the first boot may take a while, so be patient)\n`ssh pi@raspberrypi.local` (enter your previously configured password)\n\n5. Install ffmpeg\n`apt-get install ffmpeg`\n\n6. Install v4l2loopback\n`apt-get install v4l2loopback-dkms`\n\n- Enable v4l2loopback module at boot by creating a file `/etc/modules-load.d/v4l2loopback.conf` with the content\n\n```\nv4l2loopback\n```\n\n- Specify which loopback file should be created by the module (in our case /dev/video99) by creating the file `/etc/modprobe.d/v4l2loopback.conf` with the content\n```\noptions v4l2loopback video_nr=99\n```\n\n- Restart the Raspberry Pi and verify that the file `/dev/video99` exists\n\n7. Install `hkcam`\n\n- Download the latest release from https://github.com/brutella/hkcam/releases\n```\nwget https://github.com/brutella/hkcam/releases/download/v0.1.0/hkcam-v0.1.0_linux_arm.tar.gz\n```\n\n- Extract the archive with `tar -xzf hkcam-v0.1.0_linux_arm.tar.gz`\n- Run `hkcam` by executing the following command\n```\n./hkcam -data_dir=/var/lib/hkcam/data -multi_stream=true -port=8080 -verbose\n```\n\n8. Add the camera to HomeKit\n\n- Launch the Apple Home-app and tap *+* → Add Accessory\n\n- Tap *More Options...*\n\n<img alt=\"More options\" src=\"_img/home-app-more-options.jpeg?raw=true\" width=\"280\" />\n\n- Select *Camera* and confirm that the accessory is uncertified\n\n<img alt=\"Select Accessory\" src=\"_img/home-app-select-camera.jpeg?raw=true\" width=\"280\" />\n\n- Enter the pin `001-02-003` and Continue\n\n<img alt=\"Select Accessory\" src=\"_img/home-app-pin.jpeg?raw=true\" width=\"280\" />\n\nIf everything works as expected, you have to configure `hkcam` as a daemon – so that hkcam is automatically run after boot.\nThis can be done in different way – [systemd](https://www.raspberrypi.com/documentation/computers/using_linux.html#the-systemd-daemon) is recommended,\n\n\n**How to install with Ansible?**\n\nI've made an [Ansible](http://docs.ansible.com/ansible/index.html) playbook which configures your Raspberry Pi and installs hkcam.\nThe following steps require *ansible* to be installed. On macOS you can install it via Homebrew.\n```sh\nbrew install ansible\n```\n\n---\n\nFirst install Raspberry Pi OS, as described above.\nThen create ssh key and copy them to the Raspberry Pi.\n\n```sh\nssh-keygen\nssh-copy-id pi@raspberrypi.local\n```\n\nAfter that you can execute the playbook with the following command.\n\n```sh\ncd ansible && ansible-playbook rpi.yml -i hosts\n```\n\nOnce the command finishes, your camera can be added to HomeKit.\n\n## Multistream\n\nNormally in HomeKit a camera stream can only be viewed by one device at a time.\nIf a second device wants to view the stream, the Apple Home app shows\n\n> **Camera Not Available**\n> Wait until someone else in this home stops viewing this camera and try again.\n\n`hkcam` allows multiple devices to view the same stream by setting the option `-multi_stream=true`. That's neat.\n\n## Persistent Snapshots\n\nIn addition to video streaming, `hkcam` supports [Persistent Snapshots](/SNAPSHOTS.md).\n*Persistent Snapshots* is a way to take snapshots of the camera and store them on disk.\nYou can then access them via HomeKit.\n\n*Persistent Snapshots* are currently supported by [Home+](https://hochgatterer.me/home),\nas you can see from the following screenshots.\n\n<img alt=\"Live streaming\" src=\"_img/homeplus-stream.png?raw=true\" width=\"280\" />\n<img alt=\"Snapshots\" src=\"_img/homeplus-snapshots.png?raw=true\" width=\"280\" />\n\nTaking snapshots in automations is also supported.\n\n<img alt=\"Automation\" src=\"_img/homeplus-automation.jpeg?raw=true\" width=\"280\" />\n\n## Web Interface\n\nWhen running `hkcam` at a specific port (by specifying `-port=...`), you can access the web interface at the url http://{ip-address}:{port} with a browser.\nThe web interface shows the recent snapshot and lets you install updates.\n\n<img alt=\"Web Interface\" src=\"_img/web-interface.png?raw=true\" width=\"400\" />\n\n## Raspberry Pi Zero W\n\nI do get kernel panics when running hkcam with an ELP 1080P USB camera.\nUpdating `/boot/config.txt` with the following changes resolve those kernel panics.\n\n```\narm_freq=800\narm_freq_max=900\narm_freq_min=700\n```\n\n## Raspberry Pi Zero W Enclosure\n\n<img alt=\"Desk mount\" src=\"_img/enclosure-desk.jpg?raw=true\" width=\"320\" />\n<img alt=\"Wall mount\" src=\"_img/enclosure-wall.jpg?raw=true\" width=\"320\" />\n\nI've also designed an enclosure for the Raspberry Pi Zero W and standard camera module.\nYou can use a stand to put the camera on a desk, or combine it with brackets of the [Articulating Raspberry Pi Camera Mount](https://www.prusaprinters.org/prints/3407-articulating-raspberry-pi-camera-mount-for-prusa-m) to mount it on a wall.\nThe 3D-printed parts are available as STL files [here](https://github.com/brutella/hkcam/tree/master/enclosure).\n\nThis enclosure is not waterproof and should not be used outside. Instead, you should use an [ELP 1080P camera](https://de.aliexpress.com/item/4000562253329.html) and connect it via USB to a Raspberry Pi.\n\n<!-- #### Pre-configured Raspbian  Image\n\nYou can use a pre-configured Raspbian Stretch Lite image, where everything is already configured.\n\nYou only need to\n\n1. download the pre-configured Raspbian image and copy onto a sd card; [download](https://github.com/brutella/hkcam/releases/download/v0.0.9/raspbian-stretch-lite-2019-04-08-hkcam-v0.0.9-armv6.img.zip)\n\n- **Note**: This image only works on a Raspberry Pi Zero\n\n2. install [Etcher.app](https://www.balena.io/etcher/) and flash the downloaded image onto your sd card.\n<img alt=\"Etcher.app\" src=\"_img/etcher.png?raw=true\"/>\n\n> You can do the same on the command line as well.\n>\n> On **macOS** you have to find the disk number for your sd card\n> ```sh\n> # find disk\n> diskutil list\n> ```\n> You will see entries for `/dev/disk0`, `/dev/disk1`…, your sd card may have the disk number **3** and will be mounted at `/dev/disk3`\n>\n> ```sh\n> # unmount disk (eg disk3)\n> diskutil unmountDisk /dev/rdisk3\n>\n> # copy image on disk3\n> sudo dd bs=1m if=~/Downloads/raspbian-stretch-lite-2019-04-08-hkcam-v0.0.9-armv6.img of=/dev/rdisk3 conv=sync\n> ```\n\n3. add your Wi-Fi credentials so that the Raspberry Pi can connect to your Wi-Fi\n\n- create a new text file at `/Volumes/boot/wpa_supplicant.conf` with the following content\n```sh\nctrl_interface=DIR=/var/run/wpa_supplicant GROUP=netdev\nupdate_config=1\n\nnetwork={\nssid=\"<ssid>\"\npsk=\"<password>\"\n}\n```\n- replace `<ssid>` with the name of your Wi-Fi, and `<password>` with the Wi-Fi password.\n\n4. insert the sd card into your Raspberry Pi and power it up.\n(After a reboot it may take up to several minutes until the camera is accessible via HomeKit – see [issue #136](https://github.com/brutella/hap/issues/136).)\n\n5. open any HomeKit app and add the camera to HomeKit (pin for initial setup is `001 02 003`)\n\n\n#### Manual Configuration\n\nIf you want, you can configure your Raspberry Pi manually.\nThis setup requires more configuration.\nI've made an [Ansible](http://docs.ansible.com/ansible/index.html) playbook to configure your RPi with just one command.\n\nThe easiest way to get started is to\n\n1. configure your Raspberry Pi\n\n- install [Raspbian](https://www.raspberrypi.org/downloads/raspbian/)\n- [enable ssh](https://gist.github.com/brutella/0780479ceefc5d25a805b86ea795a3c6) (and WiFi if needed)\n- connect a camera module\n\n2. create ssh key and copy them to the Raspberry Pi\n```sh\nssh-keygen\nssh-copy-id pi@raspberrypi.local\n```\n\n3 run the `rpi` playbook\n```sh\ncd ansible && ansible-playbook rpi.yml -i hosts\n```\n\n4. open any HomeKit app and add the camera to HomeKit (pin for initial setup is `001 02 003`)\n\nThese steps require *ansible* to be installed. On macOS you can install it via Homebrew.\n```sh\nbrew install ansible\n```\n\n#### What does the playbook do?\n\nThe ansible playbook configures the Raspberry Pi in a way that is required by `hkcam`.\nIt does that by connecting to the RPi via ssh and running commands on it.\nYou can do the same thing manually on the shell but ansible is more convenient.\n\nHere are the things that the ansible playbook does.\n\n1. Installs the required packages\n    - [ffmpeg](http://ffmpeg.org) – to stream video from the camera via RTSP to HomeKit\n    - [v4l2loopback](https://github.com/umlaeute/v4l2loopback) - to create a virtual video device to access the video stream by multiple ffmpeg processes\n    - [runit](http://smarden.org/runit/) – to run `hkcam` as a service\n2. Downloads and installs the latest `hkcam` release\n3. Edits `/boot/config.txt` to enable access to the camera\n4. Edits `/etc/modules` to enable the *bcm2835-v4l2* and *v4l2loopback* kernel modules\n5. Restarts the RPi\n\nAfter the playbook finishes, the RPi is ready to be used as a HomeKit camera.\n\n**Additional Steps**\n\n- I recommend to change the password of the `pi` user, once you have configured your Raspberry Pi.\n- If you want to have multiple cameras on your network, you have to make sure that the hostnames are unique. By default, the hostname of the Raspberry Pi is `raspberrypi.local`.\n- SSH is enabled in the hkcam image. You may want to disable it.\n\n**Debugging**\n\nIf experience issues with the hkcam daemon, you can find log outputs at `/var/log/hkcam/current`.\n\n# Enclosure\n\n<img alt=\"Desk mount\" src=\"_img/enclosure-desk.jpg?raw=true\" width=\"320\" />\n<img alt=\"Wall mount\" src=\"_img/enclosure-wall.jpg?raw=true\" width=\"320\" />\n\nThe 3D-printed enclosure is designed for a Raspberry Pi Zero W and standard camera module.\nYou can use a stand to put the camera on a desk, or combine it with brackets of the [Articulating Raspberry Pi Camera Mount]() to mount it on a wall.\n\nThe 3D-printed parts are available as STL files [here](https://github.com/brutella/hkcam/tree/master/enclosure).\n\n# Advanced Configuration\nThe application can be further configured using flags in the startup script. These can lead to a misconfigured system and should be used at your own caution.\n\nThese settings can be changed in the startup script ```/etc/sv/hkcam/run```.\n\n```\n#!/bin/sh -e\nexec 2>&1\nv4l2-ctl --set-fmt-video=width=1280,height=720,pixelformat=YU12\nexec hkcam --data_dir=/var/lib/hkcam/data --verbose=true\n```\n\n| Flag | Default value | Description |\n|--------- | -------------- | ----------------- |\n| min_video_bitrate | ```0``` | minimum video bit rate in kbps|\n| multi_stream | ```false``` | \"Allow multiple clients to view the stream simultaneously|\n| data_dir | ```\"Camera\"``` | Path to data directory|\n| verbose | ```true```| Verbose logging|\n| pin | ```\"00102003\"``` | PIN for HomeKit pairing |\n| port | ```\"\"``` | Port on which transport is reachable, random port if empty |\n\n## Network\n`hkcam` uses bonjour for service discovery. The port used for this ```5353```.\nThe transport port is random. It is assigned by the OS. You can set a port using the ```port``` flag.\n-->\n\n# Contact\n\nMatthias Hochgatterer\n\nWebsite: [http://hochgatterer.me](http://hochgatterer.me)\n\nGithub: [https://github.com/brutella](https://github.com/brutella)\n\nTwitter: [https://twitter.com/brutella](https://twitter.com/brutella)\n\n\n# License\n\n`hkcam` is available under the Apache License 2.0 license. See the LICENSE file for more info.\n"
    },
    "latest_release_at": "2022-03-07T15:53:39+00:00",
    "bot_like_contribs": 0,
    "human_contribs": 8,
    "run_ts": "2025-10-02T13:37:39.637474+00:00"
  }
]