[
  {
    "full_name": "apache/celeborn",
    "language": "Java",
    "owner_type": "Org",
    "stars": 992,
    "pushed_at": "2025-10-02T04:30:36+00:00",
    "latest_release_at": "2025-09-07T04:42:59+00:00",
    "bot_like_contribs": 0,
    "human_contribs": 60,
    "R": 3.5,
    "A": 3.5,
    "C": 4.3,
    "score": 3.74,
    "readability_feats": {
      "n_words": 20420,
      "n_sents": 3636,
      "flesch_reading_ease": 40.9,
      "avg_sentence_len": 5.62,
      "code_block_count": 684,
      "heading_count": 282,
      "passive_hits": 154
    },
    "completeness_sections": {
      "overview": true,
      "install": true,
      "quickstart": true,
      "dev_setup": false,
      "testing": true,
      "contrib": true,
      "coc": false,
      "troubleshooting": true,
      "release": true
    },
    "broken_link_ratio": 0.2,
    "rationale": {
      "readability": "Flesch=40.9 ASL=5.62 code_blocks=684",
      "actuality": "broken_link_ratio=0.2, months_since_push=-1.05",
      "completeness": "sections_present=['contrib', 'install', 'overview', 'quickstart', 'release', 'testing', 'troubleshooting']"
    },
    "run_ts": "2025-10-02T15:47:10.443011+00:00"
  },
  {
    "full_name": "RubyCrypto/rbnacl",
    "language": "Ruby",
    "owner_type": "Org",
    "stars": 986,
    "pushed_at": "2025-05-19T12:23:44+00:00",
    "latest_release_at": null,
    "bot_like_contribs": 0,
    "human_contribs": 44,
    "R": 3.5,
    "A": 3.5,
    "C": 2.7,
    "score": 3.26,
    "readability_feats": {
      "n_words": 1006,
      "n_sents": 130,
      "flesch_reading_ease": 54.17,
      "avg_sentence_len": 7.74,
      "code_block_count": 7,
      "heading_count": 14,
      "passive_hits": 10
    },
    "completeness_sections": {
      "overview": true,
      "install": true,
      "quickstart": false,
      "dev_setup": false,
      "testing": false,
      "contrib": true,
      "coc": false,
      "troubleshooting": false,
      "release": false
    },
    "broken_link_ratio": 0.1,
    "rationale": {
      "readability": "Flesch=54.17 ASL=7.74 code_blocks=7",
      "actuality": "broken_link_ratio=0.1, months_since_push=3.42",
      "completeness": "sections_present=['contrib', 'install', 'overview']"
    },
    "run_ts": "2025-10-02T15:47:10.443011+00:00"
  },
  {
    "full_name": "3b1b/manim",
    "language": "Python",
    "owner_type": "User",
    "stars": 80938,
    "pushed_at": "2025-06-14T15:50:43+00:00",
    "latest_release_at": "2024-12-13T02:51:23+00:00",
    "bot_like_contribs": 0,
    "human_contribs": 60,
    "R": 3.5,
    "A": 3.5,
    "C": 3.1,
    "score": 3.38,
    "readability_feats": {
      "n_words": 980,
      "n_sents": 150,
      "flesch_reading_ease": 58.54,
      "avg_sentence_len": 6.53,
      "code_block_count": 29,
      "heading_count": 14,
      "passive_hits": 2
    },
    "completeness_sections": {
      "overview": false,
      "install": true,
      "quickstart": false,
      "dev_setup": false,
      "testing": true,
      "contrib": true,
      "coc": false,
      "troubleshooting": true,
      "release": false
    },
    "broken_link_ratio": 0.15,
    "rationale": {
      "readability": "Flesch=58.54 ASL=6.53 code_blocks=29",
      "actuality": "broken_link_ratio=0.15, months_since_push=2.56",
      "completeness": "sections_present=['contrib', 'install', 'testing', 'troubleshooting']"
    },
    "run_ts": "2025-10-02T15:47:10.443011+00:00"
  },
  {
    "full_name": "denysdovhan/wtfjs",
    "language": "JavaScript",
    "owner_type": "User",
    "stars": 37247,
    "pushed_at": "2025-03-18T13:55:28+00:00",
    "latest_release_at": "2022-09-30T11:42:41+00:00",
    "bot_like_contribs": 2,
    "human_contribs": 58,
    "R": 3.5,
    "A": 3.0,
    "C": 2.7,
    "score": 3.11,
    "readability_feats": {
      "n_words": 9783,
      "n_sents": 1225,
      "flesch_reading_ease": 55.38,
      "avg_sentence_len": 7.99,
      "code_block_count": 180,
      "heading_count": 147,
      "passive_hits": 73
    },
    "completeness_sections": {
      "overview": true,
      "install": true,
      "quickstart": false,
      "dev_setup": false,
      "testing": false,
      "contrib": true,
      "coc": false,
      "troubleshooting": false,
      "release": false
    },
    "broken_link_ratio": 0.05,
    "rationale": {
      "readability": "Flesch=55.38 ASL=7.99 code_blocks=180",
      "actuality": "broken_link_ratio=0.05, months_since_push=5.45",
      "completeness": "sections_present=['contrib', 'install', 'overview']"
    },
    "run_ts": "2025-10-02T15:47:10.443011+00:00"
  },
  {
    "full_name": "huihut/interview",
    "language": "C++",
    "owner_type": "User",
    "stars": 36938,
    "pushed_at": "2025-08-24T07:01:54+00:00",
    "latest_release_at": null,
    "bot_like_contribs": 2,
    "human_contribs": 24,
    "R": 3.5,
    "A": 3.5,
    "C": 3.1,
    "score": 3.38,
    "readability_feats": {
      "n_words": 46029,
      "n_sents": 2860,
      "flesch_reading_ease": 58.07,
      "avg_sentence_len": 16.09,
      "code_block_count": 1373,
      "heading_count": 946,
      "passive_hits": 291
    },
    "completeness_sections": {
      "overview": true,
      "install": false,
      "quickstart": false,
      "dev_setup": false,
      "testing": true,
      "contrib": false,
      "coc": false,
      "troubleshooting": true,
      "release": true
    },
    "broken_link_ratio": 0.25,
    "rationale": {
      "readability": "Flesch=58.07 ASL=16.09 code_blocks=1373",
      "actuality": "broken_link_ratio=0.25, months_since_push=0.23",
      "completeness": "sections_present=['overview', 'release', 'testing', 'troubleshooting']"
    },
    "run_ts": "2025-10-02T15:47:10.443011+00:00"
  }
]