[
  {
    "full_name": "ggeop/Python-ai-assistant",
    "asof": "2025-09-01T00:00:00+00:00",
    "run_ts": "2025-10-02T05:35:49.750076+00:00",
    "comment_dump_index": {
      "repo_index": "mined/comments_365d/shard_09/ggeop__Python-ai-assistant/index.json",
      "shard_manifest": "mined/comments_365d/shard_09.comments.index.json",
      "counts": {
        "issue": 0,
        "review": 0,
        "total": 0
      },
      "pr_count_dumped": 3
    },
    "readme_words": 1022,
    "docs_md_count": 0,
    "has_contributing": false,
    "has_coc": false,
    "has_issue_template": false,
    "has_pr_template": false,
    "has_codeowners": false,
    "has_maintainers": false,
    "has_governance": false,
    "has_workflows": false,
    "workflows_count": 0,
    "discussions_enabled": true,
    "onboarding_surfaces_count": 1,
    "pr_merge_rate_90": null,
    "denom_prs_90": 0,
    "censor_days": 7,
    "maintainer_first_reply_median_hrs_365": null,
    "pr_with_human_maint_comment_rate_365": 0.0,
    "maintainer_to_author_comment_ratio_365": null,
    "links_per_comment_365": 0.0,
    "denom_prs_comment_window_365": 2,
    "count_prs_with_maint_comment_365": 0,
    "count_maintainer_comments_365": 0,
    "count_author_comments_365": 0,
    "count_human_comments_365": 0,
    "count_links_365": 0,
    "convo_readability_feats": {
      "n_words": 0,
      "n_sents": 1,
      "flesch_reading_ease": 0.0,
      "avg_sentence_len": 0.0,
      "code_block_count": 0,
      "heading_count": 0,
      "passive_hits": 0
    },
    "convo_broken_link_ratio_365": 0.0,
    "R_convo_rule_365": 3.0,
    "newcomers_strict_window": 0,
    "total_prs_in_window": 2,
    "conversion_1m": null,
    "denom_conv_1m": 0,
    "conversion_3m": null,
    "denom_conv_3m": 0,
    "conversion_6m": null,
    "denom_conv_6m": 0,
    "additional_prs_1m": {
      "sum": 0,
      "avg": null,
      "median": null
    },
    "additional_prs_3m": {
      "sum": 0,
      "avg": null,
      "median": null
    },
    "additional_prs_6m": {
      "sum": 0,
      "avg": null,
      "median": null
    },
    "retention_1m": null,
    "denom_ret_1m": 0,
    "retention_3m": null,
    "denom_ret_3m": 0,
    "retention_6m": null,
    "denom_ret_6m": 0,
    "newcomer_became_merger_ever_rate": null,
    "newcomer_became_merger_ever_count": 0,
    "denom_newcomer_became_merger_ever": 0
  },
  {
    "full_name": "amancevice/docker-superset",
    "asof": "2025-09-01T00:00:00+00:00",
    "run_ts": "2025-10-02T05:35:49.750076+00:00",
    "comment_dump_index": {
      "repo_index": "mined/comments_365d/shard_09/amancevice__docker-superset/index.json",
      "shard_manifest": "mined/comments_365d/shard_09.comments.index.json",
      "counts": {
        "issue": 15,
        "review": 2,
        "total": 17
      },
      "pr_count_dumped": 13
    },
    "readme_words": 615,
    "docs_md_count": 0,
    "has_contributing": false,
    "has_coc": false,
    "has_issue_template": false,
    "has_pr_template": false,
    "has_codeowners": false,
    "has_maintainers": false,
    "has_governance": false,
    "has_workflows": true,
    "workflows_count": 2,
    "discussions_enabled": false,
    "onboarding_surfaces_count": 1,
    "pr_merge_rate_90": null,
    "denom_prs_90": 0,
    "censor_days": 7,
    "maintainer_first_reply_median_hrs_365": 73.05444444444444,
    "pr_with_human_maint_comment_rate_365": 0.182,
    "maintainer_to_author_comment_ratio_365": 1.667,
    "links_per_comment_365": 0.125,
    "denom_prs_comment_window_365": 11,
    "count_prs_with_maint_comment_365": 2,
    "count_maintainer_comments_365": 5,
    "count_author_comments_365": 3,
    "count_human_comments_365": 8,
    "count_links_365": 1,
    "convo_readability_feats": {
      "n_words": 224,
      "n_sents": 18,
      "flesch_reading_ease": 74.86,
      "avg_sentence_len": 12.44,
      "code_block_count": 0,
      "heading_count": 0,
      "passive_hits": 0
    },
    "convo_broken_link_ratio_365": 1.0,
    "R_convo_rule_365": 4.0,
    "newcomers_strict_window": 2,
    "total_prs_in_window": 11,
    "conversion_1m": 0.0,
    "denom_conv_1m": 2,
    "conversion_3m": 0.0,
    "denom_conv_3m": 1,
    "conversion_6m": null,
    "denom_conv_6m": 0,
    "additional_prs_1m": {
      "sum": 0,
      "avg": 0.0,
      "median": 0.0
    },
    "additional_prs_3m": {
      "sum": 0,
      "avg": 0.0,
      "median": 0.0
    },
    "additional_prs_6m": {
      "sum": 0,
      "avg": null,
      "median": null
    },
    "retention_1m": 0.0,
    "denom_ret_1m": 2,
    "retention_3m": 0.0,
    "denom_ret_3m": 1,
    "retention_6m": null,
    "denom_ret_6m": 0,
    "newcomer_became_merger_ever_rate": null,
    "newcomer_became_merger_ever_count": 0,
    "denom_newcomer_became_merger_ever": 0
  },
  {
    "full_name": "loktar00/react-lazy-load",
    "asof": "2025-09-01T00:00:00+00:00",
    "run_ts": "2025-10-02T05:35:49.750076+00:00",
    "comment_dump_index": {
      "repo_index": "mined/comments_365d/shard_09/loktar00__react-lazy-load/index.json",
      "shard_manifest": "mined/comments_365d/shard_09.comments.index.json",
      "counts": {
        "issue": 2,
        "review": 0,
        "total": 2
      },
      "pr_count_dumped": 2
    },
    "readme_words": 567,
    "docs_md_count": 0,
    "has_contributing": false,
    "has_coc": false,
    "has_issue_template": false,
    "has_pr_template": false,
    "has_codeowners": false,
    "has_maintainers": false,
    "has_governance": false,
    "has_workflows": false,
    "workflows_count": 0,
    "discussions_enabled": false,
    "onboarding_surfaces_count": 1,
    "pr_merge_rate_90": null,
    "denom_prs_90": 0,
    "censor_days": 7,
    "maintainer_first_reply_median_hrs_365": null,
    "pr_with_human_maint_comment_rate_365": 0.0,
    "maintainer_to_author_comment_ratio_365": null,
    "links_per_comment_365": 0.0,
    "denom_prs_comment_window_365": 1,
    "count_prs_with_maint_comment_365": 0,
    "count_maintainer_comments_365": 0,
    "count_author_comments_365": 0,
    "count_human_comments_365": 0,
    "count_links_365": 0,
    "convo_readability_feats": {
      "n_words": 0,
      "n_sents": 1,
      "flesch_reading_ease": 0.0,
      "avg_sentence_len": 0.0,
      "code_block_count": 0,
      "heading_count": 0,
      "passive_hits": 0
    },
    "convo_broken_link_ratio_365": 0.0,
    "R_convo_rule_365": 3.0,
    "newcomers_strict_window": 1,
    "total_prs_in_window": 1,
    "conversion_1m": 0.0,
    "denom_conv_1m": 1,
    "conversion_3m": 0.0,
    "denom_conv_3m": 1,
    "conversion_6m": 0.0,
    "denom_conv_6m": 1,
    "additional_prs_1m": {
      "sum": 0,
      "avg": 0.0,
      "median": 0.0
    },
    "additional_prs_3m": {
      "sum": 0,
      "avg": 0.0,
      "median": 0.0
    },
    "additional_prs_6m": {
      "sum": 0,
      "avg": 0.0,
      "median": 0.0
    },
    "retention_1m": 0.0,
    "denom_ret_1m": 1,
    "retention_3m": 0.0,
    "denom_ret_3m": 1,
    "retention_6m": 0.0,
    "denom_ret_6m": 1,
    "newcomer_became_merger_ever_rate": null,
    "newcomer_became_merger_ever_count": 0,
    "denom_newcomer_became_merger_ever": 0
  },
  {
    "full_name": "sibson/redbeat",
    "asof": "2025-09-01T00:00:00+00:00",
    "run_ts": "2025-10-02T05:35:49.750076+00:00",
    "comment_dump_index": {
      "repo_index": "mined/comments_365d/shard_09/sibson__redbeat/index.json",
      "shard_manifest": "mined/comments_365d/shard_09.comments.index.json",
      "counts": {
        "issue": 34,
        "review": 13,
        "total": 47
      },
      "pr_count_dumped": 13
    },
    "readme_words": 351,
    "docs_md_count": 0,
    "has_contributing": false,
    "has_coc": false,
    "has_issue_template": false,
    "has_pr_template": false,
    "has_codeowners": false,
    "has_maintainers": false,
    "has_governance": false,
    "has_workflows": true,
    "workflows_count": 2,
    "discussions_enabled": false,
    "onboarding_surfaces_count": 1,
    "pr_merge_rate_90": null,
    "denom_prs_90": 0,
    "censor_days": 7,
    "maintainer_first_reply_median_hrs_365": 252.35694444444445,
    "pr_with_human_maint_comment_rate_365": 0.667,
    "maintainer_to_author_comment_ratio_365": 1.0,
    "links_per_comment_365": 0.0,
    "denom_prs_comment_window_365": 6,
    "count_prs_with_maint_comment_365": 4,
    "count_maintainer_comments_365": 4,
    "count_author_comments_365": 4,
    "count_human_comments_365": 10,
    "count_links_365": 0,
    "convo_readability_feats": {
      "n_words": 209,
      "n_sents": 23,
      "flesch_reading_ease": 85.89,
      "avg_sentence_len": 9.09,
      "code_block_count": 1,
      "heading_count": 0,
      "passive_hits": 0
    },
    "convo_broken_link_ratio_365": 0.0,
    "R_convo_rule_365": 4.3,
    "newcomers_strict_window": 5,
    "total_prs_in_window": 6,
    "conversion_1m": 0.25,
    "denom_conv_1m": 4,
    "conversion_3m": 0.25,
    "denom_conv_3m": 4,
    "conversion_6m": 0.0,
    "denom_conv_6m": 1,
    "additional_prs_1m": {
      "sum": 1,
      "avg": 0.25,
      "median": 0.0
    },
    "additional_prs_3m": {
      "sum": 1,
      "avg": 0.25,
      "median": 0.0
    },
    "additional_prs_6m": {
      "sum": 0,
      "avg": 0.0,
      "median": 0.0
    },
    "retention_1m": 0.0,
    "denom_ret_1m": 4,
    "retention_3m": 0.0,
    "denom_ret_3m": 4,
    "retention_6m": 0.0,
    "denom_ret_6m": 1,
    "newcomer_became_merger_ever_rate": null,
    "newcomer_became_merger_ever_count": 0,
    "denom_newcomer_became_merger_ever": 0
  },
  {
    "full_name": "yangxy/PASD",
    "asof": "2025-09-01T00:00:00+00:00",
    "run_ts": "2025-10-02T05:35:49.750076+00:00",
    "comment_dump_index": {
      "repo_index": "mined/comments_365d/shard_09/yangxy__PASD/index.json",
      "shard_manifest": "mined/comments_365d/shard_09.comments.index.json",
      "counts": {
        "issue": 6,
        "review": 2,
        "total": 8
      },
      "pr_count_dumped": 3
    },
    "readme_words": 1344,
    "docs_md_count": 0,
    "has_contributing": false,
    "has_coc": false,
    "has_issue_template": false,
    "has_pr_template": false,
    "has_codeowners": false,
    "has_maintainers": false,
    "has_governance": false,
    "has_workflows": false,
    "workflows_count": 0,
    "discussions_enabled": false,
    "onboarding_surfaces_count": 1,
    "pr_merge_rate_90": null,
    "denom_prs_90": 0,
    "censor_days": 7,
    "maintainer_first_reply_median_hrs_365": null,
    "pr_with_human_maint_comment_rate_365": 0.0,
    "maintainer_to_author_comment_ratio_365": null,
    "links_per_comment_365": 0.0,
    "denom_prs_comment_window_365": 1,
    "count_prs_with_maint_comment_365": 0,
    "count_maintainer_comments_365": 0,
    "count_author_comments_365": 0,
    "count_human_comments_365": 0,
    "count_links_365": 0,
    "convo_readability_feats": {
      "n_words": 0,
      "n_sents": 1,
      "flesch_reading_ease": 0.0,
      "avg_sentence_len": 0.0,
      "code_block_count": 0,
      "heading_count": 0,
      "passive_hits": 0
    },
    "convo_broken_link_ratio_365": 0.0,
    "R_convo_rule_365": 3.0,
    "newcomers_strict_window": 1,
    "total_prs_in_window": 1,
    "conversion_1m": 0.0,
    "denom_conv_1m": 1,
    "conversion_3m": 0.0,
    "denom_conv_3m": 1,
    "conversion_6m": 0.0,
    "denom_conv_6m": 1,
    "additional_prs_1m": {
      "sum": 0,
      "avg": 0.0,
      "median": 0.0
    },
    "additional_prs_3m": {
      "sum": 0,
      "avg": 0.0,
      "median": 0.0
    },
    "additional_prs_6m": {
      "sum": 0,
      "avg": 0.0,
      "median": 0.0
    },
    "retention_1m": 0.0,
    "denom_ret_1m": 1,
    "retention_3m": 0.0,
    "denom_ret_3m": 1,
    "retention_6m": 0.0,
    "denom_ret_6m": 1,
    "newcomer_became_merger_ever_rate": null,
    "newcomer_became_merger_ever_count": 0,
    "denom_newcomer_became_merger_ever": 0
  }
]