[
  {
    "full_name": "martinfekete10/Tuneful",
    "language": "Swift",
    "owner_type": "User",
    "stars": 497,
    "pushed_at": "2025-03-12T18:08:11+00:00",
    "latest_release_at": "2025-03-02T08:34:53+00:00",
    "bot_like_contribs": 1,
    "human_contribs": 5,
    "R": 3.5,
    "A": 3.0,
    "C": 1.5,
    "score": 2.75,
    "readability_feats": {
      "n_words": 384,
      "n_sents": 34,
      "flesch_reading_ease": 54.81,
      "avg_sentence_len": 11.29,
      "code_block_count": 11,
      "heading_count": 4,
      "passive_hits": 2
    },
    "completeness_sections": {
      "overview": false,
      "install": false,
      "quickstart": false,
      "dev_setup": false,
      "testing": false,
      "contrib": false,
      "coc": false,
      "troubleshooting": false,
      "release": false
    },
    "broken_link_ratio": 0.357,
    "rationale": {
      "readability": "Flesch=54.81 ASL=11.29 code_blocks=11",
      "actuality": "broken_link_ratio=0.357, months_since_push=5.65",
      "completeness": "sections_present=[]"
    },
    "run_ts": "2025-10-01T04:31:57.300529+00:00"
  },
  {
    "full_name": "ibaiGorordo/pyKinectAzure",
    "language": "Python",
    "owner_type": "User",
    "stars": 496,
    "pushed_at": "2024-10-09T15:11:33+00:00",
    "latest_release_at": "2024-06-22T06:35:11+00:00",
    "bot_like_contribs": 0,
    "human_contribs": 11,
    "R": 3.5,
    "A": 3.0,
    "C": 3.1,
    "score": 3.23,
    "readability_feats": {
      "n_words": 786,
      "n_sents": 80,
      "flesch_reading_ease": 47.47,
      "avg_sentence_len": 9.82,
      "code_block_count": 6,
      "heading_count": 12,
      "passive_hits": 1
    },
    "completeness_sections": {
      "overview": true,
      "install": true,
      "quickstart": false,
      "dev_setup": false,
      "testing": false,
      "contrib": true,
      "coc": false,
      "troubleshooting": false,
      "release": true
    },
    "broken_link_ratio": 0.0,
    "rationale": {
      "readability": "Flesch=47.47 ASL=9.82 code_blocks=6",
      "actuality": "broken_link_ratio=0.0, months_since_push=10.71",
      "completeness": "sections_present=['contrib', 'install', 'overview', 'release']"
    },
    "run_ts": "2025-10-01T04:31:57.300529+00:00"
  },
  {
    "full_name": "sbidy/pywizlight",
    "language": "Python",
    "owner_type": "User",
    "stars": 498,
    "pushed_at": "2025-09-01T05:20:49+00:00",
    "latest_release_at": "2025-06-10T18:53:52+00:00",
    "bot_like_contribs": 3,
    "human_contribs": 26,
    "R": 3.5,
    "A": 3.5,
    "C": 3.1,
    "score": 3.38,
    "readability_feats": {
      "n_words": 3585,
      "n_sents": 434,
      "flesch_reading_ease": 58.56,
      "avg_sentence_len": 8.26,
      "code_block_count": 95,
      "heading_count": 152,
      "passive_hits": 11
    },
    "completeness_sections": {
      "overview": true,
      "install": true,
      "quickstart": false,
      "dev_setup": false,
      "testing": true,
      "contrib": false,
      "coc": false,
      "troubleshooting": false,
      "release": true
    },
    "broken_link_ratio": 0.3,
    "rationale": {
      "readability": "Flesch=58.56 ASL=8.26 code_blocks=95",
      "actuality": "broken_link_ratio=0.3, months_since_push=-0.03",
      "completeness": "sections_present=['install', 'overview', 'release', 'testing']"
    },
    "run_ts": "2025-10-01T04:31:57.300529+00:00"
  },
  {
    "full_name": "Yidadaa/shuangpin",
    "language": "Vue",
    "owner_type": "User",
    "stars": 499,
    "pushed_at": "2024-08-05T15:54:52+00:00",
    "latest_release_at": null,
    "bot_like_contribs": 0,
    "human_contribs": 4,
    "R": 4.5,
    "A": 2.5,
    "C": 1.5,
    "score": 3.0,
    "readability_feats": {
      "n_words": 176,
      "n_sents": 28,
      "flesch_reading_ease": 87.01,
      "avg_sentence_len": 6.29,
      "code_block_count": 11,
      "heading_count": 8,
      "passive_hits": 0
    },
    "completeness_sections": {
      "overview": false,
      "install": false,
      "quickstart": false,
      "dev_setup": false,
      "testing": false,
      "contrib": false,
      "coc": false,
      "troubleshooting": false,
      "release": false
    },
    "broken_link_ratio": 0.333,
    "rationale": {
      "readability": "Flesch=87.01 ASL=6.29 code_blocks=11",
      "actuality": "broken_link_ratio=0.333, months_since_push=12.84",
      "completeness": "sections_present=[]"
    },
    "run_ts": "2025-10-01T04:31:57.300529+00:00"
  },
  {
    "full_name": "btholt/complete-intro-to-react-v9",
    "language": "JavaScript",
    "owner_type": "User",
    "stars": 496,
    "pushed_at": "2025-08-28T20:59:49+00:00",
    "latest_release_at": null,
    "bot_like_contribs": 0,
    "human_contribs": 7,
    "R": 4.0,
    "A": 3.5,
    "C": 1.9,
    "score": 3.22,
    "readability_feats": {
      "n_words": 165,
      "n_sents": 24,
      "flesch_reading_ease": 73.21,
      "avg_sentence_len": 6.88,
      "code_block_count": 0,
      "heading_count": 3,
      "passive_hits": 2
    },
    "completeness_sections": {
      "overview": false,
      "install": false,
      "quickstart": false,
      "dev_setup": false,
      "testing": false,
      "contrib": true,
      "coc": false,
      "troubleshooting": false,
      "release": false
    },
    "broken_link_ratio": 0.2,
    "rationale": {
      "readability": "Flesch=73.21 ASL=6.88 code_blocks=0",
      "actuality": "broken_link_ratio=0.2, months_since_push=0.1",
      "completeness": "sections_present=['contrib']"
    },
    "run_ts": "2025-10-01T04:31:57.300529+00:00"
  }
]