[
  {
    "full_name": "satwikkansal/wtfpython",
    "language": "Python",
    "owner_type": "User",
    "stars": 36711,
    "pushed_at": "2025-05-10T11:50:03+00:00",
    "latest_release_at": "2019-12-21T17:08:00+00:00",
    "bot_like_contribs": 0,
    "human_contribs": 60,
    "R": 3.5,
    "A": 2.5,
    "C": 3.9,
    "score": 3.32,
    "readability_feats": {
      "n_words": 18201,
      "n_sents": 1519,
      "flesch_reading_ease": 57.69,
      "avg_sentence_len": 11.98,
      "code_block_count": 686,
      "heading_count": 181,
      "passive_hits": 166
    },
    "completeness_sections": {
      "overview": true,
      "install": true,
      "quickstart": true,
      "dev_setup": false,
      "testing": false,
      "contrib": true,
      "coc": false,
      "troubleshooting": true,
      "release": true
    },
    "broken_link_ratio": 0.3,
    "rationale": {
      "readability": "Flesch=57.69 ASL=11.98 code_blocks=686",
      "actuality": "broken_link_ratio=0.3, months_since_push=3.71",
      "completeness": "sections_present=['contrib', 'install', 'overview', 'quickstart', 'release', 'troubleshooting']"
    },
    "run_ts": "2025-10-02T15:55:12.970055+00:00"
  },
  {
    "full_name": "GorvGoyl/Clone-Wars",
    "language": null,
    "owner_type": "User",
    "stars": 29729,
    "pushed_at": "2024-08-06T12:31:36+00:00",
    "latest_release_at": null,
    "bot_like_contribs": 0,
    "human_contribs": 60,
    "R": 3.0,
    "A": 3.0,
    "C": 2.7,
    "score": 2.91,
    "readability_feats": {
      "n_words": 6906,
      "n_sents": 1683,
      "flesch_reading_ease": 48.28,
      "avg_sentence_len": 4.1,
      "code_block_count": 1,
      "heading_count": 8,
      "passive_hits": 0
    },
    "completeness_sections": {
      "overview": true,
      "install": false,
      "quickstart": false,
      "dev_setup": false,
      "testing": true,
      "contrib": false,
      "coc": false,
      "troubleshooting": false,
      "release": true
    },
    "broken_link_ratio": 0.1,
    "rationale": {
      "readability": "Flesch=48.28 ASL=4.1 code_blocks=1",
      "actuality": "broken_link_ratio=0.1, months_since_push=12.81",
      "completeness": "sections_present=['overview', 'release', 'testing']"
    },
    "run_ts": "2025-10-02T15:55:12.970055+00:00"
  },
  {
    "full_name": "ajeetdsouza/zoxide",
    "language": "Rust",
    "owner_type": "User",
    "stars": 30278,
    "pushed_at": "2025-09-30T13:04:43+00:00",
    "latest_release_at": "2025-05-26T21:43:06+00:00",
    "bot_like_contribs": 3,
    "human_contribs": 57,
    "R": 3.5,
    "A": 3.5,
    "C": 3.9,
    "score": 3.62,
    "readability_feats": {
      "n_words": 3147,
      "n_sents": 327,
      "flesch_reading_ease": 40.8,
      "avg_sentence_len": 9.62,
      "code_block_count": 46,
      "heading_count": 19,
      "passive_hits": 16
    },
    "completeness_sections": {
      "overview": true,
      "install": true,
      "quickstart": true,
      "dev_setup": false,
      "testing": false,
      "contrib": false,
      "coc": true,
      "troubleshooting": true,
      "release": true
    },
    "broken_link_ratio": 0.15,
    "rationale": {
      "readability": "Flesch=40.8 ASL=9.62 code_blocks=46",
      "actuality": "broken_link_ratio=0.15, months_since_push=-0.99",
      "completeness": "sections_present=['coc', 'install', 'overview', 'quickstart', 'release', 'troubleshooting']"
    },
    "run_ts": "2025-10-02T15:55:12.970055+00:00"
  },
  {
    "full_name": "necolas/normalize.css",
    "language": "CSS",
    "owner_type": "User",
    "stars": 53540,
    "pushed_at": "2024-06-12T20:36:06+00:00",
    "latest_release_at": null,
    "bot_like_contribs": 0,
    "human_contribs": 34,
    "R": 4.5,
    "A": 2.5,
    "C": 3.5,
    "score": 3.6,
    "readability_feats": {
      "n_words": 1607,
      "n_sents": 196,
      "flesch_reading_ease": 60.37,
      "avg_sentence_len": 8.2,
      "code_block_count": 7,
      "heading_count": 21,
      "passive_hits": 14
    },
    "completeness_sections": {
      "overview": true,
      "install": true,
      "quickstart": false,
      "dev_setup": false,
      "testing": true,
      "contrib": true,
      "coc": false,
      "troubleshooting": false,
      "release": true
    },
    "broken_link_ratio": 0.2,
    "rationale": {
      "readability": "Flesch=60.37 ASL=8.2 code_blocks=7",
      "actuality": "broken_link_ratio=0.2, months_since_push=14.62",
      "completeness": "sections_present=['contrib', 'install', 'overview', 'release', 'testing']"
    },
    "run_ts": "2025-10-02T15:55:12.970055+00:00"
  },
  {
    "full_name": "louislam/uptime-kuma",
    "language": "JavaScript",
    "owner_type": "User",
    "stars": 75579,
    "pushed_at": "2025-10-01T17:20:32+00:00",
    "latest_release_at": "2025-09-05T04:32:31+00:00",
    "bot_like_contribs": 1,
    "human_contribs": 59,
    "R": 3.5,
    "A": 3.5,
    "C": 4.3,
    "score": 3.74,
    "readability_feats": {
      "n_words": 5893,
      "n_sents": 576,
      "flesch_reading_ease": 50.92,
      "avg_sentence_len": 10.23,
      "code_block_count": 133,
      "heading_count": 72,
      "passive_hits": 57
    },
    "completeness_sections": {
      "overview": true,
      "install": true,
      "quickstart": false,
      "dev_setup": false,
      "testing": true,
      "contrib": true,
      "coc": true,
      "troubleshooting": true,
      "release": true
    },
    "broken_link_ratio": 0.45,
    "rationale": {
      "readability": "Flesch=50.92 ASL=10.23 code_blocks=133",
      "actuality": "broken_link_ratio=0.45, months_since_push=-1.02",
      "completeness": "sections_present=['coc', 'contrib', 'install', 'overview', 'release', 'testing', 'troubleshooting']"
    },
    "run_ts": "2025-10-02T15:55:12.970055+00:00"
  }
]