[
  {
    "full_name": "Ullaakut/nmap",
    "language": "Go",
    "owner_type": "User",
    "stars": 995,
    "pushed_at": "2025-05-23T14:06:00+00:00",
    "latest_release_at": "2025-05-23T14:05:15+00:00",
    "bot_like_contribs": 0,
    "human_contribs": 24,
    "R": 4.5,
    "A": 3.0,
    "C": 1.9,
    "score": 3.27,
    "readability_feats": {
      "n_words": 861,
      "n_sents": 120,
      "flesch_reading_ease": 65.14,
      "avg_sentence_len": 7.17,
      "code_block_count": 33,
      "heading_count": 7,
      "passive_hits": 2
    },
    "completeness_sections": {
      "overview": false,
      "install": false,
      "quickstart": false,
      "dev_setup": false,
      "testing": true,
      "contrib": false,
      "coc": false,
      "troubleshooting": false,
      "release": false
    },
    "broken_link_ratio": 0.5,
    "rationale": {
      "readability": "Flesch=65.14 ASL=7.17 code_blocks=33",
      "actuality": "broken_link_ratio=0.5, months_since_push=3.29",
      "completeness": "sections_present=['testing']"
    },
    "run_ts": "2025-10-02T13:38:20.224478+00:00"
  },
  {
    "full_name": "moononournation/Arduino_GFX",
    "language": "C",
    "owner_type": "User",
    "stars": 1000,
    "pushed_at": "2025-09-30T14:33:03+00:00",
    "latest_release_at": "2025-08-20T13:32:37+00:00",
    "bot_like_contribs": 0,
    "human_contribs": 28,
    "R": 3.5,
    "A": 4.0,
    "C": 2.3,
    "score": 3.29,
    "readability_feats": {
      "n_words": 3195,
      "n_sents": 508,
      "flesch_reading_ease": 58.63,
      "avg_sentence_len": 6.29,
      "code_block_count": 14,
      "heading_count": 34,
      "passive_hits": 1
    },
    "completeness_sections": {
      "overview": false,
      "install": false,
      "quickstart": false,
      "dev_setup": false,
      "testing": true,
      "contrib": false,
      "coc": false,
      "troubleshooting": false,
      "release": true
    },
    "broken_link_ratio": 0.0,
    "rationale": {
      "readability": "Flesch=58.63 ASL=6.29 code_blocks=14",
      "actuality": "broken_link_ratio=0.0, months_since_push=-0.99",
      "completeness": "sections_present=['release', 'testing']"
    },
    "run_ts": "2025-10-02T13:38:20.224478+00:00"
  },
  {
    "full_name": "TheOrcDev/8bitcn-ui",
    "language": "TypeScript",
    "owner_type": "User",
    "stars": 1012,
    "pushed_at": "2025-09-29T09:05:27+00:00",
    "latest_release_at": null,
    "bot_like_contribs": 0,
    "human_contribs": 21,
    "R": 4.0,
    "A": 3.5,
    "C": 1.9,
    "score": 3.22,
    "readability_feats": {
      "n_words": 80,
      "n_sents": 18,
      "flesch_reading_ease": 71.19,
      "avg_sentence_len": 4.44,
      "code_block_count": 0,
      "heading_count": 4,
      "passive_hits": 0
    },
    "completeness_sections": {
      "overview": false,
      "install": false,
      "quickstart": false,
      "dev_setup": false,
      "testing": false,
      "contrib": true,
      "coc": false,
      "troubleshooting": false,
      "release": false
    },
    "broken_link_ratio": 0.2,
    "rationale": {
      "readability": "Flesch=71.19 ASL=4.44 code_blocks=0",
      "actuality": "broken_link_ratio=0.2, months_since_push=-0.95",
      "completeness": "sections_present=['contrib']"
    },
    "run_ts": "2025-10-02T13:38:20.224478+00:00"
  },
  {
    "full_name": "rsl/stringex",
    "language": "Ruby",
    "owner_type": "User",
    "stars": 987,
    "pushed_at": "2023-08-29T09:48:30+00:00",
    "latest_release_at": null,
    "bot_like_contribs": 0,
    "human_contribs": 56,
    "R": 3.5,
    "A": 2.5,
    "C": 2.3,
    "score": 2.84,
    "readability_feats": {
      "n_words": 1269,
      "n_sents": 117,
      "flesch_reading_ease": 50.56,
      "avg_sentence_len": 10.85,
      "code_block_count": 10,
      "heading_count": 14,
      "passive_hits": 11
    },
    "completeness_sections": {
      "overview": true,
      "install": false,
      "quickstart": false,
      "dev_setup": false,
      "testing": false,
      "contrib": false,
      "coc": false,
      "troubleshooting": false,
      "release": true
    },
    "broken_link_ratio": 0.125,
    "rationale": {
      "readability": "Flesch=50.56 ASL=10.85 code_blocks=10",
      "actuality": "broken_link_ratio=0.125, months_since_push=24.08",
      "completeness": "sections_present=['overview', 'release']"
    },
    "run_ts": "2025-10-02T13:38:20.224478+00:00"
  },
  {
    "full_name": "brutella/hkcam",
    "language": "Go",
    "owner_type": "User",
    "stars": 984,
    "pushed_at": "2024-07-01T20:37:02+00:00",
    "latest_release_at": "2022-03-07T15:53:39+00:00",
    "bot_like_contribs": 0,
    "human_contribs": 8,
    "R": 4.5,
    "A": 2.0,
    "C": 2.3,
    "score": 3.09,
    "readability_feats": {
      "n_words": 2233,
      "n_sents": 236,
      "flesch_reading_ease": 64.33,
      "avg_sentence_len": 9.46,
      "code_block_count": 29,
      "heading_count": 17,
      "passive_hits": 18
    },
    "completeness_sections": {
      "overview": false,
      "install": true,
      "quickstart": false,
      "dev_setup": false,
      "testing": false,
      "contrib": false,
      "coc": false,
      "troubleshooting": false,
      "release": true
    },
    "broken_link_ratio": 0.3,
    "rationale": {
      "readability": "Flesch=64.33 ASL=9.46 code_blocks=29",
      "actuality": "broken_link_ratio=0.3, months_since_push=13.99",
      "completeness": "sections_present=['install', 'release']"
    },
    "run_ts": "2025-10-02T13:38:20.224478+00:00"
  }
]