[
  {
    "full_name": "snarfed/granary",
    "language": "Python",
    "owner_type": "User",
    "stars": 497,
    "pushed_at": "2025-09-30T20:42:25+00:00",
    "latest_release_at": "2025-09-14T02:50:13+00:00",
    "bot_like_contribs": 1,
    "human_contribs": 19,
    "R": 3.5,
    "A": 4.0,
    "C": 4.3,
    "score": 3.89,
    "readability_feats": {
      "n_words": 11554,
      "n_sents": 1600,
      "flesch_reading_ease": 52.78,
      "avg_sentence_len": 7.22,
      "code_block_count": 278,
      "heading_count": 36,
      "passive_hits": 24
    },
    "completeness_sections": {
      "overview": true,
      "install": true,
      "quickstart": true,
      "dev_setup": false,
      "testing": true,
      "contrib": true,
      "coc": false,
      "troubleshooting": true,
      "release": true
    },
    "broken_link_ratio": 0.05,
    "rationale": {
      "readability": "Flesch=52.78 ASL=7.22 code_blocks=278",
      "actuality": "broken_link_ratio=0.05, months_since_push=-0.99",
      "completeness": "sections_present=['contrib', 'install', 'overview', 'quickstart', 'release', 'testing', 'troubleshooting']"
    },
    "run_ts": "2025-10-01T02:49:06.897492+00:00"
  },
  {
    "full_name": "huahua132/skynet_fly",
    "language": "C",
    "owner_type": "User",
    "stars": 497,
    "pushed_at": "2025-09-12T10:42:46+00:00",
    "latest_release_at": "2024-09-29T02:36:12+00:00",
    "bot_like_contribs": 0,
    "human_contribs": 10,
    "R": 4.5,
    "A": 4.0,
    "C": 3.1,
    "score": 3.93,
    "readability_feats": {
      "n_words": 2786,
      "n_sents": 282,
      "flesch_reading_ease": 63.01,
      "avg_sentence_len": 9.88,
      "code_block_count": 94,
      "heading_count": 33,
      "passive_hits": 8
    },
    "completeness_sections": {
      "overview": true,
      "install": false,
      "quickstart": false,
      "dev_setup": false,
      "testing": false,
      "contrib": false,
      "coc": true,
      "troubleshooting": true,
      "release": true
    },
    "broken_link_ratio": 0.1,
    "rationale": {
      "readability": "Flesch=63.01 ASL=9.88 code_blocks=94",
      "actuality": "broken_link_ratio=0.1, months_since_push=-0.39",
      "completeness": "sections_present=['coc', 'overview', 'release', 'troubleshooting']"
    },
    "run_ts": "2025-10-01T02:49:06.897492+00:00"
  },
  {
    "full_name": "jhasse/poly2tri",
    "language": "C++",
    "owner_type": "User",
    "stars": 496,
    "pushed_at": "2024-02-08T16:18:08+00:00",
    "latest_release_at": null,
    "bot_like_contribs": 0,
    "human_contribs": 10,
    "R": 4.5,
    "A": 3.0,
    "C": 2.7,
    "score": 3.51,
    "readability_feats": {
      "n_words": 345,
      "n_sents": 29,
      "flesch_reading_ease": 60.38,
      "avg_sentence_len": 11.9,
      "code_block_count": 7,
      "heading_count": 0,
      "passive_hits": 1
    },
    "completeness_sections": {
      "overview": true,
      "install": true,
      "quickstart": false,
      "dev_setup": false,
      "testing": true,
      "contrib": false,
      "coc": false,
      "troubleshooting": false,
      "release": false
    },
    "broken_link_ratio": 0.0,
    "rationale": {
      "readability": "Flesch=60.38 ASL=11.9 code_blocks=7",
      "actuality": "broken_link_ratio=0.0, months_since_push=18.73",
      "completeness": "sections_present=['install', 'overview', 'testing']"
    },
    "run_ts": "2025-10-01T02:49:06.897492+00:00"
  },
  {
    "full_name": "puyuan/py-nanoid",
    "language": "Python",
    "owner_type": "User",
    "stars": 498,
    "pushed_at": "2024-05-31T22:04:00+00:00",
    "latest_release_at": null,
    "bot_like_contribs": 0,
    "human_contribs": 5,
    "R": 3.5,
    "A": 3.0,
    "C": 2.3,
    "score": 2.99,
    "readability_feats": {
      "n_words": 412,
      "n_sents": 59,
      "flesch_reading_ease": 48.82,
      "avg_sentence_len": 6.98,
      "code_block_count": 9,
      "heading_count": 9,
      "passive_hits": 2
    },
    "completeness_sections": {
      "overview": false,
      "install": true,
      "quickstart": false,
      "dev_setup": false,
      "testing": true,
      "contrib": false,
      "coc": false,
      "troubleshooting": false,
      "release": false
    },
    "broken_link_ratio": 0.0,
    "rationale": {
      "readability": "Flesch=48.82 ASL=6.98 code_blocks=9",
      "actuality": "broken_link_ratio=0.0, months_since_push=15.01",
      "completeness": "sections_present=['install', 'testing']"
    },
    "run_ts": "2025-10-01T02:49:06.897492+00:00"
  },
  {
    "full_name": "shish/shimmie2",
    "language": "PHP",
    "owner_type": "User",
    "stars": 499,
    "pushed_at": "2025-09-17T20:32:23+00:00",
    "latest_release_at": "2025-08-26T11:48:43+00:00",
    "bot_like_contribs": 2,
    "human_contribs": 54,
    "R": 4.5,
    "A": 3.5,
    "C": 3.1,
    "score": 3.78,
    "readability_feats": {
      "n_words": 463,
      "n_sents": 41,
      "flesch_reading_ease": 67.29,
      "avg_sentence_len": 11.29,
      "code_block_count": 8,
      "heading_count": 4,
      "passive_hits": 2
    },
    "completeness_sections": {
      "overview": false,
      "install": true,
      "quickstart": true,
      "dev_setup": false,
      "testing": true,
      "contrib": true,
      "coc": false,
      "troubleshooting": false,
      "release": false
    },
    "broken_link_ratio": 0.25,
    "rationale": {
      "readability": "Flesch=67.29 ASL=11.29 code_blocks=8",
      "actuality": "broken_link_ratio=0.25, months_since_push=-0.56",
      "completeness": "sections_present=['contrib', 'install', 'quickstart', 'testing']"
    },
    "run_ts": "2025-10-01T02:49:06.897492+00:00"
  }
]