[
  {
    "full_name": "McCloudS/subgen",
    "asof": "2025-09-01T00:00:00+00:00",
    "run_ts": "2025-10-02T14:52:29.076576+00:00",
    "comment_dump_index": {
      "repo_index": "mined/comments_365d/shard_11/McCloudS__subgen/index.json",
      "shard_manifest": "mined/comments_365d/shard_11.comments.index.json",
      "counts": {
        "issue": 10,
        "review": 8,
        "total": 18
      },
      "pr_count_dumped": 10
    },
    "readme_words": 3758,
    "docs_md_count": 0,
    "has_contributing": false,
    "has_coc": false,
    "has_issue_template": false,
    "has_pr_template": false,
    "has_codeowners": false,
    "has_maintainers": false,
    "has_governance": false,
    "has_workflows": true,
    "workflows_count": 3,
    "discussions_enabled": true,
    "onboarding_surfaces_count": 1,
    "pr_merge_rate_90": null,
    "denom_prs_90": 0,
    "censor_days": 7,
    "maintainer_first_reply_median_hrs_365": 1.2877777777777777,
    "pr_with_human_maint_comment_rate_365": 0.4,
    "maintainer_to_author_comment_ratio_365": 2.2,
    "links_per_comment_365": 0.111,
    "denom_prs_comment_window_365": 10,
    "count_prs_with_maint_comment_365": 4,
    "count_maintainer_comments_365": 11,
    "count_author_comments_365": 5,
    "count_human_comments_365": 18,
    "count_links_365": 2,
    "convo_readability_feats": {
      "n_words": 623,
      "n_sents": 60,
      "flesch_reading_ease": 69.46,
      "avg_sentence_len": 10.38,
      "code_block_count": 6,
      "heading_count": 0,
      "passive_hits": 2
    },
    "convo_broken_link_ratio_365": 0.0,
    "R_convo_rule_365": 4.3,
    "newcomers_strict_window": 6,
    "total_prs_in_window": 10,
    "conversion_1m": 0.0,
    "denom_conv_1m": 5,
    "conversion_3m": 0.0,
    "denom_conv_3m": 5,
    "conversion_6m": 0.0,
    "denom_conv_6m": 4,
    "additional_prs_1m": {
      "sum": 0,
      "avg": 0.0,
      "median": 0.0
    },
    "additional_prs_3m": {
      "sum": 0,
      "avg": 0.0,
      "median": 0.0
    },
    "additional_prs_6m": {
      "sum": 0,
      "avg": 0.0,
      "median": 0.0
    },
    "retention_1m": 0.0,
    "denom_ret_1m": 5,
    "retention_3m": 0.0,
    "denom_ret_3m": 5,
    "retention_6m": 0.0,
    "denom_ret_6m": 4,
    "newcomer_became_merger_ever_rate": null,
    "newcomer_became_merger_ever_count": 0,
    "denom_newcomer_became_merger_ever": 0
  },
  {
    "full_name": "uniswap-python/uniswap-python",
    "asof": "2025-09-01T00:00:00+00:00",
    "run_ts": "2025-10-02T14:52:29.076576+00:00",
    "comment_dump_index": {
      "repo_index": "mined/comments_365d/shard_11/uniswap-python__uniswap-python/index.json",
      "shard_manifest": "mined/comments_365d/shard_11.comments.index.json",
      "counts": {
        "issue": 9,
        "review": 8,
        "total": 17
      },
      "pr_count_dumped": 8
    },
    "readme_words": 936,
    "docs_md_count": 0,
    "has_contributing": false,
    "has_coc": true,
    "has_issue_template": true,
    "has_pr_template": false,
    "has_codeowners": false,
    "has_maintainers": false,
    "has_governance": false,
    "has_workflows": true,
    "workflows_count": 3,
    "discussions_enabled": true,
    "onboarding_surfaces_count": 3,
    "pr_merge_rate_90": null,
    "denom_prs_90": 0,
    "censor_days": 7,
    "maintainer_first_reply_median_hrs_365": null,
    "pr_with_human_maint_comment_rate_365": 0.0,
    "maintainer_to_author_comment_ratio_365": null,
    "links_per_comment_365": 0.0,
    "denom_prs_comment_window_365": 5,
    "count_prs_with_maint_comment_365": 0,
    "count_maintainer_comments_365": 0,
    "count_author_comments_365": 0,
    "count_human_comments_365": 0,
    "count_links_365": 0,
    "convo_readability_feats": {
      "n_words": 0,
      "n_sents": 1,
      "flesch_reading_ease": 0.0,
      "avg_sentence_len": 0.0,
      "code_block_count": 0,
      "heading_count": 0,
      "passive_hits": 0
    },
    "convo_broken_link_ratio_365": 0.0,
    "R_convo_rule_365": 3.0,
    "newcomers_strict_window": 4,
    "total_prs_in_window": 5,
    "conversion_1m": 0.0,
    "denom_conv_1m": 4,
    "conversion_3m": 0.0,
    "denom_conv_3m": 4,
    "conversion_6m": 0.0,
    "denom_conv_6m": 2,
    "additional_prs_1m": {
      "sum": 0,
      "avg": 0.0,
      "median": 0.0
    },
    "additional_prs_3m": {
      "sum": 0,
      "avg": 0.0,
      "median": 0.0
    },
    "additional_prs_6m": {
      "sum": 0,
      "avg": 0.0,
      "median": 0.0
    },
    "retention_1m": 0.0,
    "denom_ret_1m": 4,
    "retention_3m": 0.0,
    "denom_ret_3m": 4,
    "retention_6m": 0.0,
    "denom_ret_6m": 2,
    "newcomer_became_merger_ever_rate": null,
    "newcomer_became_merger_ever_count": 0,
    "denom_newcomer_became_merger_ever": 0
  },
  {
    "full_name": "Tencent/TencentKona-8",
    "asof": "2025-09-01T00:00:00+00:00",
    "run_ts": "2025-10-02T14:52:29.076576+00:00",
    "comment_dump_index": {
      "repo_index": "mined/comments_365d/shard_11/Tencent__TencentKona-8/index.json",
      "shard_manifest": "mined/comments_365d/shard_11.comments.index.json",
      "counts": {
        "issue": 14,
        "review": 0,
        "total": 14
      },
      "pr_count_dumped": 14
    },
    "readme_words": 231,
    "docs_md_count": 0,
    "has_contributing": false,
    "has_coc": false,
    "has_issue_template": false,
    "has_pr_template": false,
    "has_codeowners": false,
    "has_maintainers": false,
    "has_governance": false,
    "has_workflows": true,
    "workflows_count": 2,
    "discussions_enabled": true,
    "onboarding_surfaces_count": 1,
    "pr_merge_rate_90": null,
    "denom_prs_90": 0,
    "censor_days": 7,
    "maintainer_first_reply_median_hrs_365": 0.004166666666666667,
    "pr_with_human_maint_comment_rate_365": 1.0,
    "maintainer_to_author_comment_ratio_365": 14.0,
    "links_per_comment_365": 4.571,
    "denom_prs_comment_window_365": 14,
    "count_prs_with_maint_comment_365": 14,
    "count_maintainer_comments_365": 14,
    "count_author_comments_365": 0,
    "count_human_comments_365": 14,
    "count_links_365": 64,
    "convo_readability_feats": {
      "n_words": 2076,
      "n_sents": 332,
      "flesch_reading_ease": 59.53,
      "avg_sentence_len": 6.25,
      "code_block_count": 0,
      "heading_count": 0,
      "passive_hits": 0
    },
    "convo_broken_link_ratio_365": 0.2,
    "R_convo_rule_365": 3.0,
    "newcomers_strict_window": 1,
    "total_prs_in_window": 14,
    "conversion_1m": 0.0,
    "denom_conv_1m": 1,
    "conversion_3m": 0.0,
    "denom_conv_3m": 1,
    "conversion_6m": 1.0,
    "denom_conv_6m": 1,
    "additional_prs_1m": {
      "sum": 0,
      "avg": 0.0,
      "median": 0.0
    },
    "additional_prs_3m": {
      "sum": 0,
      "avg": 0.0,
      "median": 0.0
    },
    "additional_prs_6m": {
      "sum": 2,
      "avg": 2.0,
      "median": 2.0
    },
    "retention_1m": 0.0,
    "denom_ret_1m": 1,
    "retention_3m": 0.0,
    "denom_ret_3m": 1,
    "retention_6m": 0.0,
    "denom_ret_6m": 1,
    "newcomer_became_merger_ever_rate": null,
    "newcomer_became_merger_ever_count": 0,
    "denom_newcomer_became_merger_ever": 0
  },
  {
    "full_name": "spatie/laravel-failed-job-monitor",
    "asof": "2025-09-01T00:00:00+00:00",
    "run_ts": "2025-10-02T14:52:29.076576+00:00",
    "comment_dump_index": {
      "repo_index": "mined/comments_365d/shard_11/spatie__laravel-failed-job-monitor/index.json",
      "shard_manifest": "mined/comments_365d/shard_11.comments.index.json",
      "counts": {
        "issue": 5,
        "review": 0,
        "total": 5
      },
      "pr_count_dumped": 4
    },
    "readme_words": 748,
    "docs_md_count": 0,
    "has_contributing": false,
    "has_coc": false,
    "has_issue_template": false,
    "has_pr_template": false,
    "has_codeowners": false,
    "has_maintainers": false,
    "has_governance": false,
    "has_workflows": true,
    "workflows_count": 2,
    "discussions_enabled": true,
    "onboarding_surfaces_count": 1,
    "pr_merge_rate_90": null,
    "denom_prs_90": 0,
    "censor_days": 7,
    "maintainer_first_reply_median_hrs_365": 24.128055555555555,
    "pr_with_human_maint_comment_rate_365": 0.25,
    "maintainer_to_author_comment_ratio_365": 0.25,
    "links_per_comment_365": 0.4,
    "denom_prs_comment_window_365": 4,
    "count_prs_with_maint_comment_365": 1,
    "count_maintainer_comments_365": 1,
    "count_author_comments_365": 4,
    "count_human_comments_365": 5,
    "count_links_365": 2,
    "convo_readability_feats": {
      "n_words": 297,
      "n_sents": 22,
      "flesch_reading_ease": 50.14,
      "avg_sentence_len": 13.5,
      "code_block_count": 11,
      "heading_count": 0,
      "passive_hits": 0
    },
    "convo_broken_link_ratio_365": 1.0,
    "R_convo_rule_365": 3.3,
    "newcomers_strict_window": 1,
    "total_prs_in_window": 3,
    "conversion_1m": 1.0,
    "denom_conv_1m": 1,
    "conversion_3m": null,
    "denom_conv_3m": 0,
    "conversion_6m": null,
    "denom_conv_6m": 0,
    "additional_prs_1m": {
      "sum": 1,
      "avg": 1.0,
      "median": 1.0
    },
    "additional_prs_3m": {
      "sum": 0,
      "avg": null,
      "median": null
    },
    "additional_prs_6m": {
      "sum": 0,
      "avg": null,
      "median": null
    },
    "retention_1m": 0.0,
    "denom_ret_1m": 1,
    "retention_3m": null,
    "denom_ret_3m": 0,
    "retention_6m": null,
    "denom_ret_6m": 0,
    "newcomer_became_merger_ever_rate": null,
    "newcomer_became_merger_ever_count": 0,
    "denom_newcomer_became_merger_ever": 0
  },
  {
    "full_name": "axiomhq/hyperloglog",
    "asof": "2025-09-01T00:00:00+00:00",
    "run_ts": "2025-10-02T14:52:29.076576+00:00",
    "comment_dump_index": {
      "repo_index": "mined/comments_365d/shard_11/axiomhq__hyperloglog/index.json",
      "shard_manifest": "mined/comments_365d/shard_11.comments.index.json",
      "counts": {
        "issue": 18,
        "review": 0,
        "total": 18
      },
      "pr_count_dumped": 10
    },
    "readme_words": 440,
    "docs_md_count": 0,
    "has_contributing": false,
    "has_coc": false,
    "has_issue_template": false,
    "has_pr_template": false,
    "has_codeowners": false,
    "has_maintainers": false,
    "has_governance": false,
    "has_workflows": false,
    "workflows_count": 0,
    "discussions_enabled": false,
    "onboarding_surfaces_count": 1,
    "pr_merge_rate_90": null,
    "denom_prs_90": 0,
    "censor_days": 7,
    "maintainer_first_reply_median_hrs_365": 17.616944444444446,
    "pr_with_human_maint_comment_rate_365": 0.6,
    "maintainer_to_author_comment_ratio_365": 2.4,
    "links_per_comment_365": 0.222,
    "denom_prs_comment_window_365": 10,
    "count_prs_with_maint_comment_365": 6,
    "count_maintainer_comments_365": 12,
    "count_author_comments_365": 5,
    "count_human_comments_365": 18,
    "count_links_365": 4,
    "convo_readability_feats": {
      "n_words": 1080,
      "n_sents": 151,
      "flesch_reading_ease": 67.82,
      "avg_sentence_len": 7.15,
      "code_block_count": 7,
      "heading_count": 0,
      "passive_hits": 2
    },
    "convo_broken_link_ratio_365": 0.5,
    "R_convo_rule_365": 4.3,
    "newcomers_strict_window": 5,
    "total_prs_in_window": 10,
    "conversion_1m": 0.2,
    "denom_conv_1m": 5,
    "conversion_3m": 0.4,
    "denom_conv_3m": 5,
    "conversion_6m": 0.6,
    "denom_conv_6m": 5,
    "additional_prs_1m": {
      "sum": 1,
      "avg": 0.2,
      "median": 0.0
    },
    "additional_prs_3m": {
      "sum": 3,
      "avg": 0.6,
      "median": 0.0
    },
    "additional_prs_6m": {
      "sum": 4,
      "avg": 0.8,
      "median": 1.0
    },
    "retention_1m": 0.2,
    "denom_ret_1m": 5,
    "retention_3m": 0.0,
    "denom_ret_3m": 5,
    "retention_6m": 0.0,
    "denom_ret_6m": 5,
    "newcomer_became_merger_ever_rate": null,
    "newcomer_became_merger_ever_count": 0,
    "denom_newcomer_became_merger_ever": 0
  }
]