[
  {
    "full_name": "RadicalCSG/Chisel.Prototype",
    "asof": "2025-09-01T00:00:00+00:00",
    "run_ts": "2025-10-01T15:13:52.253655+00:00",
    "comment_dump_index": {
      "repo_index": "mined/comments_365d/shard_05/RadicalCSG__Chisel.Prototype/index.json",
      "shard_manifest": "mined/comments_365d/shard_05.comments.index.json",
      "counts": {
        "issue": 0,
        "review": 0,
        "total": 0
      },
      "pr_count_dumped": 1
    },
    "readme_words": 606,
    "docs_md_count": 0,
    "has_contributing": false,
    "has_coc": false,
    "has_issue_template": false,
    "has_pr_template": false,
    "has_codeowners": false,
    "has_maintainers": false,
    "has_governance": false,
    "has_workflows": false,
    "workflows_count": 0,
    "discussions_enabled": false,
    "onboarding_surfaces_count": 1,
    "pr_merge_rate_90": null,
    "denom_prs_90": 0,
    "censor_days": 7,
    "maintainer_first_reply_median_hrs_365": null,
    "pr_with_human_maint_comment_rate_365": 0.0,
    "maintainer_to_author_comment_ratio_365": null,
    "links_per_comment_365": 0.0,
    "denom_prs_comment_window_365": 1,
    "count_prs_with_maint_comment_365": 0,
    "count_maintainer_comments_365": 0,
    "count_author_comments_365": 0,
    "count_human_comments_365": 0,
    "count_links_365": 0,
    "convo_readability_feats": {
      "n_words": 0,
      "n_sents": 1,
      "flesch_reading_ease": 0.0,
      "avg_sentence_len": 0.0,
      "code_block_count": 0,
      "heading_count": 0,
      "passive_hits": 0
    },
    "convo_broken_link_ratio_365": 0.0,
    "R_convo_rule_365": 3.0,
    "newcomers_strict_window": 0,
    "total_prs_in_window": 1,
    "conversion_1m": null,
    "denom_conv_1m": 0,
    "conversion_3m": null,
    "denom_conv_3m": 0,
    "conversion_6m": null,
    "denom_conv_6m": 0,
    "additional_prs_1m": {
      "sum": 0,
      "avg": null,
      "median": null
    },
    "additional_prs_3m": {
      "sum": 0,
      "avg": null,
      "median": null
    },
    "additional_prs_6m": {
      "sum": 0,
      "avg": null,
      "median": null
    },
    "retention_1m": null,
    "denom_ret_1m": 0,
    "retention_3m": null,
    "denom_ret_3m": 0,
    "retention_6m": null,
    "denom_ret_6m": 0,
    "newcomer_became_merger_ever_rate": null,
    "newcomer_became_merger_ever_count": 0,
    "denom_newcomer_became_merger_ever": 0
  },
  {
    "full_name": "google/adk-docs",
    "asof": "2025-09-01T00:00:00+00:00",
    "run_ts": "2025-10-01T15:13:52.253655+00:00",
    "comment_dump_index": {
      "repo_index": "mined/comments_365d/shard_05/google__adk-docs/index.json",
      "shard_manifest": "mined/comments_365d/shard_05.comments.index.json",
      "counts": {
        "issue": 331,
        "review": 217,
        "total": 548
      },
      "pr_count_dumped": 508
    },
    "readme_words": 378,
    "docs_md_count": 3,
    "has_contributing": true,
    "has_coc": false,
    "has_issue_template": true,
    "has_pr_template": false,
    "has_codeowners": true,
    "has_maintainers": false,
    "has_governance": false,
    "has_workflows": true,
    "workflows_count": 4,
    "discussions_enabled": false,
    "onboarding_surfaces_count": 5,
    "pr_merge_rate_90": null,
    "denom_prs_90": 0,
    "censor_days": 7,
    "maintainer_first_reply_median_hrs_365": 26.10527777777778,
    "pr_with_human_maint_comment_rate_365": 0.254,
    "maintainer_to_author_comment_ratio_365": 1.362,
    "links_per_comment_365": 0.178,
    "denom_prs_comment_window_365": 508,
    "count_prs_with_maint_comment_365": 129,
    "count_maintainer_comments_365": 267,
    "count_author_comments_365": 196,
    "count_human_comments_365": 493,
    "count_links_365": 88,
    "convo_readability_feats": {
      "n_words": 11818,
      "n_sents": 1085,
      "flesch_reading_ease": 66.63,
      "avg_sentence_len": 10.89,
      "code_block_count": 38,
      "heading_count": 8,
      "passive_hits": 86
    },
    "convo_broken_link_ratio_365": 0.1,
    "R_convo_rule_365": 4.3,
    "newcomers_strict_window": 173,
    "total_prs_in_window": 462,
    "conversion_1m": 0.387,
    "denom_conv_1m": 150,
    "conversion_3m": 0.422,
    "denom_conv_3m": 102,
    "conversion_6m": null,
    "denom_conv_6m": 0,
    "additional_prs_1m": {
      "sum": 171,
      "avg": 1.14,
      "median": 0.0
    },
    "additional_prs_3m": {
      "sum": 183,
      "avg": 1.794,
      "median": 0.0
    },
    "additional_prs_6m": {
      "sum": 0,
      "avg": null,
      "median": null
    },
    "retention_1m": 0.087,
    "denom_ret_1m": 150,
    "retention_3m": 0.069,
    "denom_ret_3m": 102,
    "retention_6m": null,
    "denom_ret_6m": 0,
    "newcomer_became_merger_ever_rate": 0.867,
    "newcomer_became_merger_ever_count": 13,
    "denom_newcomer_became_merger_ever": 15
  },
  {
    "full_name": "easybuilders/easybuild",
    "asof": "2025-09-01T00:00:00+00:00",
    "run_ts": "2025-10-01T15:13:52.253655+00:00",
    "comment_dump_index": {
      "repo_index": "mined/comments_365d/shard_05/easybuilders__easybuild/index.json",
      "shard_manifest": "mined/comments_365d/shard_05.comments.index.json",
      "counts": {
        "issue": 12,
        "review": 4,
        "total": 16
      },
      "pr_count_dumped": 11
    },
    "readme_words": 608,
    "docs_md_count": 1,
    "has_contributing": false,
    "has_coc": false,
    "has_issue_template": false,
    "has_pr_template": false,
    "has_codeowners": false,
    "has_maintainers": false,
    "has_governance": false,
    "has_workflows": true,
    "workflows_count": 4,
    "discussions_enabled": false,
    "onboarding_surfaces_count": 2,
    "pr_merge_rate_90": null,
    "denom_prs_90": 0,
    "censor_days": 7,
    "maintainer_first_reply_median_hrs_365": null,
    "pr_with_human_maint_comment_rate_365": 0.0,
    "maintainer_to_author_comment_ratio_365": null,
    "links_per_comment_365": 0.0,
    "denom_prs_comment_window_365": 3,
    "count_prs_with_maint_comment_365": 0,
    "count_maintainer_comments_365": 0,
    "count_author_comments_365": 0,
    "count_human_comments_365": 0,
    "count_links_365": 0,
    "convo_readability_feats": {
      "n_words": 0,
      "n_sents": 1,
      "flesch_reading_ease": 0.0,
      "avg_sentence_len": 0.0,
      "code_block_count": 0,
      "heading_count": 0,
      "passive_hits": 0
    },
    "convo_broken_link_ratio_365": 0.0,
    "R_convo_rule_365": 3.0,
    "newcomers_strict_window": 1,
    "total_prs_in_window": 3,
    "conversion_1m": null,
    "denom_conv_1m": 0,
    "conversion_3m": null,
    "denom_conv_3m": 0,
    "conversion_6m": null,
    "denom_conv_6m": 0,
    "additional_prs_1m": {
      "sum": 0,
      "avg": null,
      "median": null
    },
    "additional_prs_3m": {
      "sum": 0,
      "avg": null,
      "median": null
    },
    "additional_prs_6m": {
      "sum": 0,
      "avg": null,
      "median": null
    },
    "retention_1m": null,
    "denom_ret_1m": 0,
    "retention_3m": null,
    "denom_ret_3m": 0,
    "retention_6m": null,
    "denom_ret_6m": 0,
    "newcomer_became_merger_ever_rate": null,
    "newcomer_became_merger_ever_count": 0,
    "denom_newcomer_became_merger_ever": 0
  },
  {
    "full_name": "kubeflow/mpi-operator",
    "asof": "2025-09-01T00:00:00+00:00",
    "run_ts": "2025-10-01T15:13:52.253655+00:00",
    "comment_dump_index": {
      "repo_index": "mined/comments_365d/shard_05/kubeflow__mpi-operator/index.json",
      "shard_manifest": "mined/comments_365d/shard_05.comments.index.json",
      "counts": {
        "issue": 228,
        "review": 111,
        "total": 339
      },
      "pr_count_dumped": 73
    },
    "readme_words": 1045,
    "docs_md_count": 0,
    "has_contributing": true,
    "has_coc": false,
    "has_issue_template": false,
    "has_pr_template": false,
    "has_codeowners": false,
    "has_maintainers": false,
    "has_governance": false,
    "has_workflows": true,
    "workflows_count": 3,
    "discussions_enabled": false,
    "onboarding_surfaces_count": 2,
    "pr_merge_rate_90": null,
    "denom_prs_90": 0,
    "censor_days": 7,
    "maintainer_first_reply_median_hrs_365": 7.958333333333333,
    "pr_with_human_maint_comment_rate_365": 0.412,
    "maintainer_to_author_comment_ratio_365": 1.359,
    "links_per_comment_365": 0.212,
    "denom_prs_comment_window_365": 68,
    "count_prs_with_maint_comment_365": 28,
    "count_maintainer_comments_365": 125,
    "count_author_comments_365": 92,
    "count_human_comments_365": 236,
    "count_links_365": 50,
    "convo_readability_feats": {
      "n_words": 4938,
      "n_sents": 532,
      "flesch_reading_ease": 53.98,
      "avg_sentence_len": 9.28,
      "code_block_count": 24,
      "heading_count": 3,
      "passive_hits": 34
    },
    "convo_broken_link_ratio_365": 0.55,
    "R_convo_rule_365": 3.3,
    "newcomers_strict_window": 8,
    "total_prs_in_window": 51,
    "conversion_1m": 0.25,
    "denom_conv_1m": 8,
    "conversion_3m": 0.5,
    "denom_conv_3m": 8,
    "conversion_6m": 0.5,
    "denom_conv_6m": 6,
    "additional_prs_1m": {
      "sum": 2,
      "avg": 0.25,
      "median": 0.0
    },
    "additional_prs_3m": {
      "sum": 6,
      "avg": 0.75,
      "median": 0.5
    },
    "additional_prs_6m": {
      "sum": 6,
      "avg": 1.0,
      "median": 0.5
    },
    "retention_1m": 0.125,
    "denom_ret_1m": 8,
    "retention_3m": 0.0,
    "denom_ret_3m": 8,
    "retention_6m": 0.0,
    "denom_ret_6m": 6,
    "newcomer_became_merger_ever_rate": null,
    "newcomer_became_merger_ever_count": 0,
    "denom_newcomer_became_merger_ever": 0
  },
  {
    "full_name": "elementary/code",
    "asof": "2025-09-01T00:00:00+00:00",
    "run_ts": "2025-10-01T15:13:52.253655+00:00",
    "comment_dump_index": {
      "repo_index": "mined/comments_365d/shard_05/elementary__code/index.json",
      "shard_manifest": "mined/comments_365d/shard_05.comments.index.json",
      "counts": {
        "issue": 255,
        "review": 176,
        "total": 431
      },
      "pr_count_dumped": 135
    },
    "readme_words": 105,
    "docs_md_count": 0,
    "has_contributing": false,
    "has_coc": false,
    "has_issue_template": false,
    "has_pr_template": false,
    "has_codeowners": false,
    "has_maintainers": false,
    "has_governance": false,
    "has_workflows": true,
    "workflows_count": 3,
    "discussions_enabled": true,
    "onboarding_surfaces_count": 1,
    "pr_merge_rate_90": null,
    "denom_prs_90": 0,
    "censor_days": 7,
    "maintainer_first_reply_median_hrs_365": 550.0847222222222,
    "pr_with_human_maint_comment_rate_365": 0.274,
    "maintainer_to_author_comment_ratio_365": 0.615,
    "links_per_comment_365": 0.067,
    "denom_prs_comment_window_365": 124,
    "count_prs_with_maint_comment_365": 34,
    "count_maintainer_comments_365": 112,
    "count_author_comments_365": 182,
    "count_human_comments_365": 300,
    "count_links_365": 20,
    "convo_readability_feats": {
      "n_words": 8577,
      "n_sents": 642,
      "flesch_reading_ease": 66.27,
      "avg_sentence_len": 13.36,
      "code_block_count": 48,
      "heading_count": 0,
      "passive_hits": 75
    },
    "convo_broken_link_ratio_365": 0.55,
    "R_convo_rule_365": 4.3,
    "newcomers_strict_window": 1,
    "total_prs_in_window": 123,
    "conversion_1m": 0.0,
    "denom_conv_1m": 1,
    "conversion_3m": 0.0,
    "denom_conv_3m": 1,
    "conversion_6m": 0.0,
    "denom_conv_6m": 1,
    "additional_prs_1m": {
      "sum": 0,
      "avg": 0.0,
      "median": 0.0
    },
    "additional_prs_3m": {
      "sum": 0,
      "avg": 0.0,
      "median": 0.0
    },
    "additional_prs_6m": {
      "sum": 0,
      "avg": 0.0,
      "median": 0.0
    },
    "retention_1m": 0.0,
    "denom_ret_1m": 1,
    "retention_3m": 0.0,
    "denom_ret_3m": 1,
    "retention_6m": 0.0,
    "denom_ret_6m": 1,
    "newcomer_became_merger_ever_rate": null,
    "newcomer_became_merger_ever_count": 0,
    "denom_newcomer_became_merger_ever": 0
  }
]