[
  {
    "full_name": "FabricMC/Enigma",
    "html_url": "https://github.com/FabricMC/Enigma",
    "description": "This is a fork of cuchaz's Enigma, a deobfuscation/remapping tool for Java software.",
    "language": "Java",
    "stars": 499,
    "forks": 121,
    "open_issues": 107,
    "owner_type": "Org",
    "created_at": "2016-08-12T14:50:16+00:00",
    "pushed_at": "2025-09-17T16:23:14+00:00",
    "default_branch": "master",
    "docs": {
      "README.md": "# Enigma\n\nA tool for deobfuscation of Java bytecode. Forked from <https://bitbucket.org/cuchaz/enigma>, copyright Jeff Martin.\n\n## License\n\nEnigma is distributed under the [LGPL-3.0](LICENSE).\n\nEnigma includes the following open-source libraries:\n\n- [Vineflower](https://github.com/Vineflower/vineflower) (Apache-2.0)\n- A [modified version](https://github.com/FabricMC/cfr) of [CFR](https://github.com/leibnitz27/cfr) (MIT)\n- A [modified version](https://github.com/FabricMC/procyon) of [Procyon](https://bitbucket.org/mstrobel/procyon) (Apache-2.0)\n- [SyntaxPane](https://github.com/Sciss/SyntaxPane) (Apache-2.0)\n- [FlatLaf](https://github.com/JFormDesigner/FlatLaf) (Apache-2.0)\n- [jopt-simple](https://github.com/jopt-simple/jopt-simple) (MIT)\n- [ASM](https://asm.ow2.io/) (BSD-3-Clause)\n\n## Usage\n\nPre-compiled jars can be found on the [fabric maven](https://maven.fabricmc.net/cuchaz/enigma-swing/).\n\n### Launching the GUI\n\n`java -jar enigma.jar`\n\n### On the command line\n\n`java -cp enigma.jar cuchaz.enigma.command.Main`\n"
    },
    "latest_release_at": null,
    "bot_like_contribs": 0,
    "human_contribs": 45,
    "run_ts": "2025-10-01T17:36:07.876906+00:00"
  },
  {
    "full_name": "Simple-Robotics/proxsuite",
    "html_url": "https://github.com/Simple-Robotics/proxsuite",
    "description": "The Advanced Proximal Optimization Toolbox",
    "language": "C++",
    "stars": 499,
    "forks": 65,
    "open_issues": 19,
    "owner_type": "Org",
    "created_at": "2022-05-05T16:01:55+00:00",
    "pushed_at": "2025-10-01T17:29:22+00:00",
    "default_branch": "devel",
    "docs": {
      "README.md": "<p align=\"center\">\n  <img src=\"https://github.com/Simple-Robotics/proxsuite/raw/devel/doc/images/proxsuite-logo.png\" width=\"700\" alt=\"Proxsuite Logo\" align=\"center\"/>\n</p>\n\n<p align=\"center\">\n  <a href=\"https://opensource.org/licenses/BSD-2-Clause\"><img src=\"https://img.shields.io/badge/License-BSD%202--Clause-green.svg\" alt=\"License\"/></a>\n  <a href=\"https://simple-robotics.github.io/proxsuite/\"><img src=\"https://img.shields.io/badge/docs-online-brightgreen\" alt=\"Documentation\"/></a>\n  <a href=\"https://github.com/Simple-Robotics/proxsuite/actions/workflows/ci-linux-osx-win-conda.yml\"><img src=\"https://github.com/Simple-Robotics/proxsuite/actions/workflows/ci-linux-osx-win-conda.yml/badge.svg?branch=devel\" alt=\"CI - Linux/OSX/Windows - Conda\"></a>\n  <a href=\"https://badge.fury.io/py/proxsuite\"><img src=\"https://badge.fury.io/py/proxsuite.svg\" alt=\"PyPI version\" height=\"20\"></a>\n  <a href=\"https://anaconda.org/conda-forge/proxsuite\"><img src=\"https://anaconda.org/conda-forge/proxsuite/badges/version.svg\" alt=\"Conda version\" height=\"20\"></a>\n</p>\n\n**ProxSuite** is a collection of open-source, numerically robust, precise, and efficient numerical solvers (e.g., LPs, QPs, etc.) rooted in revisited primal-dual proximal algorithms.\nThrough **ProxSuite**, we aim to offer the community scalable optimizers that deal with dense, sparse, or matrix-free problems. While the first targeted application is Robotics, **ProxSuite** can be used in other contexts without limits.\n\n**ProxSuite** is actively developed and supported by the [Willow](https://www.di.ens.fr/willow/) and [Sierra](https://www.di.ens.fr/sierra/) research groups, joint research teams between [Inria](https://www.inria.fr/en), [École Normale Supérieure de Paris](https://www.ens.fr) and [Centre National de la Recherche Scientifique](https://www.cnrs.fr) localized in France.\n\n**ProxSuite** is already integrated into:\n- [CVXPY](https://www.cvxpy.org/) modeling language for convex optimization problems,\n- [CasADi](https://web.casadi.org/)'s symbolic framework for numerical optimization in general and optimal control. ProxQP is available in CasADi as a plugin to [solve quadratic programs](https://web.casadi.org/docs/#quadratic-programming),\n- [TSID](https://github.com/stack-of-tasks/tsid): robotic software for efficient robot inverse dynamics with contacts and based on [Pinocchio](https://github.com/stack-of-tasks/pinocchio).\n\nWe are ready to integrate **ProxSuite** within other optimization ecosystems.\n\n## ProxSuite main features\n\n**Proxsuite** is fast:\n\n   - C++ template library,\n   - cache-friendly.\n\n**Proxsuite** is versatile, offering through a unified API advanced algorithms specialized for efficiently exploiting problem structures:\n\n   - dense, sparse, and matrix-free matrix factorization backends,\n   - advanced warm-starting options (e.g., equality-constrained initial guess, warm-start or cold-start options from previous results),\n\n\nwith dedicated features for\n   - handling more efficiently box constraints, linear programs, QP with diagonal Hessian, or with far more constraints than primal variables,\n   - solving nonconvex QPs,\n   - solving batches of QPs in parallel,\n   - solving the closest feasible QP if the QP appears to be primal infeasible,\n   - differentiating feasible and infeasible QPs.\n\n**Proxsuite** is flexible:\n\n   - header only,\n   - C++ 14/17/20 compliant,\n   - Python and Julia bindings for easy code prototyping without sacrificing performance.\n\n**Proxsuite** is extensible.\n**Proxsuite** is reliable and extensively tested, showing the best performances on the hardest problems of the literature.\n**Proxsuite** is supported and tested on Windows, Mac OS X, Unix, and Linux.\n\n## Documentation\n\nThe online **ProxSuite** documentation of the last release is available [here](https://simple-robotics.github.io/proxsuite/).\n\n## Getting started\n\n**ProxSuite** is distributed to many well-known package managers.\n\n### Quick install with <img src=\"https://www.python.org/static/community_logos/python-logo-inkscape.svg\" height=\"30\" style=\"vertical-align: -1em;\">:\n\n```bash\n   pip install proxsuite\n```\nThis approach is available on Linux, Windows and Mac OS X.\n\n### Quick install with <img src=\"https://s3.amazonaws.com/conda-dev/conda_logo.svg\" height=\"18\">:\n\n```bash\n   conda install proxsuite -c conda-forge\n```\nThis approach is available on Linux, Windows and Mac OS X.\n\n### Quick install with <img src=\"https://brew.sh/assets/img/homebrew-256x256.png\" height=\"30\">:\n\n```bash\n   brew install proxsuite\n```\nThis approach is available on Linux and Mac OS X.\n\n### Alternative approaches\n\nInstallation from source is presented [here](https://github.com/Simple-Robotics/proxsuite/blob/devel/doc/5-installation.md).\n\n### Compiling a first example program\nFor the fastest performance, use the following command to enable vectorization when compiling the simple [example](https://github.com/Simple-Robotics/proxsuite/blob/devel/examples/cpp/first_example_dense.cpp).\n```bash\ng++ -O3 -march=native -DNDEBUG -std=gnu++17 -DPROXSUITE_VECTORIZE examples/first_example_dense.cpp -o first_example_dense $(pkg-config --cflags proxsuite)\n```\n### Using ProxSuite with CMake\nIf you want to use ProxSuite with CMake, the following tiny example should help you:\n```cmake\ncmake_minimum_required(VERSION 3.10)\n\nproject(Example CXX)\nfind_package(proxsuite REQUIRED)\nset(CMAKE_CXX_STANDARD 17) # set(CMAKE_CXX_STANDARD 14) will work too\n\nadd_executable(example example.cpp)\ntarget_link_libraries(example PUBLIC proxsuite::proxsuite)\n\n# Vectorization support via SIMDE and activated by the compilation options '-march=native' or `-mavx2 -mavx512f`\nadd_executable(example_with_full_vectorization_support example.cpp)\ntarget_link_libraries(example_with_full_vectorization_support PUBLIC proxsuite::proxsuite-vectorized)\ntarget_compile_options(example_with_full_vectorization_support PUBLIC \"-march=native\")\n```\nIf you have compiled ProxSuite with the vectorization support, you might also use the CMake target `proxsuite::proxsuite-vectorized` to also link against SIMDE.\nDon't forget to use `-march=native` to get the best performance.\n\n## **ProxQP**\n\nThe **ProxQP** algorithm is a numerical optimization approach for solving quadratic programming problems of the form:\n\n$$\n\\begin{align}\n\\min_{x} &  ~\\frac{1}{2}x^{T}Hx+g^{T}x \\\\\n\\text{s.t.} & ~A x = b \\\\\n& ~l \\leq C x \\leq u\n\\end{align}\n$$\n\nwhere $x \\in \\mathbb{R}^n$ is the optimization variable. The objective function is defined by a positive semidefinite matrix $H \\in \\mathcal{S}^n_+$ and a vector $g \\in \\mathbb{R}^n$. The linear constraints are defined by the equality-contraint matrix $A \\in \\mathbb{R}^{n_\\text{eq} \\times n}$ and the inequality-constraint matrix $C \\in \\mathbb{R}^{n_\\text{in} \\times n}$ and the vectors $b \\in \\mathbb{R}^{n_\\text{eq}}$, $l \\in \\mathbb{R}^{n_\\text{in}}$ and $u \\in \\mathbb{R}^{n_\\text{in}}$ so that $b_i \\in \\mathbb{R},~ \\forall i = 1,...,n_\\text{eq}$ and $l_i \\in \\mathbb{R} \\cup \\{ -\\infty \\}$ and $u_i \\in \\mathbb{R} \\cup \\{ +\\infty \\}, ~\\forall i = 1,...,n_\\text{in}$.\n\n### Citing **ProxQP**\n\nIf you are using **ProxQP** for your work, we encourage you to [cite the related paper](https://hal.inria.fr/hal-03683733/file/Yet_another_QP_solver_for_robotics_and_beyond.pdf/).\n### Numerical benchmarks\n\nThe numerical benchmarks of **ProxQP** against other commercial and open-source solvers are available [here](https://github.com/Simple-Robotics/proxqp_benchmark).\n\nFor dense Convex Quadratic Programs with inequality and equality constraints, when asking for relatively high accuracy (e.g., 1e-6), one obtains the following results.\n\n<p align=\"center\">\n  <img src=\"https://github.com/Simple-Robotics/proxsuite/raw/devel/doc/images/time_series_barplot_Random Mixed QP_dense_eps_abs_1e-6.jpg\" width=\"600\" alt=\"Random Mixed QP_dense_eps_abs_1e-6\" align=\"center\"/>\n</p>\n\nOn the y-axis, you can see timings in seconds, and on the x-axis dimension wrt to the primal variable of the random Quadratic problems generated (the number of constraints of the generated problem is half the size of its primal dimension). For every dimension, the problem is generated over different seeds, and timings are obtained as averages over successive runs for the same problems. This chart shows for every benchmarked solver and random Quadratic program generated, barplot timings, including median (as a dot) and minimal and maximal values obtained (defining the amplitude of the bar). You can see that **ProxQP** is always below over solvers, which means it is the quickest for this test.\n\nFor hard problems from the [Maros Meszaros testset](http://www.cuter.rl.ac.uk/Problems/marmes.shtml), when asking for high accuracy (e.g., 1e-9), one obtains the results below.\n\n<p align=\"center\">\n  <img src=\"https://github.com/Simple-Robotics/proxsuite/raw/devel/doc/images/performance_profile_maros_meszaros_problems_high_accuracy.jpg\" width=\"600\" alt=\"maros_meszaros_problems_high_accuracy\" align=\"center\"/>\n</p>\n\nThe chart above reports the performance profiles of different solvers. It is classic for benchmarking solvers. Performance profiles correspond to the fraction of problems solved (on the y-axis) as a function of certain runtime (on the x-axis, measured in terms of a multiple of the runtime of the fastest solver for that problem). So the higher, the better. You can see that **ProxQP** solves the quickest over 60% of the problems (i.e., for $\\tau=1$) and that for solving about 90% of the problems, it is at most 2 times slower than the fastest solvers solving these problems (i.e., for $\\tau\\approx2$).\n\n*Note: All these results have been obtained with a 11th Gen Intel(R) Core(TM) i7-11850H @ 2.50GHz CPU.*\n## **QPLayer**\n\n**QPLayer** enables to use a QP as a layer within standard learning architectures. More precisely, QPLayer differentiates over $\\theta$ the primal and dual solutions of QP of the form\n\n$$\n\\begin{align}\n\\min_{x} &  ~\\frac{1}{2}x^{T}H(\\theta)x+g(\\theta)^{T}x \\\\\n\\text{s.t.} & ~A(\\theta) x = b(\\theta) \\\\\n& ~l(\\theta) \\leq C(\\theta) x \\leq u(\\theta)\n\\end{align}\n$$\n\nwhere $x \\in \\mathbb{R}^n$ is the optimization variable. The objective function is defined by a positive semidefinite matrix $H(\\theta) \\in \\mathcal{S}^n_+$ and a vector $g(\\theta) \\in \\mathbb{R}^n$. The linear constraints are defined by the equality-constraint matrix $A(\\theta) \\in \\mathbb{R}^{n_\\text{eq} \\times n}$ and the inequality-constraint matrix $C(\\theta) \\in \\mathbb{R}^{n_\\text{in} \\times n}$ and the vectors $b \\in \\mathbb{R}^{n_\\text{eq}}$, $l(\\theta) \\in \\mathbb{R}^{n_\\text{in}}$ and $u(\\theta) \\in \\mathbb{R}^{n_\\text{in}}$ so that $b_i \\in \\mathbb{R},~ \\forall i = 1,...,n_\\text{eq}$ and $l_i \\in \\mathbb{R} \\cup \\{ -\\infty \\}$ and $u_i \\in \\mathbb{R} \\cup \\{ +\\infty \\}, ~\\forall i = 1,...,n_\\text{in}$.\n\n**QPLayer** is able to learn more structured architectures. For example, $\\theta$ can consists only in learning some elements of $A$ while letting $b$ fixed (see e.g., the [example](https://github.com/Simple-Robotics/proxsuite/blob/devel/examples/python/qplayer_sudoku.py) about how to include QPLayer into a learning pipeline). **QPLayer** can also differentiates over LPs. **QPLayer** allows for parallelized calculus over CPUs, and is interfaced with **PyTorch**.\n### Citing **QPLayer**\n\nIf you are using **QPLayer** for your work, we encourage you to [cite the related paper](https://inria.hal.science/hal-04133055v2/).\n## Installation procedure\n\nPlease follow the installation procedure [here](https://github.com/Simple-Robotics/proxsuite/blob/devel/doc/5-installation.md).\n"
    },
    "latest_release_at": "2025-03-12T14:46:47+00:00",
    "bot_like_contribs": 2,
    "human_contribs": 18,
    "run_ts": "2025-10-01T17:36:07.876906+00:00"
  },
  {
    "full_name": "AppImageCommunity/awesome-appimage",
    "html_url": "https://github.com/AppImageCommunity/awesome-appimage",
    "description": "Lovingly crafted AppImage tools and resources ",
    "language": null,
    "stars": 500,
    "forks": 34,
    "open_issues": 5,
    "owner_type": "Org",
    "created_at": "2020-07-31T10:28:21+00:00",
    "pushed_at": "2025-06-02T20:29:29+00:00",
    "default_branch": "main",
    "docs": {
      "README.md": "<!--lint disable double-link-->\n\n<div align=\"center\">\n\t<div>\n\t\t<img width=\"500\" src=\"media/logo.svg\" alt=\"Awesome AppImage\">\n\t</div>\n\t<a href=\"https://awesome.re\">\n\t\t<!img src=\"https://awesome.re/badge-flat2.svg\" alt=\"Awesome\">\n\t</a>\n\t<p>\n\t\t<sub>Lovingly crafted AppImage tools and resources. Follow me on <a href=\"https://twitter.com/probonopd\">Twitter</a>.</sub>\n\t</p>\n\t<br>\n</div>\n\n# Awesome AppImage [![Awesome](https://awesome.re/badge.svg)](https://awesome.re)\n\n[AppImage](https://appimage.org) is a community-based format to distribute applications to various mainstream Linux distributions without the need for a centralized store. One app = one file! This list contains tools to work with AppImages, such as to create AppImages for applications and to integrate AppImages into the system easily. As the vibrant community around AppImage is growing, so is this list.\n\n## Contents\n\n- [AppImage discovery](#appimage-discovery)\n\t- [App catalogs](#app-catalogs)\n\t- [App stores](#app-stores)\n\t- [App centers](#app-centers)\n\t- [App scrapers](#app-scrapers)\n- [AppImage consumption tools](#appimage-consumption-tools)\n\t- [Desktop integration](#desktop-integration)\n\t- [Updaters](#updaters)\n\t- [Sandboxes](#sandboxes)\n\t- [Package managers](#package-managers)\n\t- [Linux distributions](#linux-distributions)\n- [AppImage developer tools](#appimage-developer-tools)\n\t- [Low-level tools](#low-level-tools)\n\t- [Build systems](#build-systems)\n\t- [Deployment tools for compiled applications](#deployment-tools-for-compiled-applications)\n\t- [Deployment tools for Python applications](#deployment-tools-for-python-applications)\n\t- [Deployment tools for Electron applications](#deployment-tools-for-electron-applications)\n\t- [Deployment tools for Windows applications](#deployment-tools-for-windows-applications)\n\t- [Deployment tools for Java applications](#deployment-tools-for-java-applications)\n\t- [Deployment tools for .NET Core (Mono) applications](#deployment-tools-for-net-core-mono-applications)\n\t- [Deployment tools for Flash applications](#deployment-tools-for-flash-applications)\n\t- [Deployment tools for Rust applications](#deployment-tools-for-rust-applications)\n\t- [Tools to convert from other package formats](#tools-to-convert-from-other-package-formats)\n\t- [Metadata tools](#metadata-tools)\n\t- [QC tools](#qc-tools)\n\t- [Continuous integration](#continuous-integration)\n\t- [Libraries](#libraries)\n\t- [Templates](#templates)\n- [Resources](#resources)\n\t- [Specs](#specs)\n\t- [Documentation](#documentation)\n\t- [Tutorials](#tutorials)\n\t- [Articles](#articles)\n\t- [Videos](#videos)\n\t- [Books](#books)\n\t- [Blogs](#blogs)\n\t- [Courses](#courses)\n\t- [Community](#community)\n\t- [Miscellaneous](#miscellaneous)\n\t- [Related](#related)\n\t- [Other awesome lists](#other-awesome-lists)\n\n## AppImage discovery\n\n### App catalogs\n\n- [AppImage.GitHub.io](https://appimage.github.io/) - Catalog of AppImages that passed an automated test, links to upstream download pages.\n- [Get AppImage](https://g.sreve/get-appimage/) - Collection of all AppImages in one website. Great search functionality.\n\n### App stores\n\n- [AppImageHub.com](https://www.appimagehub.com/) - Downloadable AppImages, powered by [Opendesktop.org](https://www.opendesktop.org/).\n- [pling.com](https://www.pling.com/) - Open store where creators can publish their libre products and creative content including AppImages.\n- [App Outlet](https://app-outlet.github.io/) - Universal app store that works with AppImages, Flatpaks and Snaps.\n- [Manjaro Software Discover](https://software.manjaro.org/appimages) - Web-based app store that contains applications in multiple formats, including AppImage.\n\n### App centers\n\n- [NX Software Center](https://github.com/Nitrux/nx-software-center) - Portable Software Center for portable AppImage applications.\n- [AppImagePool](https://github.com/prateekmedia/appimagepool) - Simple, modern AppImageHub Client, powered by flutter.\n\n### App scrapers\n\n- [appimages.scraper](https://github.com/azubieta/appimages.scraper) - Search for AppImage releases over the web.\n- [AppImageRadar](https://github.com/AppImage/AppImageRadar) - Search for AppImage-related activity on GitHub using Travis CI.\n\n## AppImage consumption tools\n\n### Desktop integration\n\n- [Getting Started Managing Software with AppImage on Ubuntu](https://adamtheautomator.com/appimage-ubuntu/) - Verbosely explains how to manage AppImages without the need for further software.\n- [go-appimaged](https://github.com/probonopd/go-appimage/tree/master/src/appimaged) - Optional daemon that integrates AppImages into the system (experimental).\n- [appimaged](https://github.com/AppImage/appimaged) - Optional daemon that integrates AppImages into the system (deprecated).\n- [AppImageLauncher](https://github.com/TheAssassin/AppImageLauncher) - Integrates into users' systems and establishes a single `~/Applications` directory, assisting the user to move AppImages into there, with support for updating and removing AppImages through apps launcher.\n- [appimage2desktop](https://github.com/me1ting/appimage2desktop) - Creates a desktop file and an icon in the system for an AppImage, nothing else.\n- [appimagehelper](https://gitlab.com/posktomten/appimagehelper) - Program for creating, deleting, controlling and organizing shortcuts to AppImage.\n- [LinuxPA](https://github.com/CalebQ42/LinuxPA) - PortableApps.com type launcher for Linux with AppImage support.\n- [AppImage Desktop Maker](https://github.com/Alexsussa/AIDM) - Creates menu entries for AppImages without the need for a daemon.\n- [Thumbnailer for AppImages](https://github.com/mttbernardini/appimage-thumbnailer) - Generates icons for AppImages that are shown in file managers of GNOME and KDE compatible desktop environments.\n- [XApp Thumbnailers](https://github.com/linuxmint/xapp-thumbnailers) - Thumbnailers for GTK Desktop Environments, including one for the AppImage file format. Makes Gtk based file managers like Caja (MATE), Nautilus (GNOME), Nemo (Cinnamon), PCManFM (LXDE), and Thunar (Xfce) show application icons on AppImages.\n- [AppImage To Gnome](https://github.com/DejfCold/ATG) - Monitors and (de)installs AppImages from the Gnome desktop.\n- [AppImage-Integrator](https://github.com/w-j-r/AppImage-Integrator) - A simple program to integrate AppImages into the Linux desktop written in Qt6.\n- [gnome_appimage_installer](https://github.com/knork-fork/gnome_appimage_installer) - Somewhat a misnomer (AppImages don't need to be \"installed\"), creates a desktop file that follows the freedesktop.org spec for your AppImage files; written in bash.\n- [Gear lever](https://github.com/mijorus/gearlever/) - Integrates AppImages into the Gnome desktop by drag-and-drop onto the Gear lever application.\n\n### Updaters\n\n- [AppImageUpdate](https://github.com/AppImage/AppImageUpdate) - Official grapical application to update AppImages; command-line tool to update AppImages.\n- [AppImageUpdater](https://github.com/antony-jr/AppImageUpdater) - Simple updater for humans written in C++ and Qt.\n- [appimage-update](https://github.com/AppImageCrafters/appimage-update) - AppImage Update implementation written in Go.\n\n### Sandboxes\n\n- [Firejail](https://github.com/netblue30/firejail) - Optional sandbox with support for AppImage built in.\n- [AppImage Sandboxing Project](https://github.com/mgord9518/aisap) - Golang library to help sandbox AppImages with bwrap.\n\n### Package managers\n\n__Note:__ The AppImage format is explicitly designed _not to need any package managers_ or similar tools. Everything can be done in the file manager (and an optional daemon for system integration).\n\n- [appimage-manager](https://github.com/AppImageCrafters/appimage-manager) - Command-line tool for managing AppImages allowing to search, install, remove and update applications.\n- [bauh](https://github.com/vinifmor/bauh) - Graphical user interface for managing Linux applications supporting AppImage, Arch (repositories/AUR), Flatpak, Snap and native Web applications.\n- [homebrew-appimage](https://github.com/athrunsun/homebrew-appimage) - Linuxbrew AppImage Formulae.\n- [AIPM](https://github.com/michaeldelago/aipm) - A Package Manager for AppImages.\n- [Zap](https://github.com/srevinsaju/zap) - AppImage package manager. Downloads the AppImage if it does not exist. If it already exists, updates it with AppImageUpdate. Integrates AppImage into the system.\n- [RookiePM](https://github.com/18fadly-anthony/rookie) - Package manager for AppImages and Shell Scripts.\n- [AppMan](https://github.com/ivan-hc/AppMan) - AppImage Manager that works like APT or Pacman.\n- [jewelrystore](https://rubygems.org/gems/jewelrystore) - Command line AppImage store made in ruby.\n- [ayy](https://github.com/lawl/ayy) - Package manager for AppImage. Single, static, dependency free binary. Written in Go.\n- [leap](https://github.com/lnxcz/leap) - Fast and simple AppImage manager. Written in Rust.\n- [Bread](https://github.com/pegvin/bread) - Download, update, remove, and run AppImages from GitHub on the command line, and integrate apps into the desktop.\n\n### Linux distributions\n\nAlthough the AppImage format was carefully designed not to need any special support from Linux distributions, there are some that offer varying degrees of AppImage friendliness out of the box.\n\n- [Deepin](https://www.deepin.org/en/) - When you double-click an AppImage or any other executable file that lacks execute permissions, a user-friendly dialog explains the situation and asks for your permission to set the execute permission and execute the executable.\n- [Nitrux](https://nxos.org/) - Promotes the use of AppImage as the main format for getting applications, has a built in app center featuring AppImages.\n- [Linux Mint](https://linuxmint.com/) - Has an [AppImage thumbnailer](https://github.com/linuxmint/xapp-thumbnailers) to show application icons on AppImage files.\n- [Zenwalk GNU Linux](http://www.zenwalk.org/) - Is \"AppImage ready\" and distributes some applications in AppImage format.\n\n## AppImage developer tools\n\n### Low-level tools\n\n- [appimagetool](https://github.com/AppImage/AppImageKit/releases/tag/continuous) - Converts AppDirs into AppImages.\n- [nix-bundle](https://github.com/matthewbauer/nix-bundle) - Converts Nix derivations into AppImages.\n\n### Build systems\n\n- [appimagecraft](https://github.com/TheAssassin/appimagecraft) - Recipe based AppImage creation tool working from source.\n- [appimage-builder](https://github.com/AppImageCrafters/appimage-builder) - Recipe based AppImage creation tool working from source.\n- [KDE Craft](https://invent.kde.org/packaging/craft) - Build system used by KDE that can produce AppImages and other formats.\n- [appimage-tooling](https://gitlab.com/sgclarkkde/appimage-tooling) - Ruby tooling to generate Appimages.\n- [AppImage.cmake](https://github.com/Ravbug/AppImage.cmake) - CMake script which facilitates generating AppImage executables for Linux.\n- [rules_appimage](https://github.com/lalten/rules_appimage) - Bazel rules to package any lang_binary target as AppImage.\n\n### Deployment tools for compiled applications\n\n- [go-appimagetool](https://github.com/probonopd/go-appimage/tree/master/src/appimagetool) - Tool that deploys dependencies into AppDirs, and converts AppDirs into AppImages (experimental).\n- [linuxdeployqt](https://github.com/probonopd/linuxdeployqt) - Deploys dependencies into AppDirs and creates AppImages; for Qt and other compiled applications.\n- [linuxdeploy](https://github.com/linuxdeploy/linuxdeploy) - AppDir creation and maintenance tool using plugins.\n- [XojoToAppImage](https://github.com/AlwaysOfflineSoftware/XojoToAppImage) - Graphical tool for packaging compiled Xojo Linux programs into AppImages.\n\n### Deployment tools for Python applications\n\n- [python-appimage](https://github.com/niess/python-appimage) - Ready to use AppImage distributions of Python (can be modified to include your application).\n- [linuxdeploy-plugin-python](https://github.com/niess/linuxdeploy-plugin-python) - Bundle Python into an AppDir using a source distribution and linuxdeploy.\n- [linuxdeploy-plugin-conda](https://github.com/linuxdeploy/linuxdeploy-plugin-conda) - Bundle Python into an AppDir using a source distribution, Conda, and linuxdeploy.\n- [Briefcase](https://briefcase.readthedocs.io/) - Convert Python project into a standalone native application, e.g., using AppImage.\n- [pycharm-appimage-support](https://gitlab.com/chezmurray/pycharm-appimage-support) - Deploy Python project as an AppImage directly from the PyCharm IDE.\n- [PyAppImage](https://github.com/srevinsaju/pyappimage) - Ultimately simple python-to-appimage bundler.\n\n### Deployment tools for Electron applications\n\n- [electron-builder](https://github.com/electron-userland/electron-builder) - Supports AppImage as an output format.\n- [electron-forge-maker-appimage](https://github.com/saleae/electron-forge-maker-appimage) - Electron Forge builder for AppImage.\n- [Appnativefy](https://github.com/sarweshparajuli/appnativefy) - Create AppImage with embedded Electron browser from any website.\n\n### Deployment tools for Windows applications\n\n- [wine32-deploy](https://github.com/sudo-give-me-coffee/wine32-deploy) - Creates AppImages for 32-bit Windows applications that can run on 64-bit Linux systems without multilib installed.\n- [AppImage For WINE](https://github.com/Hackerl/Wine_Appimage) - WINE-based AppImages and LD_PRELOAD based patches to launch WINE from AppImages.\n- [ferion11/Wine_Appimage](https://github.com/ferion11/Wine_Appimage) - AppImage for WINE 32bits from PlayOnLinux, an run on no-multilib systems.\n- [GameImage](https://gitlab.com/formigoni/gameimage) -  GameImage is a way to package up games with either Wine or an Emulator into a portable AppImage that could be useful for the Steam Deck.\n\n### Deployment tools for Java applications\n\n- [nbPackager](https://github.com/trixon/nbPackager) - Packages NetBeans Platform Application with a JRE for AppImage, Linux, macOS and Windows.\n\n### Deployment tools for .NET Core (Mono) applications\n\n- [Publish-AppImage for .NET](https://github.com/kuiperzone/Publish-AppImage) - Publish AppImages for .NET applications.\n- [.NET Core AppImage example](https://github.com/ppy/osu-deploy/blob/697a49e9602502a2b7a899c0dff5383f6512d5d2/Program.cs#L207-L243) - Example of how to deploy .NET Core (Mono) applications as an AppImage using `dotnet publish -f netcoreapp3.1 -r linux-x64` from within a `.cs` program.\n- [PupNet Deploy](https://github.com/kuiperzone/PupNet-Deploy) - Cross-platform deployment utility which publishes your .NET project and packages it as a ready-to-ship installation file in a single step.\n- [DotnetPackaging](https://github.com/SuperJMN/DotnetPackaging) - Tool to distribute .NET applications in the AppImage format.\n\n### Deployment tools for Flash applications\n\n- [flash-to-appimage](https://github.com/CredibleOpossum/flash-to-appimage) - Script to package a Flash game (`.swf`) into an AppImage.\n\n### Deployment tools for Rust applications\n\n- [Cargo AppImage](https://github.com/StratusFearMe21/cargo-appimage) - Cargo program that allows you to convert your Rust programs into AppImages.\n\n### Tools to convert from other package formats\n\n- [pkg2appimage](https://github.com/AppImage/pkg2appimage) - Converts from deb, zip, tar.gz and other formats to AppImage using YAML recipes.\n- [appimage2pkg](https://gitlab.com/nixtux-packaging/appimage2pkg) - Repack AppImage and make rpm/deb which does not require FUSE.\n- [flatpak2appdir](https://github.com/sudo-give-me-coffee/flatpak2appdir) - Turn Flatpak into AppDir which in turn can be turned into AppImage.\n- [make-portable](https://github.com/sudo-give-me-coffee/make-portable) - Deploys installed application to AppDir, uses strace to fetch all file system calls and copies all accessed files in to AppDir including glibc.\n- [AppImage cobbler](https://gitlab.com/brinkervii/appimage-cobbler) - Python application that takes strace.log and turns it into a directory suited for an AppImage.\n- [Elements](https://github.com/s-zeid/elements) - Tool to generate single-file, runc-based AppImages using a minimal (~3 MB compressed) Alpine Linux rootfs.\n- [arch2appimage](https://github.com/hanzala123/arch2appimage) - Python script to convert any Arch Linux package (official/AUR) to an AppImage.\n- [appimage-bash](https://github.com/valicm/appimage-bash) - GitHub Action for creating AppImage releases from binaries inside `.tar.gz` archives.\n- [Package-to-appimage](https://github.com/CausaPrincipalis71/package-to-appimage) - Tool for converting `.deb` and `.rpm` packages into AppImage format by using Docker.\n- [GMAppImager](https://github.com/samuelvenable/GMAppImager) - Graphically Converts GameMaker Studio 2 games to AppImage bundles.\n- [AppImaGen](https://github.com/ivan-hc/AppImaGen) - Generates an AppImage from Debian or from a PPA of your choice for the previous (unfortunately not the oldest as recommended) and still supported Ubuntu LTS.\n\n### Metadata tools\n\n- [AppStream Generator](https://output.jsbin.com/qoqukof) - Very simple generator for AppStream MetaInfo files which application authors can use to add metadata (like descriptions, screenshots, links) to their AppImage.\n- [AppStream MetaInfo Creator](https://www.freedesktop.org/software/appstream/metainfocreator/#/) - More elaborate generator for AppStream MetaInfo files by the author of the AppStream metainfo format.\n\n### QC tools\n\n- [appimage-testsuite](https://github.com/aferrero2707/appimage-testsuite) - AppImage testing environment based on Docker containers for various Linux distributions.\n- [appimagelint](https://github.com/TheAssassin/appimagelint) - Tool to check AppImages for compatibility, best practices etc.\n\n### Continuous integration\n\n- [GitHub Actions example](https://github.com/probonopd/Zoom.AppImage/blob/master/.github/workflows/main.yml) - Example of how to upload AppImages built using GitHub Actions to GitHub Releases.\n- [appimage.yml](https://github.com/iotang/Project_LemonLime/blob/master/.github/workflows/appimage.yml) - Bigger, more complex example of how to build and upload AppImages using GitHub Actions.\n- [build-appimage-action](https://github.com/AppImageCrafters/build-appimage-action) - GitHub Action for producing AppImages using appimage-builder.\n- [jniltinho/packages](https://github.com/jniltinho/packages) - Drone.io example for producing AppImages using go-appimagetool.\n- [Link to the latest build artifact on GitLab CI](https://gitlab.com/linuxappimage/element-desktop/-/jobs/artifacts/master/raw/Element.AppImage?job=run-build) - Example of how to directly link to the latest build artifact on GitLab CI (can be tricky).\n\n### Libraries\n\n- [QAppImageUpdate](https://github.com/antony-jr/QAppImageUpdate) - Qt5 library and plugin for updating AppImages, can be embedded into applications.\n- [AppImageServices](https://github.com/azubieta/AppImageServices) - D-Bus services providing a high-level interface over the AppImage manipulation libraries for file managers, software centers and other tools.\n- [libappimage](https://github.com/AppImage/libappimage) - Implements functionality for dealing with AppImage files, written in C++ using Boost.\n- [libzsync-go](https://github.com/AppImageCrafters/libzsync-go) - Zsync implementation written in Go that can be used to update AppImages.\n- [appenv](https://github.com/TheMarlboroMan/appenv) - Small C++ library telling where the app data resides and where the user data is by using `readlink(\"/proc/self/exe\")`), thus allowing C++ applications to become relocatable in the filesystem.\n\n### Templates\n\n- [Qt Desktop Template](https://github.com/stemoretti/qt-desktop-template) - Template for creating Qt Widgets desktop applications with AppImage generation using linuxdeployqt.\n- [qt-hello-world](https://github.com/AppImageCrafters/qt-hello-world) - Qt Hello World project for AppImage creation using appimage-builder.\n- [qt-qml-project-template-with-ci](https://github.com/219-design/qt-qml-project-template-with-ci) - Template for a Qt/QML application with batteries included: GitHub CI, automated GUI testing, automatic code-format checks and more. Compiles for Linux (AppImage), Mac, and Android.\n- [mini-qml](https://github.com/patrickelectric/mini-qml) - Minimal Qml application template with deployment for Linux (AppImage), Windows, macOS and WebAssembly.\n- [wxWidgetsTemplate](https://github.com/Ravbug/wxWidgetsTemplate) - Cross-platform application template for wxWidgets C++, with pre-set files and IDE projects, supporting AppImage.\n- [Briefcase Linux AppImage Template](https://github.com/beeware/briefcase-linux-appimage-template) - Cookiecutter template for building Python apps that will run under Linux, packaged as an AppImage.\n\n## Resources\n\n### Specs\n\n- [AppImageSpec](https://github.com/AppImage/AppImageSpec) - Official specification for the AppImage format.\n- [Desktop Entry Specification](https://specifications.freedesktop.org/desktop-entry-spec/latest/) - Specification for the matadata used inside AppImages.\n\n### Documentation\n\n- [docs.appimage.org](https://docs.appimage.org/) - Official AppImage documentation.\n- [appimage-builder.readthedocs.io](https://appimage-builder.readthedocs.io/) - Documentation of appimage-builder, includes tutorials, examples, and more.\n\n### Tutorials\n\n- [Produce an AppImage that bundles everything with go-appimage](https://www.youtube.com/watch?v=XTGn_JqmDu0) - How to make an AppImage that bundles _all_ required libraries so that it should run not only on newer, but also on _older_ systems than the build system.\n\n### Articles\n\n- [The Background Story of AppImage](https://itsfoss.com/appimage-interview/) - Interview with the creator of AppImage, explaining the key ideas and motivations behind the concept.\n- [Flatpak, Snap and AppImage](https://distrowatch.com/weekly.php?issue=20160704#opinion) - Jesse Smith on DistroWatch about AppImage, Flatpak and Snap.\n- [Don't Install, Just Copy with klik](https://dot.kde.org/2005/09/16/dont-install-just-copy-klik) - Article from 2005 that gives perspective on how AppImage started, relevant only for historical reasons now.\n\n### Videos\n\n- [AppImage: Portable applications for Linux](https://www.youtube.com/watch?v=nzZ6Ikc7juw) - Official AppImage introduction video by its founder.\n- [Comparing Linux Package Formats - Deb, Flatpak, AppImage, etc.](https://www.youtube.com/watch?v=7fPShv-8Z_4) - By Bryan Lunduke.\n- [AppImage: Universal Linux Apps, Overview and Thoughts](https://www.youtube.com/watch?v=tMqES2pNxYY) - By Jeremy \"Jay\" LaCroix, LearnLinuxTV.\n- [AppImage system integration on Ubuntu using go-appimaged](https://www.youtube.com/watch?v=L00UjifUEfE) - New appimaged daemon from the go-appimage implementation.\n- [Integrate and Manage AppImages with AppImageLauncher](https://www.youtube.com/watch?v=D2WA2zdLvVk) - By Eric Adams.\n\n### Books\n\n- [Mastering Qt 5](https://www.amazon.de/Mastering-Qt-stunning-cross-platform-applications-ebook/dp/B07DH9YK9Q/) - Contains a section on how to package and deploy Qt applications for Linux using linuxdeployqt.\n\n### Blogs\n\n- [Planet AppImage](https://appimage.gitlab.io/planet/) - Blog Aggregator covering all things AppImage.\n- [TheAssassin Blog](https://assassinate-you.net/tags/appimage/) - Blog covering AppImage related topics by TheAssassin.\n- [AppImage Crafters Blog](https://appimagecrafters.github.io/) - Blog about AppImage creation an usage by azubieta.\n\n### Courses\n\n### Community\n\n- [#AppImage channel on libera.chat](https://web.libera.chat/#AppImage) - Chat where AppImage developers and users hang out, be prepared to stay in the channel for days if you don't get answers immediately.\n- [discourse.appimage.org](https://discourse.appimage.org/) - Official AppImage forum for users and application developers.\n- [Stack Overflow](https://stackoverflow.com/tags/AppImage) - Questions tagged `[appimage]` on Stack Overflow.\n- [r/AppImage/](https://www.reddit.com/r/AppImage/) - AppImage subreddit.\n\n### Miscellaneous\n\n- [AppImage wiki](https://github.com/AppImage/AppImageKit/wiki) - Official AppImage wiki.\n- [AppImageZip](https://github.com/sagebind/appimagezip) - Experimental pure Rust implementation of the AppImage runtime that uses Zip as the backing file system image.\n- [help-wanted](https://github.com/search?q=user%3Aappimage+label%3Ahelp-wanted+state%3Aopen&type=Issues) - AppImage issues that the AppImage team would like your help with. A great way to get started contributing to the project.\n- [appdwarf](https://github.com/Phantop/appdwarf) - A tool to convert an AppDir or an existing AppImage file, either as a local file or from a URL, into a highly compressed portable image using dwarfs.\n\n### Related\n\n- [Similar projects](https://github.com/AppImage/AppImageKit/wiki/Similar-projects) - Comparison to other packaging systems.\n\n### Other awesome lists\n\n- [awesome-linuxdeploy](https://github.com/linuxdeploy/awesome-linuxdeploy) - Awesome list on linuxdeploy.\n- [All Awesome Lists](https://github.com/topics/awesome) - All the Awesome lists on GitHub.\n",
      "CONTRIBUTING.md": "# Contribution Guidelines\n\nPlease note that this project is released with a [Contributor Code of Conduct](https://www.contributor-covenant.org/version/1/4/code-of-conduct/). By participating in this project you agree to abide by its terms.\n\n---\n\nEnsure your pull request adheres to the following guidelines:\n\n- If you submit a project that is similar to an existing project in the list, argue how it's better.\n- Search previous suggestions before making a new one, as yours may be a duplicate.\n- Suggested packages should be tested and documented.\n- Make an individual pull request for each suggestion.\n- Use the following format: `[package](link) - Description.`\n- Additions should be added to the bottom of the relevant category.\n- Link to the GitHub repo, not npmjs.com or its website.\n- Keep descriptions short and simple, but descriptive.\n- Don't mention `Node.js` in the description as it's implied.\n- Start the description with a capital and end with a full stop/period.\n- Don't start the description with `A` or `An`.\n- Check your spelling and grammar.\n- Make sure your text editor is set to remove trailing whitespace.\n- The pull request should have a useful title and include a link to the package and why it should be included.\n- New categories or improvements to the existing categorization are welcome, but should be done in a separate pull request.\n\nThank you for your suggestion!\n\n### Updating your PR\n\nA lot of times, making a PR adhere to the standards above can be difficult. If the maintainers notice anything that we'd like changed, we'll ask you to edit your PR before we merge it. If you're not sure how to do that, [here is a guide](https://github.com/RichardLitt/knowledge/blob/master/github/amending-a-commit-guide.md) on the different ways you can update your PR so that we can merge it.\n"
    },
    "latest_release_at": null,
    "bot_like_contribs": 0,
    "human_contribs": 11,
    "run_ts": "2025-10-01T17:36:07.876906+00:00"
  },
  {
    "full_name": "JuliaDebug/Debugger.jl",
    "html_url": "https://github.com/JuliaDebug/Debugger.jl",
    "description": "Julia debugger",
    "language": "Julia",
    "stars": 498,
    "forks": 47,
    "open_issues": 59,
    "owner_type": "Org",
    "created_at": "2019-02-04T14:47:53+00:00",
    "pushed_at": "2025-08-06T18:51:42+00:00",
    "default_branch": "master",
    "docs": {
      "README.md": "# Debugger\n\n*A Julia debugger.*\n\n**Build Status**                                                                                |\n|:-----------------------------------------------------------------------------------------------:|\n| [![][travis-img]][travis-url]  [![][codecov-img]][codecov-url] |\n\n**Note**: If you are looking for the docs for the Julia VSCode debugger, see [this link instead](https://www.julia-vscode.org/docs/stable/userguide/debugging/)\n\n## Installation\n\nInstall Debugger using [Pkg](https://docs.julialang.org/en/v1/stdlib/Pkg/):\n\n```julia\njulia> import Pkg; Pkg.add(\"Debugger\")\n```\n\n# Usage\n\n## Starting the debugger interface\n\nThe debug interface is entered using the `@enter` macro:\n\n```julia\nusing Debugger\n\nfunction foo(n)\n    x = n+1\n    ((BigInt[1 1; 1 0])^x)[2,1]\nend\n\n@enter foo(20)\n```\n\nThis interface allows for manipulating program execution, such as stepping in and\nout of functions, line stepping, showing local variables, setting breakpoints and evaluating code in\nthe context of functions.\n\n## Debugger commands\n\nBelow, square brackets denote optional arguments.\n\nAll of the following commands work when the prompt is `1|debug>`:\n\nMisc:\n- `o`: open the current line in an editor\n- `q`: quit the debugger, returning `nothing`\n- `C`: toggle compiled mode\n- `L`: toggle showing lowered code instead of source code\n- `+`/`-`: increase / decrease the number of lines of source code shown\n\nStepping (basic):\n- `n`: step to the next line\n- `u [i::Int]`: step until line `i` or the next line past the current line\n- `s`: step into the next call\n- `so`: step out of the current call\n- `sl`: step into the last call on the current line (e.g. steps into `f` if the line is `f(g(h(x)))`).\n- `sr`: step until next `return`.\n- `c`: continue execution until a breakpoint is hit\n- `f [i::Int]`: go to the `i`-th function in the call stack (stepping is only possible in the function at the top of the call stack)\n- `up/down [i::Int]` go up or down one or `i` functions in the call stack\n\nStepping (advanced):\n- `nc`: step to the next call\n- `se`: step one expression step\n- `si`: same as `se` but step into a call if a call is the next expression\n- `sg`: step into a generated function\n\nQuerying:\n- `st`: show the \"status\" (current function, source code and current expression to run)\n- `bt`: show a backtrace\n- `fr [i::Int]`: show all variables in the current or `i`th frame\n\nEvaluation:\n- `w`\n    - `w add expr`: add an expression to the watch list\n    - `w`: show all watch expressions evaluated in the current function's context\n    - `w rm [i::Int]`: remove all or the `i`:th watch expression\n\nBreakpoints:\n- `bp`\n    - `bp add`\n        - `bp add \"file.jl\":line [cond]`: add a breakpoint att file `file.jl` on line `line` with condition `cond`\n        - `bp add func [:line] [cond]`: add a breakpoint to function `func` at line `line` (defaulting to first line)  with condition `cond`\n        - `bp add func(::Float64, Int)[:line] [cond]`: add a breakpoint to methods matching the signature at line `line` (defaulting to first line)  with condition `cond`\n        - `bp add func(x, y)[:line] [cond]`: add a breakpoint to the method matching the types of the local variable `x`, `y` etc with condition `cond`\n        - `bp add line [cond]` add a breakpoint to `line` of the file of the current function  with condition `cond`\n    - `bp` show all breakpoints\n    - `bp rm [i::Int]`: remove all or the `i`:th breakpoint\n    - `bp toggle [i::Int]`: toggle all or the `i`:th breakpoint\n    - `bp disable [i::Int]`: disable all or the `i`:th breakpoint\n    - `bp enable [i::Int]`: enable all or the `i`:th breakpoint\n    - `bp on/off`\n      - `bp on/off error` - turn on or off break on error\n      - `bp on/off throw` - turn on or off break on throw\n\nAn empty command will execute the previous command.\n\nChanging frames with `f i::Int` will change the prompt to `$i|debug>`.\nStepping commands will not work until you return to `f 1`, but a subset of normal commands will continue to work.\n\nIn addition to these debugging commands, you can type `` ` `` to enter \"evaluation mode\" indicated by a prompt `$i|julia>`.\nIn evaluation mode, any expression you type is executed in the debug context.\nFor example, if you have a local variable named `n`, then once in evaluation mode typing `n` will show you the value of `n` rather than advancing to the next line.\n\nHit backspace as the first character of the line to return to \"debug mode.\"\n\n### Breakpoints\n\nTo add and manipulate breakpoints, either the `bp add` command in the debug interface or the JuliaInterpreter breakpoint API, documented [here](https://juliadebug.github.io/JuliaInterpreter.jl/latest/dev_reference/#Breakpoints-1)\ncan be used.\n\nIt is common to want to run a function until a breakpoint is hit. Therefore, the \"shortcut macro\" `@run` is provided which is equivalent\nof starting the debug mode with `@enter` and then executing the continue command (`c`):\n\n```jl\njulia> using Debugger\n\njulia> breakpoint(abs);\n\njulia> @run sin(2.0)\nHit breakpoint:\nIn abs(x) at float.jl:522\n>522  abs(x::Float64) = abs_float(x)\n\nAbout to run: (abs_float)(2.0)\n1|debug> bt\n[1] abs(x) at float.jl:522\n  | x::Float64 = 2.0\n[2] sin(x) at special/trig.jl:30\n  | x::Float64 = 2.0\n  | T::DataType = Float64\n```\n\n#### Breakpoint on error\n\nIt is possible to halt execution when an error is thrown. This is done by calling the exported function `break_on(:error)`.\n\n```jl\njulia> using Debugger\n\njulia> break_on(:error)\n\njulia> f() = \"αβ\"[2];\n\njulia> @run f()\nBreaking for error:\nERROR: StringIndexError(\"αβ\", 2)\nIn string_index_err(s, i) at strings/string.jl:12\n>12  @noinline string_index_err(s::AbstractString, i::Integer) =\n\nAbout to run: (throw)(StringIndexError(\"αβ\", 2))\n1|debug> bt\n[1] string_index_err(s, i) at strings/string.jl:12\n  | s::String = \"αβ\"\n  | i::Int64 = 2\n[2] getindex_continued(s, i, u) at strings/string.jl:218\n  | s::String = \"αβ\"\n  | i::Int64 = 2\n  | u::UInt32 = 0xb1000000\n  | val::Bool = false\n[3] getindex(s, i) at strings/string.jl:211\n  | s::String = \"αβ\"\n  | i::Int64 = 2\n  | b::UInt8 = 0xb1\n  | u::UInt32 = 0xb1000000\n[4] f() at REPL[5]:1\n\njulia> JuliaInterpreter.break_off(:error)\n\njulia> @run f()\nERROR: StringIndexError(\"αβ\", 2)\nStacktrace:\n[...]\n```\n\n### Place breakpoints in source code\nIt is sometimes more convenient to choose in the source code when to break. This is done for instance in Matlab/Octave with `keyboard`, and in R with `browser()`. You can use the `@bp` macro to do this:\n\n```jl\njulia> using Debugger\n\njulia> function f(x)\n           if x < 0\n               @bp\n           else\n               println(\"All good!\")\n           end\n       end\nf (generic function with 1 method)\n\njulia> @run f(2)\nAll good!\n\njulia> @run f(-2)\nHit breakpoint:\nIn f(x) at REPL[6]:2\n 1  function f(x)\n 2      if x < 0\n>3          @bp\n 4      else\n 5          println(\"All good!\")\n 6      end\n 7  end\n\nAbout to run: return\n1|debug> bt\n[1] f(x) at REPL[6]:3\n  | x::Int64 = -2\n```\n\n### Compiled mode\n\nIn order to fully support breakpoints, the debugger interprets all code, even code that is stepped over.\nCurrently, there are cases where the interpreter is too slow for this to be feasible.\nA workaround is to use \"compiled mode\" which is toggled by pressing `C` in the debug REPL mode (note the change of prompt color).\nWhen using compiled mode, code that is stepped over will be executed\nby the normal julia compiler and run just as fast as normally.\nThe drawback is of course that breakpoints in code that is stepped over are missed.\n\n\n### Syntax highlighting\n\nThe source code preview is syntax highlighted and this highlighting has some options.\nThe theme can be set by calling `Debugger.set_theme(theme)` where `theme` is a [Highlights.jl theme](https://juliadocs.github.io/Highlights.jl/stable/demo/themes/).\nIt can be completely turned off or alternatively, different quality settings for the colors might be chosen by calling `Debugger.set_highlight(opt)` where `opt` is a `Debugger.HighlightOption` enum.\nThe choices are `HIGHLIGHT_OFF` `HIGHLIGHT_SYSTEM_COLORS`, `HIGHLIGHT_256_COLORS`, `HIGHLIGHT_24_BIT`. System colors works in pretty much all terminals, 256 in most terminals (with the exception of Windows)\nand 24 bit in some terminals.\n\n\n[travis-img]: https://travis-ci.org/JuliaDebug/Debugger.jl.svg?branch=master\n[travis-url]: https://travis-ci.org/JuliaDebug/Debugger.jl\n\n[codecov-img]: https://codecov.io/gh/JuliaDebug/Debugger.jl/branch/master/graph/badge.svg\n[codecov-url]: https://codecov.io/gh/JuliaDebug/Debugger.jl\n"
    },
    "latest_release_at": "2023-01-06T12:02:12+00:00",
    "bot_like_contribs": 3,
    "human_contribs": 23,
    "run_ts": "2025-10-01T17:36:07.876906+00:00"
  },
  {
    "full_name": "scikit-image/skimage-tutorials",
    "html_url": "https://github.com/scikit-image/skimage-tutorials",
    "description": "skimage-tutorials: a collection of tutorials for the scikit-image package.",
    "language": "Jupyter Notebook",
    "stars": 496,
    "forks": 372,
    "open_issues": 12,
    "owner_type": "Org",
    "created_at": "2014-05-21T07:05:16+00:00",
    "pushed_at": "2022-10-25T21:34:39+00:00",
    "default_branch": "main",
    "docs": {
      "README.md": "scikit-image tutorials\n======================\n\nA collection of tutorials for the [scikit-image](http://skimage.org) package.\n\nLaunch the tutorial notebooks directly with MyBinder now:\n\n[![Binder](https://mybinder.org/badge.svg)](https://mybinder.org/v2/gh/scikit-image/skimage-tutorials/main?filepath=index.ipynb)\n\nOr you can setup and run on your local machine:\n1. [Follow the preparation instructions](preparation.md)\n2. Start the notebook server *from the same directory as this README*\n   with `jupyter notebook`\n\nRefer to [the gallery](http://scikit-image.org/docs/dev/auto_examples/) as\nwell as [scikit-image demos](https://github.com/scikit-image/skimage-demos)\nfor more examples.\n\nUsage\n-----\n\nThese usage guidelines are based on goodwill. They are not a legal contract.\n\nThe scikit-image team requests that you follow these guidelines if you use\nthese materials in downstream projects.\n\nAll materials in this repository are available free of restriction\nunder the Creative Commons CC0 1.0 Universal Public Domain Dedication\n(see LICENSE.txt).\n\nHowever, we ask that you actively acknowledge and give\nattribution to this repo and to the authors if you reproduce them or create any\nderivative works.  Specifically:\n\n * Keep the CC0 Public Domain Dedication intact when reusing large\n   portions of the material (such as an entire lecture), so that\n   others may benefit from the same license you did.\n\n * Do not represent yourself as the author of re-used material.\n\nFor more information on these guidelines, which are sometimes known as\nCC0 (+BY), see [this blog post](http://www.dancohen.org/2013/11/26/cc0-by/) by\nDan Cohen.\n\nContributing\n------------\n\nIf you make any modifications to these tutorials that you think would benefit\nthe community at large, please\n[create a pull request](http://scikit-image.org/docs/dev/contribute.html)!\n"
    },
    "latest_release_at": null,
    "bot_like_contribs": 0,
    "human_contribs": 16,
    "run_ts": "2025-10-01T17:36:07.876906+00:00"
  }
]