[
  {
    "full_name": "snarfed/granary",
    "asof": "2025-09-01T00:00:00+00:00",
    "run_ts": "2025-10-01T02:49:22.219522+00:00",
    "comment_dump_index": {
      "repo_index": "mined/comments_365d/shard_01/snarfed__granary/index.json",
      "shard_manifest": "mined/comments_365d/shard_01.comments.index.json",
      "counts": {
        "issue": 99,
        "review": 20,
        "total": 119
      },
      "pr_count_dumped": 166
    },
    "readme_words": 11554,
    "docs_md_count": 0,
    "has_contributing": false,
    "has_coc": false,
    "has_issue_template": false,
    "has_pr_template": false,
    "has_codeowners": false,
    "has_maintainers": false,
    "has_governance": false,
    "has_workflows": true,
    "workflows_count": 2,
    "discussions_enabled": true,
    "onboarding_surfaces_count": 1,
    "pr_merge_rate_90": null,
    "denom_prs_90": 0,
    "censor_days": 7,
    "maintainer_first_reply_median_hrs_365": 6.018611111111111,
    "pr_with_human_maint_comment_rate_365": 0.073,
    "maintainer_to_author_comment_ratio_365": 1.36,
    "links_per_comment_365": 0.344,
    "denom_prs_comment_window_365": 164,
    "count_prs_with_maint_comment_365": 12,
    "count_maintainer_comments_365": 34,
    "count_author_comments_365": 25,
    "count_human_comments_365": 64,
    "count_links_365": 22,
    "convo_readability_feats": {
      "n_words": 2361,
      "n_sents": 242,
      "flesch_reading_ease": 72.09,
      "avg_sentence_len": 9.76,
      "code_block_count": 38,
      "heading_count": 0,
      "passive_hits": 3
    },
    "convo_broken_link_ratio_365": 0.4,
    "R_convo_rule_365": 4.3,
    "newcomers_strict_window": 2,
    "total_prs_in_window": 141,
    "conversion_1m": 0.5,
    "denom_conv_1m": 2,
    "conversion_3m": 0.5,
    "denom_conv_3m": 2,
    "conversion_6m": 0.5,
    "denom_conv_6m": 2,
    "additional_prs_1m": {
      "sum": 5,
      "avg": 2.5,
      "median": 2.5
    },
    "additional_prs_3m": {
      "sum": 5,
      "avg": 2.5,
      "median": 2.5
    },
    "additional_prs_6m": {
      "sum": 5,
      "avg": 2.5,
      "median": 2.5
    },
    "retention_1m": 0.0,
    "denom_ret_1m": 2,
    "retention_3m": 0.0,
    "denom_ret_3m": 2,
    "retention_6m": 0.0,
    "denom_ret_6m": 2,
    "newcomer_became_merger_ever_rate": null,
    "newcomer_became_merger_ever_count": 0,
    "denom_newcomer_became_merger_ever": 0
  },
  {
    "full_name": "huahua132/skynet_fly",
    "asof": "2025-09-01T00:00:00+00:00",
    "run_ts": "2025-10-01T02:49:22.219522+00:00",
    "comment_dump_index": {
      "repo_index": "mined/comments_365d/shard_01/huahua132__skynet_fly/index.json",
      "shard_manifest": "mined/comments_365d/shard_01.comments.index.json",
      "counts": {
        "issue": 0,
        "review": 0,
        "total": 0
      },
      "pr_count_dumped": 13
    },
    "readme_words": 2073,
    "docs_md_count": 0,
    "has_contributing": false,
    "has_coc": true,
    "has_issue_template": false,
    "has_pr_template": false,
    "has_codeowners": false,
    "has_maintainers": false,
    "has_governance": false,
    "has_workflows": true,
    "workflows_count": 1,
    "discussions_enabled": true,
    "onboarding_surfaces_count": 2,
    "pr_merge_rate_90": null,
    "denom_prs_90": 0,
    "censor_days": 7,
    "maintainer_first_reply_median_hrs_365": null,
    "pr_with_human_maint_comment_rate_365": 0.0,
    "maintainer_to_author_comment_ratio_365": null,
    "links_per_comment_365": 0.0,
    "denom_prs_comment_window_365": 13,
    "count_prs_with_maint_comment_365": 0,
    "count_maintainer_comments_365": 0,
    "count_author_comments_365": 0,
    "count_human_comments_365": 0,
    "count_links_365": 0,
    "convo_readability_feats": {
      "n_words": 0,
      "n_sents": 1,
      "flesch_reading_ease": 0.0,
      "avg_sentence_len": 0.0,
      "code_block_count": 0,
      "heading_count": 0,
      "passive_hits": 0
    },
    "convo_broken_link_ratio_365": 0.0,
    "R_convo_rule_365": 3.0,
    "newcomers_strict_window": 4,
    "total_prs_in_window": 13,
    "conversion_1m": 0.25,
    "denom_conv_1m": 4,
    "conversion_3m": 0.25,
    "denom_conv_3m": 4,
    "conversion_6m": 0.5,
    "denom_conv_6m": 4,
    "additional_prs_1m": {
      "sum": 1,
      "avg": 0.25,
      "median": 0.0
    },
    "additional_prs_3m": {
      "sum": 1,
      "avg": 0.25,
      "median": 0.0
    },
    "additional_prs_6m": {
      "sum": 3,
      "avg": 0.75,
      "median": 0.5
    },
    "retention_1m": 0.0,
    "denom_ret_1m": 4,
    "retention_3m": 0.0,
    "denom_ret_3m": 4,
    "retention_6m": 0.0,
    "denom_ret_6m": 4,
    "newcomer_became_merger_ever_rate": null,
    "newcomer_became_merger_ever_count": 0,
    "denom_newcomer_became_merger_ever": 0
  },
  {
    "full_name": "jhasse/poly2tri",
    "asof": "2025-09-01T00:00:00+00:00",
    "run_ts": "2025-10-01T02:49:22.219522+00:00",
    "comment_dump_index": {
      "repo_index": "mined/comments_365d/shard_01/jhasse__poly2tri/index.json",
      "shard_manifest": "mined/comments_365d/shard_01.comments.index.json",
      "counts": {
        "issue": 3,
        "review": 0,
        "total": 3
      },
      "pr_count_dumped": 1
    },
    "readme_words": 345,
    "docs_md_count": 0,
    "has_contributing": false,
    "has_coc": false,
    "has_issue_template": false,
    "has_pr_template": false,
    "has_codeowners": false,
    "has_maintainers": false,
    "has_governance": false,
    "has_workflows": true,
    "workflows_count": 1,
    "discussions_enabled": false,
    "onboarding_surfaces_count": 1,
    "pr_merge_rate_90": null,
    "denom_prs_90": 0,
    "censor_days": 7,
    "maintainer_first_reply_median_hrs_365": 0.07777777777777778,
    "pr_with_human_maint_comment_rate_365": 1.0,
    "maintainer_to_author_comment_ratio_365": 0.5,
    "links_per_comment_365": 0.0,
    "denom_prs_comment_window_365": 1,
    "count_prs_with_maint_comment_365": 1,
    "count_maintainer_comments_365": 1,
    "count_author_comments_365": 2,
    "count_human_comments_365": 3,
    "count_links_365": 0,
    "convo_readability_feats": {
      "n_words": 66,
      "n_sents": 5,
      "flesch_reading_ease": 70.38,
      "avg_sentence_len": 13.2,
      "code_block_count": 0,
      "heading_count": 0,
      "passive_hits": 0
    },
    "convo_broken_link_ratio_365": 0.0,
    "R_convo_rule_365": 4.0,
    "newcomers_strict_window": 1,
    "total_prs_in_window": 1,
    "conversion_1m": 0.0,
    "denom_conv_1m": 1,
    "conversion_3m": 0.0,
    "denom_conv_3m": 1,
    "conversion_6m": 0.0,
    "denom_conv_6m": 1,
    "additional_prs_1m": {
      "sum": 0,
      "avg": 0.0,
      "median": 0.0
    },
    "additional_prs_3m": {
      "sum": 0,
      "avg": 0.0,
      "median": 0.0
    },
    "additional_prs_6m": {
      "sum": 0,
      "avg": 0.0,
      "median": 0.0
    },
    "retention_1m": 0.0,
    "denom_ret_1m": 1,
    "retention_3m": 0.0,
    "denom_ret_3m": 1,
    "retention_6m": 0.0,
    "denom_ret_6m": 1,
    "newcomer_became_merger_ever_rate": null,
    "newcomer_became_merger_ever_count": 0,
    "denom_newcomer_became_merger_ever": 0
  },
  {
    "full_name": "puyuan/py-nanoid",
    "asof": "2025-09-01T00:00:00+00:00",
    "run_ts": "2025-10-01T02:49:22.219522+00:00",
    "comment_dump_index": {
      "repo_index": "mined/comments_365d/shard_01/puyuan__py-nanoid/index.json",
      "shard_manifest": "mined/comments_365d/shard_01.comments.index.json",
      "counts": {
        "issue": 0,
        "review": 0,
        "total": 0
      },
      "pr_count_dumped": 3
    },
    "readme_words": 412,
    "docs_md_count": 0,
    "has_contributing": false,
    "has_coc": false,
    "has_issue_template": false,
    "has_pr_template": false,
    "has_codeowners": false,
    "has_maintainers": false,
    "has_governance": false,
    "has_workflows": false,
    "workflows_count": 0,
    "discussions_enabled": false,
    "onboarding_surfaces_count": 1,
    "pr_merge_rate_90": null,
    "denom_prs_90": 0,
    "censor_days": 7,
    "maintainer_first_reply_median_hrs_365": null,
    "pr_with_human_maint_comment_rate_365": 0.0,
    "maintainer_to_author_comment_ratio_365": null,
    "links_per_comment_365": 0.0,
    "denom_prs_comment_window_365": 2,
    "count_prs_with_maint_comment_365": 0,
    "count_maintainer_comments_365": 0,
    "count_author_comments_365": 0,
    "count_human_comments_365": 0,
    "count_links_365": 0,
    "convo_readability_feats": {
      "n_words": 0,
      "n_sents": 1,
      "flesch_reading_ease": 0.0,
      "avg_sentence_len": 0.0,
      "code_block_count": 0,
      "heading_count": 0,
      "passive_hits": 0
    },
    "convo_broken_link_ratio_365": 0.0,
    "R_convo_rule_365": 3.0,
    "newcomers_strict_window": 2,
    "total_prs_in_window": 2,
    "conversion_1m": 0.0,
    "denom_conv_1m": 2,
    "conversion_3m": 0.0,
    "denom_conv_3m": 2,
    "conversion_6m": 0.0,
    "denom_conv_6m": 1,
    "additional_prs_1m": {
      "sum": 0,
      "avg": 0.0,
      "median": 0.0
    },
    "additional_prs_3m": {
      "sum": 0,
      "avg": 0.0,
      "median": 0.0
    },
    "additional_prs_6m": {
      "sum": 0,
      "avg": 0.0,
      "median": 0.0
    },
    "retention_1m": 0.0,
    "denom_ret_1m": 2,
    "retention_3m": 0.0,
    "denom_ret_3m": 2,
    "retention_6m": 0.0,
    "denom_ret_6m": 1,
    "newcomer_became_merger_ever_rate": null,
    "newcomer_became_merger_ever_count": 0,
    "denom_newcomer_became_merger_ever": 0
  },
  {
    "full_name": "shish/shimmie2",
    "asof": "2025-09-01T00:00:00+00:00",
    "run_ts": "2025-10-01T02:49:22.219522+00:00",
    "comment_dump_index": {
      "repo_index": "mined/comments_365d/shard_01/shish__shimmie2/index.json",
      "shard_manifest": "mined/comments_365d/shard_01.comments.index.json",
      "counts": {
        "issue": 107,
        "review": 35,
        "total": 142
      },
      "pr_count_dumped": 643
    },
    "readme_words": 212,
    "docs_md_count": 0,
    "has_contributing": true,
    "has_coc": false,
    "has_issue_template": true,
    "has_pr_template": false,
    "has_codeowners": false,
    "has_maintainers": false,
    "has_governance": false,
    "has_workflows": true,
    "workflows_count": 3,
    "discussions_enabled": true,
    "onboarding_surfaces_count": 3,
    "pr_merge_rate_90": null,
    "denom_prs_90": 0,
    "censor_days": 7,
    "maintainer_first_reply_median_hrs_365": 6.259166666666666,
    "pr_with_human_maint_comment_rate_365": 0.056,
    "maintainer_to_author_comment_ratio_365": 2.304,
    "links_per_comment_365": 0.101,
    "denom_prs_comment_window_365": 624,
    "count_prs_with_maint_comment_365": 35,
    "count_maintainer_comments_365": 53,
    "count_author_comments_365": 23,
    "count_human_comments_365": 79,
    "count_links_365": 8,
    "convo_readability_feats": {
      "n_words": 2582,
      "n_sents": 95,
      "flesch_reading_ease": 52.45,
      "avg_sentence_len": 27.18,
      "code_block_count": 2,
      "heading_count": 0,
      "passive_hits": 14
    },
    "convo_broken_link_ratio_365": 0.125,
    "R_convo_rule_365": 2.8,
    "newcomers_strict_window": 10,
    "total_prs_in_window": 607,
    "conversion_1m": 0.2,
    "denom_conv_1m": 10,
    "conversion_3m": 0.222,
    "denom_conv_3m": 9,
    "conversion_6m": 0.4,
    "denom_conv_6m": 5,
    "additional_prs_1m": {
      "sum": 4,
      "avg": 0.4,
      "median": 0.0
    },
    "additional_prs_3m": {
      "sum": 4,
      "avg": 0.444,
      "median": 0.0
    },
    "additional_prs_6m": {
      "sum": 6,
      "avg": 1.2,
      "median": 0.0
    },
    "retention_1m": 0.1,
    "denom_ret_1m": 10,
    "retention_3m": 0.111,
    "denom_ret_3m": 9,
    "retention_6m": 0.2,
    "denom_ret_6m": 5,
    "newcomer_became_merger_ever_rate": null,
    "newcomer_became_merger_ever_count": 0,
    "denom_newcomer_became_merger_ever": 0
  }
]