[
  {
    "full_name": "RadicalCSG/Chisel.Prototype",
    "language": "C#",
    "owner_type": "Org",
    "stars": 500,
    "pushed_at": "2024-10-05T08:30:46+00:00",
    "latest_release_at": null,
    "bot_like_contribs": 0,
    "human_contribs": 9,
    "R": 3.0,
    "A": 2.5,
    "C": 1.9,
    "score": 2.52,
    "readability_feats": {
      "n_words": 606,
      "n_sents": 77,
      "flesch_reading_ease": 48.49,
      "avg_sentence_len": 7.87,
      "code_block_count": 0,
      "heading_count": 1,
      "passive_hits": 3
    },
    "completeness_sections": {
      "overview": true,
      "install": false,
      "quickstart": false,
      "dev_setup": false,
      "testing": false,
      "contrib": false,
      "coc": false,
      "troubleshooting": false,
      "release": false
    },
    "broken_link_ratio": 0.65,
    "rationale": {
      "readability": "Flesch=48.49 ASL=7.87 code_blocks=0",
      "actuality": "broken_link_ratio=0.65, months_since_push=10.84",
      "completeness": "sections_present=['overview']"
    },
    "run_ts": "2025-10-01T15:09:01.806926+00:00"
  },
  {
    "full_name": "google/adk-docs",
    "language": "HTML",
    "owner_type": "Org",
    "stars": 496,
    "pushed_at": "2025-09-30T23:54:48+00:00",
    "latest_release_at": null,
    "bot_like_contribs": 1,
    "human_contribs": 59,
    "R": 3.5,
    "A": 3.5,
    "C": 4.3,
    "score": 3.74,
    "readability_feats": {
      "n_words": 2448,
      "n_sents": 249,
      "flesch_reading_ease": 35.05,
      "avg_sentence_len": 9.83,
      "code_block_count": 121,
      "heading_count": 40,
      "passive_hits": 8
    },
    "completeness_sections": {
      "overview": true,
      "install": true,
      "quickstart": true,
      "dev_setup": true,
      "testing": true,
      "contrib": true,
      "coc": false,
      "troubleshooting": false,
      "release": true
    },
    "broken_link_ratio": 0.15,
    "rationale": {
      "readability": "Flesch=35.05 ASL=9.83 code_blocks=121",
      "actuality": "broken_link_ratio=0.15, months_since_push=-0.99",
      "completeness": "sections_present=['contrib', 'dev_setup', 'install', 'overview', 'quickstart', 'release', 'testing']"
    },
    "run_ts": "2025-10-01T15:09:01.806926+00:00"
  },
  {
    "full_name": "easybuilders/easybuild",
    "language": "Shell",
    "owner_type": "Org",
    "stars": 496,
    "pushed_at": "2025-09-30T15:29:07+00:00",
    "latest_release_at": "2025-09-26T15:08:07+00:00",
    "bot_like_contribs": 0,
    "human_contribs": 49,
    "R": 3.0,
    "A": 3.5,
    "C": 2.3,
    "score": 2.94,
    "readability_feats": {
      "n_words": 659,
      "n_sents": 89,
      "flesch_reading_ease": 39.23,
      "avg_sentence_len": 7.4,
      "code_block_count": 1,
      "heading_count": 1,
      "passive_hits": 7
    },
    "completeness_sections": {
      "overview": false,
      "install": true,
      "quickstart": true,
      "dev_setup": false,
      "testing": false,
      "contrib": false,
      "coc": false,
      "troubleshooting": false,
      "release": false
    },
    "broken_link_ratio": 0.15,
    "rationale": {
      "readability": "Flesch=39.23 ASL=7.4 code_blocks=1",
      "actuality": "broken_link_ratio=0.15, months_since_push=-0.99",
      "completeness": "sections_present=['install', 'quickstart']"
    },
    "run_ts": "2025-10-01T15:09:01.806926+00:00"
  },
  {
    "full_name": "kubeflow/mpi-operator",
    "language": "Go",
    "owner_type": "Org",
    "stars": 496,
    "pushed_at": "2025-09-22T13:19:03+00:00",
    "latest_release_at": "2024-10-16T15:06:29+00:00",
    "bot_like_contribs": 1,
    "human_contribs": 59,
    "R": 3.5,
    "A": 3.5,
    "C": 3.9,
    "score": 3.62,
    "readability_feats": {
      "n_words": 1517,
      "n_sents": 179,
      "flesch_reading_ease": 47.44,
      "avg_sentence_len": 8.47,
      "code_block_count": 85,
      "heading_count": 16,
      "passive_hits": 4
    },
    "completeness_sections": {
      "overview": true,
      "install": true,
      "quickstart": true,
      "dev_setup": false,
      "testing": true,
      "contrib": true,
      "coc": false,
      "troubleshooting": false,
      "release": true
    },
    "broken_link_ratio": 0.15,
    "rationale": {
      "readability": "Flesch=47.44 ASL=8.47 code_blocks=85",
      "actuality": "broken_link_ratio=0.15, months_since_push=-0.72",
      "completeness": "sections_present=['contrib', 'install', 'overview', 'quickstart', 'release', 'testing']"
    },
    "run_ts": "2025-10-01T15:09:01.806926+00:00"
  },
  {
    "full_name": "elementary/code",
    "language": "Vala",
    "owner_type": "Org",
    "stars": 498,
    "pushed_at": "2025-09-29T19:55:57+00:00",
    "latest_release_at": "2025-09-07T16:44:08+00:00",
    "bot_like_contribs": 1,
    "human_contribs": 59,
    "R": 3.5,
    "A": 4.0,
    "C": 2.3,
    "score": 3.29,
    "readability_feats": {
      "n_words": 105,
      "n_sents": 25,
      "flesch_reading_ease": 45.46,
      "avg_sentence_len": 4.2,
      "code_block_count": 5,
      "heading_count": 2,
      "passive_hits": 0
    },
    "completeness_sections": {
      "overview": false,
      "install": true,
      "quickstart": false,
      "dev_setup": false,
      "testing": true,
      "contrib": false,
      "coc": false,
      "troubleshooting": false,
      "release": false
    },
    "broken_link_ratio": 0.0,
    "rationale": {
      "readability": "Flesch=45.46 ASL=4.2 code_blocks=5",
      "actuality": "broken_link_ratio=0.0, months_since_push=-0.95",
      "completeness": "sections_present=['install', 'testing']"
    },
    "run_ts": "2025-10-01T15:09:01.806926+00:00"
  }
]