[
  {
    "full_name": "dmarkham/enumer",
    "language": "Go",
    "owner_type": "User",
    "stars": 496,
    "pushed_at": "2025-08-17T16:22:48+00:00",
    "latest_release_at": "2025-08-17T16:20:09+00:00",
    "bot_like_contribs": 0,
    "human_contribs": 31,
    "R": 3.5,
    "A": 4.0,
    "C": 1.9,
    "score": 3.17,
    "readability_feats": {
      "n_words": 1408,
      "n_sents": 130,
      "flesch_reading_ease": 55.72,
      "avg_sentence_len": 10.83,
      "code_block_count": 39,
      "heading_count": 7,
      "passive_hits": 28
    },
    "completeness_sections": {
      "overview": false,
      "install": false,
      "quickstart": false,
      "dev_setup": false,
      "testing": false,
      "contrib": false,
      "coc": false,
      "troubleshooting": false,
      "release": true
    },
    "broken_link_ratio": 0.071,
    "rationale": {
      "readability": "Flesch=55.72 ASL=10.83 code_blocks=39",
      "actuality": "broken_link_ratio=0.071, months_since_push=0.46",
      "completeness": "sections_present=['release']"
    },
    "run_ts": "2025-10-01T14:08:14.959246+00:00"
  },
  {
    "full_name": "drwl/annotaterb",
    "language": "Ruby",
    "owner_type": "User",
    "stars": 499,
    "pushed_at": "2025-09-24T03:35:38+00:00",
    "latest_release_at": null,
    "bot_like_contribs": 2,
    "human_contribs": 58,
    "R": 3.5,
    "A": 4.0,
    "C": 3.1,
    "score": 3.53,
    "readability_feats": {
      "n_words": 1394,
      "n_sents": 86,
      "flesch_reading_ease": 31.68,
      "avg_sentence_len": 16.21,
      "code_block_count": 81,
      "heading_count": 25,
      "passive_hits": 8
    },
    "completeness_sections": {
      "overview": true,
      "install": true,
      "quickstart": false,
      "dev_setup": false,
      "testing": true,
      "contrib": true,
      "coc": false,
      "troubleshooting": false,
      "release": false
    },
    "broken_link_ratio": 0.0,
    "rationale": {
      "readability": "Flesch=31.68 ASL=16.21 code_blocks=81",
      "actuality": "broken_link_ratio=0.0, months_since_push=-0.79",
      "completeness": "sections_present=['contrib', 'install', 'overview', 'testing']"
    },
    "run_ts": "2025-10-01T14:08:14.959246+00:00"
  },
  {
    "full_name": "rstudio/hex-stickers",
    "language": "R",
    "owner_type": "Org",
    "stars": 497,
    "pushed_at": "2025-09-22T21:23:11+00:00",
    "latest_release_at": null,
    "bot_like_contribs": 0,
    "human_contribs": 34,
    "R": 4.0,
    "A": 4.0,
    "C": 1.5,
    "score": 3.25,
    "readability_feats": {
      "n_words": 4910,
      "n_sents": 735,
      "flesch_reading_ease": 98.28,
      "avg_sentence_len": 6.68,
      "code_block_count": 0,
      "heading_count": 2,
      "passive_hits": 2
    },
    "completeness_sections": {
      "overview": false,
      "install": false,
      "quickstart": false,
      "dev_setup": false,
      "testing": false,
      "contrib": false,
      "coc": false,
      "troubleshooting": false,
      "release": false
    },
    "broken_link_ratio": 0.0,
    "rationale": {
      "readability": "Flesch=98.28 ASL=6.68 code_blocks=0",
      "actuality": "broken_link_ratio=0.0, months_since_push=-0.72",
      "completeness": "sections_present=[]"
    },
    "run_ts": "2025-10-01T14:08:14.959246+00:00"
  },
  {
    "full_name": "OE4T/meta-tegra",
    "language": "BitBake",
    "owner_type": "Org",
    "stars": 498,
    "pushed_at": "2025-10-01T12:02:13+00:00",
    "latest_release_at": null,
    "bot_like_contribs": 0,
    "human_contribs": 60,
    "R": 3.0,
    "A": 3.5,
    "C": 3.5,
    "score": 3.3,
    "readability_feats": {
      "n_words": 818,
      "n_sents": 56,
      "flesch_reading_ease": 45.25,
      "avg_sentence_len": 14.61,
      "code_block_count": 0,
      "heading_count": 1,
      "passive_hits": 14
    },
    "completeness_sections": {
      "overview": true,
      "install": true,
      "quickstart": true,
      "dev_setup": false,
      "testing": false,
      "contrib": true,
      "coc": false,
      "troubleshooting": false,
      "release": true
    },
    "broken_link_ratio": 0.375,
    "rationale": {
      "readability": "Flesch=45.25 ASL=14.61 code_blocks=0",
      "actuality": "broken_link_ratio=0.375, months_since_push=-1.02",
      "completeness": "sections_present=['contrib', 'install', 'overview', 'quickstart', 'release']"
    },
    "run_ts": "2025-10-01T14:08:14.959246+00:00"
  },
  {
    "full_name": "runebookai/tome",
    "language": "Svelte",
    "owner_type": "Org",
    "stars": 502,
    "pushed_at": "2025-09-30T20:44:14+00:00",
    "latest_release_at": "2025-09-30T20:35:38+00:00",
    "bot_like_contribs": 0,
    "human_contribs": 5,
    "R": 4.5,
    "A": 3.5,
    "C": 2.7,
    "score": 3.66,
    "readability_feats": {
      "n_words": 874,
      "n_sents": 79,
      "flesch_reading_ease": 65.22,
      "avg_sentence_len": 11.06,
      "code_block_count": 5,
      "heading_count": 11,
      "passive_hits": 0
    },
    "completeness_sections": {
      "overview": false,
      "install": true,
      "quickstart": true,
      "dev_setup": false,
      "testing": false,
      "contrib": false,
      "coc": false,
      "troubleshooting": false,
      "release": true
    },
    "broken_link_ratio": 0.45,
    "rationale": {
      "readability": "Flesch=65.22 ASL=11.06 code_blocks=5",
      "actuality": "broken_link_ratio=0.45, months_since_push=-0.99",
      "completeness": "sections_present=['install', 'quickstart', 'release']"
    },
    "run_ts": "2025-10-01T14:08:14.959246+00:00"
  }
]