[
  {
    "full_name": "mjbots/moteus",
    "language": "C++",
    "owner_type": "Org",
    "stars": 990,
    "pushed_at": "2025-09-30T20:25:10+00:00",
    "latest_release_at": "2025-09-25T21:20:17+00:00",
    "bot_like_contribs": 0,
    "human_contribs": 7,
    "R": 3.5,
    "A": 3.5,
    "C": 3.1,
    "score": 3.38,
    "readability_feats": {
      "n_words": 15612,
      "n_sents": 1278,
      "flesch_reading_ease": 55.13,
      "avg_sentence_len": 12.22,
      "code_block_count": 84,
      "heading_count": 316,
      "passive_hits": 334
    },
    "completeness_sections": {
      "overview": true,
      "install": true,
      "quickstart": true,
      "dev_setup": false,
      "testing": true,
      "contrib": false,
      "coc": false,
      "troubleshooting": false,
      "release": false
    },
    "broken_link_ratio": 0.2,
    "rationale": {
      "readability": "Flesch=55.13 ASL=12.22 code_blocks=84",
      "actuality": "broken_link_ratio=0.2, months_since_push=-0.99",
      "completeness": "sections_present=['install', 'overview', 'quickstart', 'testing']"
    },
    "run_ts": "2025-10-02T15:44:38.026079+00:00"
  },
  {
    "full_name": "microsoft/PythonProgrammingPuzzles",
    "language": "Python",
    "owner_type": "Org",
    "stars": 991,
    "pushed_at": "2024-04-24T05:57:59+00:00",
    "latest_release_at": "2021-11-08T17:40:20+00:00",
    "bot_like_contribs": 2,
    "human_contribs": 6,
    "R": 3.5,
    "A": 2.0,
    "C": 3.5,
    "score": 3.05,
    "readability_feats": {
      "n_words": 2369,
      "n_sents": 206,
      "flesch_reading_ease": 51.82,
      "avg_sentence_len": 11.5,
      "code_block_count": 96,
      "heading_count": 10,
      "passive_hits": 10
    },
    "completeness_sections": {
      "overview": true,
      "install": false,
      "quickstart": false,
      "dev_setup": false,
      "testing": true,
      "contrib": true,
      "coc": true,
      "troubleshooting": true,
      "release": false
    },
    "broken_link_ratio": 0.35,
    "rationale": {
      "readability": "Flesch=51.82 ASL=11.5 code_blocks=96",
      "actuality": "broken_link_ratio=0.35, months_since_push=16.23",
      "completeness": "sections_present=['coc', 'contrib', 'overview', 'testing', 'troubleshooting']"
    },
    "run_ts": "2025-10-02T15:44:38.026079+00:00"
  },
  {
    "full_name": "mongomock/mongomock",
    "language": "Python",
    "owner_type": "Org",
    "stars": 989,
    "pushed_at": "2025-06-30T22:08:28+00:00",
    "latest_release_at": "2024-11-16T11:22:45+00:00",
    "bot_like_contribs": 1,
    "human_contribs": 59,
    "R": 3.5,
    "A": 3.5,
    "C": 3.5,
    "score": 3.5,
    "readability_feats": {
      "n_words": 1531,
      "n_sents": 159,
      "flesch_reading_ease": 52.78,
      "avg_sentence_len": 9.63,
      "code_block_count": 30,
      "heading_count": 0,
      "passive_hits": 11
    },
    "completeness_sections": {
      "overview": true,
      "install": true,
      "quickstart": false,
      "dev_setup": false,
      "testing": true,
      "contrib": true,
      "coc": false,
      "troubleshooting": false,
      "release": true
    },
    "broken_link_ratio": 0.45,
    "rationale": {
      "readability": "Flesch=52.78 ASL=9.63 code_blocks=30",
      "actuality": "broken_link_ratio=0.45, months_since_push=2.04",
      "completeness": "sections_present=['contrib', 'install', 'overview', 'release', 'testing']"
    },
    "run_ts": "2025-10-02T15:44:38.026079+00:00"
  },
  {
    "full_name": "synth-inc/onit",
    "language": "Swift",
    "owner_type": "Org",
    "stars": 1000,
    "pushed_at": "2025-08-19T16:55:32+00:00",
    "latest_release_at": "2025-07-26T00:05:26+00:00",
    "bot_like_contribs": 2,
    "human_contribs": 6,
    "R": 3.0,
    "A": 3.5,
    "C": 3.5,
    "score": 3.3,
    "readability_feats": {
      "n_words": 739,
      "n_sents": 86,
      "flesch_reading_ease": 55.01,
      "avg_sentence_len": 8.59,
      "code_block_count": 0,
      "heading_count": 14,
      "passive_hits": 5
    },
    "completeness_sections": {
      "overview": true,
      "install": true,
      "quickstart": true,
      "dev_setup": true,
      "testing": false,
      "contrib": false,
      "coc": false,
      "troubleshooting": true,
      "release": false
    },
    "broken_link_ratio": 0.556,
    "rationale": {
      "readability": "Flesch=55.01 ASL=8.59 code_blocks=0",
      "actuality": "broken_link_ratio=0.556, months_since_push=0.39",
      "completeness": "sections_present=['dev_setup', 'install', 'overview', 'quickstart', 'troubleshooting']"
    },
    "run_ts": "2025-10-02T15:44:38.026079+00:00"
  },
  {
    "full_name": "v8/v8.dev",
    "language": "JavaScript",
    "owner_type": "Org",
    "stars": 989,
    "pushed_at": "2025-09-15T08:19:13+00:00",
    "latest_release_at": null,
    "bot_like_contribs": 0,
    "human_contribs": 60,
    "R": 4.0,
    "A": 4.0,
    "C": 2.7,
    "score": 3.61,
    "readability_feats": {
      "n_words": 274,
      "n_sents": 38,
      "flesch_reading_ease": 70.46,
      "avg_sentence_len": 7.21,
      "code_block_count": 0,
      "heading_count": 5,
      "passive_hits": 1
    },
    "completeness_sections": {
      "overview": true,
      "install": true,
      "quickstart": false,
      "dev_setup": false,
      "testing": false,
      "contrib": true,
      "coc": false,
      "troubleshooting": false,
      "release": false
    },
    "broken_link_ratio": 0.0,
    "rationale": {
      "readability": "Flesch=70.46 ASL=7.21 code_blocks=0",
      "actuality": "broken_link_ratio=0.0, months_since_push=-0.49",
      "completeness": "sections_present=['contrib', 'install', 'overview']"
    },
    "run_ts": "2025-10-02T15:44:38.026079+00:00"
  }
]