[
  {
    "full_name": "FabricMC/Enigma",
    "language": "Java",
    "owner_type": "Org",
    "stars": 499,
    "pushed_at": "2025-09-17T16:23:14+00:00",
    "latest_release_at": null,
    "bot_like_contribs": 0,
    "human_contribs": 45,
    "R": 3.0,
    "A": 3.5,
    "C": 1.5,
    "score": 2.7,
    "readability_feats": {
      "n_words": 138,
      "n_sents": 28,
      "flesch_reading_ease": 49.8,
      "avg_sentence_len": 4.93,
      "code_block_count": 0,
      "heading_count": 5,
      "passive_hits": 1
    },
    "completeness_sections": {
      "overview": false,
      "install": false,
      "quickstart": false,
      "dev_setup": false,
      "testing": false,
      "contrib": false,
      "coc": false,
      "troubleshooting": false,
      "release": false
    },
    "broken_link_ratio": 0.182,
    "rationale": {
      "readability": "Flesch=49.8 ASL=4.93 code_blocks=0",
      "actuality": "broken_link_ratio=0.182, months_since_push=-0.56",
      "completeness": "sections_present=[]"
    },
    "run_ts": "2025-10-01T17:36:33.794942+00:00"
  },
  {
    "full_name": "Simple-Robotics/proxsuite",
    "language": "C++",
    "owner_type": "Org",
    "stars": 499,
    "pushed_at": "2025-10-01T17:29:22+00:00",
    "latest_release_at": "2025-03-12T14:46:47+00:00",
    "bot_like_contribs": 2,
    "human_contribs": 18,
    "R": 3.5,
    "A": 3.5,
    "C": 3.5,
    "score": 3.5,
    "readability_feats": {
      "n_words": 1648,
      "n_sents": 154,
      "flesch_reading_ease": 49.16,
      "avg_sentence_len": 10.7,
      "code_block_count": 5,
      "heading_count": 16,
      "passive_hits": 12
    },
    "completeness_sections": {
      "overview": true,
      "install": true,
      "quickstart": true,
      "dev_setup": false,
      "testing": true,
      "contrib": false,
      "coc": false,
      "troubleshooting": false,
      "release": true
    },
    "broken_link_ratio": 0.2,
    "rationale": {
      "readability": "Flesch=49.16 ASL=10.7 code_blocks=5",
      "actuality": "broken_link_ratio=0.2, months_since_push=-1.02",
      "completeness": "sections_present=['install', 'overview', 'quickstart', 'release', 'testing']"
    },
    "run_ts": "2025-10-01T17:36:33.794942+00:00"
  },
  {
    "full_name": "AppImageCommunity/awesome-appimage",
    "language": null,
    "owner_type": "Org",
    "stars": 500,
    "pushed_at": "2025-06-02T20:29:29+00:00",
    "latest_release_at": null,
    "bot_like_contribs": 0,
    "human_contribs": 11,
    "R": 3.0,
    "A": 3.5,
    "C": 3.9,
    "score": 3.42,
    "readability_feats": {
      "n_words": 3364,
      "n_sents": 415,
      "flesch_reading_ease": 22.92,
      "avg_sentence_len": 8.11,
      "code_block_count": 0,
      "heading_count": 45,
      "passive_hits": 9
    },
    "completeness_sections": {
      "overview": true,
      "install": true,
      "quickstart": true,
      "dev_setup": false,
      "testing": true,
      "contrib": true,
      "coc": true,
      "troubleshooting": false,
      "release": false
    },
    "broken_link_ratio": 0.25,
    "rationale": {
      "readability": "Flesch=22.92 ASL=8.11 code_blocks=0",
      "actuality": "broken_link_ratio=0.25, months_since_push=2.96",
      "completeness": "sections_present=['coc', 'contrib', 'install', 'overview', 'quickstart', 'testing']"
    },
    "run_ts": "2025-10-01T17:36:33.794942+00:00"
  },
  {
    "full_name": "JuliaDebug/Debugger.jl",
    "language": "Julia",
    "owner_type": "Org",
    "stars": 498,
    "pushed_at": "2025-08-06T18:51:42+00:00",
    "latest_release_at": "2023-01-06T12:02:12+00:00",
    "bot_like_contribs": 3,
    "human_contribs": 23,
    "R": 4.5,
    "A": 3.0,
    "C": 2.3,
    "score": 3.39,
    "readability_feats": {
      "n_words": 1339,
      "n_sents": 77,
      "flesch_reading_ease": 65.92,
      "avg_sentence_len": 17.39,
      "code_block_count": 30,
      "heading_count": 10,
      "passive_hits": 10
    },
    "completeness_sections": {
      "overview": true,
      "install": true,
      "quickstart": false,
      "dev_setup": false,
      "testing": false,
      "contrib": false,
      "coc": false,
      "troubleshooting": false,
      "release": false
    },
    "broken_link_ratio": 0.125,
    "rationale": {
      "readability": "Flesch=65.92 ASL=17.39 code_blocks=30",
      "actuality": "broken_link_ratio=0.125, months_since_push=0.82",
      "completeness": "sections_present=['install', 'overview']"
    },
    "run_ts": "2025-10-01T17:36:33.794942+00:00"
  },
  {
    "full_name": "scikit-image/skimage-tutorials",
    "language": "Jupyter Notebook",
    "owner_type": "Org",
    "stars": 496,
    "pushed_at": "2022-10-25T21:34:39+00:00",
    "latest_release_at": null,
    "bot_like_contribs": 0,
    "human_contribs": 16,
    "R": 3.0,
    "A": 2.5,
    "C": 2.3,
    "score": 2.64,
    "readability_feats": {
      "n_words": 273,
      "n_sents": 29,
      "flesch_reading_ease": 48.53,
      "avg_sentence_len": 9.41,
      "code_block_count": 0,
      "heading_count": 0,
      "passive_hits": 1
    },
    "completeness_sections": {
      "overview": false,
      "install": true,
      "quickstart": false,
      "dev_setup": false,
      "testing": false,
      "contrib": true,
      "coc": false,
      "troubleshooting": false,
      "release": false
    },
    "broken_link_ratio": 0.429,
    "rationale": {
      "readability": "Flesch=48.53 ASL=9.41 code_blocks=0",
      "actuality": "broken_link_ratio=0.429, months_since_push=34.2",
      "completeness": "sections_present=['contrib', 'install']"
    },
    "run_ts": "2025-10-01T17:36:33.794942+00:00"
  }
]